Filename,True_Label,Predicted_Label,ResNet34_NoSkip_class0_prob,ResNet34_NoSkip_class1_prob
/data/Zeyu/Pooling/cat_dog_data/test_set/test_set/cats/cat.4001.jpg,0,0,0.99999857,1.3799109e-06
/data/Zeyu/Pooling/cat_dog_data/test_set/test_set/cats/cat.4002.jpg,0,0,0.9999752,2.484958e-05
/data/Zeyu/Pooling/cat_dog_data/test_set/test_set/cats/cat.4003.jpg,0,0,0.9999995,4.3325394e-07
/data/Zeyu/Pooling/cat_dog_data/test_set/test_set/cats/cat.4004.jpg,0,0,0.9997882,0.00021178901
/data/Zeyu/Pooling/cat_dog_data/test_set/test_set/cats/cat.4005.jpg,0,0,0.9999387,6.122046e-05
/data/Zeyu/Pooling/cat_dog_data/test_set/test_set/cats/cat.4006.jpg,0,0,0.99927837,0.0007216697
/data/Zeyu/Pooling/cat_dog_data/test_set/test_set/cats/cat.4007.jpg,0,0,0.999908,9.202048e-05
/data/Zeyu/Pooling/cat_dog_data/test_set/test_set/cats/cat.4008.jpg,0,0,0.8619182,0.13806845
/data/Zeyu/Pooling/cat_dog_data/test_set/test_set/cats/cat.4009.jpg,0,0,0.9970999,0.0029001709
/data/Zeyu/Pooling/cat_dog_data/test_set/test_set/cats/cat.4010.jpg,0,0,0.9997155,0.0002844778
/data/Zeyu/Pooling/cat_dog_data/test_set/test_set/cats/cat.4011.jpg,0,0,0.9997652,0.00023477807
/data/Zeyu/Pooling/cat_dog_data/test_set/test_set/cats/cat.4012.jpg,0,0,0.9998273,0.00017271082
/data/Zeyu/Pooling/cat_dog_data/test_set/test_set/cats/cat.4013.jpg,0,0,0.9999703,2.9629931e-05
/data/Zeyu/Pooling/cat_dog_data/test_set/test_set/cats/cat.4014.jpg,0,0,0.9999845,1.5490283e-05
/data/Zeyu/Pooling/cat_dog_data/test_set/test_set/cats/cat.4015.jpg,0,0,0.9999808,1.9237219e-05
/data/Zeyu/Pooling/cat_dog_data/test_set/test_set/cats/cat.4016.jpg,0,0,0.99989724,0.00010275918
/data/Zeyu/Pooling/cat_dog_data/test_set/test_set/cats/cat.4017.jpg,0,0,0.99969447,0.00030554784
/data/Zeyu/Pooling/cat_dog_data/test_set/test_set/cats/cat.4018.jpg,0,0,0.9999039,9.604296e-05
/data/Zeyu/Pooling/cat_dog_data/test_set/test_set/cats/cat.4019.jpg,0,0,0.99999416,5.82475e-06
/data/Zeyu/Pooling/cat_dog_data/test_set/test_set/cats/cat.4020.jpg,0,0,0.9999565,4.3546013e-05
/data/Zeyu/Pooling/cat_dog_data/test_set/test_set/cats/cat.4021.jpg,0,0,0.99995553,4.4522385e-05
/data/Zeyu/Pooling/cat_dog_data/test_set/test_set/cats/cat.4022.jpg,0,0,0.99994123,5.8786645e-05
/data/Zeyu/Pooling/cat_dog_data/test_set/test_set/cats/cat.4023.jpg,0,0,0.99992526,7.469186e-05
/data/Zeyu/Pooling/cat_dog_data/test_set/test_set/cats/cat.4024.jpg,0,0,0.99997985,2.0164529e-05
/data/Zeyu/Pooling/cat_dog_data/test_set/test_set/cats/cat.4025.jpg,0,0,0.9998902,0.00010978178
/data/Zeyu/Pooling/cat_dog_data/test_set/test_set/cats/cat.4026.jpg,0,0,0.99991024,8.970482e-05
/data/Zeyu/Pooling/cat_dog_data/test_set/test_set/cats/cat.4027.jpg,0,0,0.99995184,4.816461e-05
/data/Zeyu/Pooling/cat_dog_data/test_set/test_set/cats/cat.4028.jpg,0,0,0.9822397,0.017760146
/data/Zeyu/Pooling/cat_dog_data/test_set/test_set/cats/cat.4029.jpg,0,0,0.99996567,3.4382214e-05
/data/Zeyu/Pooling/cat_dog_data/test_set/test_set/cats/cat.4030.jpg,0,0,0.9999926,7.3433876e-06
/data/Zeyu/Pooling/cat_dog_data/test_set/test_set/cats/cat.4031.jpg,0,1,0.0063363393,0.99366367
/data/Zeyu/Pooling/cat_dog_data/test_set/test_set/cats/cat.4032.jpg,0,0,0.9999918,8.174527e-06
/data/Zeyu/Pooling/cat_dog_data/test_set/test_set/cats/cat.4033.jpg,0,0,0.9999006,9.9420475e-05
/data/Zeyu/Pooling/cat_dog_data/test_set/test_set/cats/cat.4034.jpg,0,0,0.99997723,2.2744856e-05
/data/Zeyu/Pooling/cat_dog_data/test_set/test_set/cats/cat.4035.jpg,0,0,0.99965143,0.00034851616
/data/Zeyu/Pooling/cat_dog_data/test_set/test_set/cats/cat.4036.jpg,0,0,0.9998355,0.00016446483
/data/Zeyu/Pooling/cat_dog_data/test_set/test_set/cats/cat.4037.jpg,0,0,0.9999132,8.683022e-05
/data/Zeyu/Pooling/cat_dog_data/test_set/test_set/cats/cat.4038.jpg,0,0,0.9998357,0.00016424825
/data/Zeyu/Pooling/cat_dog_data/test_set/test_set/cats/cat.4039.jpg,0,0,0.9998568,0.0001432081
/data/Zeyu/Pooling/cat_dog_data/test_set/test_set/cats/cat.4040.jpg,0,0,0.999995,4.9623745e-06
/data/Zeyu/Pooling/cat_dog_data/test_set/test_set/cats/cat.4041.jpg,0,0,0.99999404,5.994318e-06
/data/Zeyu/Pooling/cat_dog_data/test_set/test_set/cats/cat.4042.jpg,0,1,0.0051323967,0.99486756
/data/Zeyu/Pooling/cat_dog_data/test_set/test_set/cats/cat.4043.jpg,0,0,0.9999893,1.0751685e-05
/data/Zeyu/Pooling/cat_dog_data/test_set/test_set/cats/cat.4044.jpg,0,0,0.9995042,0.00049579557
/data/Zeyu/Pooling/cat_dog_data/test_set/test_set/cats/cat.4045.jpg,0,0,0.9999883,1.1628294e-05
/data/Zeyu/Pooling/cat_dog_data/test_set/test_set/cats/cat.4046.jpg,0,0,0.99991834,8.166327e-05
/data/Zeyu/Pooling/cat_dog_data/test_set/test_set/cats/cat.4047.jpg,0,0,0.99457896,0.005421071
/data/Zeyu/Pooling/cat_dog_data/test_set/test_set/cats/cat.4048.jpg,0,0,0.99998856,1.1388691e-05
/data/Zeyu/Pooling/cat_dog_data/test_set/test_set/cats/cat.4049.jpg,0,0,0.99992025,7.975755e-05
/data/Zeyu/Pooling/cat_dog_data/test_set/test_set/cats/cat.4050.jpg,0,0,0.99994016,5.988079e-05
/data/Zeyu/Pooling/cat_dog_data/test_set/test_set/cats/cat.4051.jpg,0,0,0.99995494,4.5062043e-05
/data/Zeyu/Pooling/cat_dog_data/test_set/test_set/cats/cat.4052.jpg,0,0,0.9999969,3.0902606e-06
/data/Zeyu/Pooling/cat_dog_data/test_set/test_set/cats/cat.4053.jpg,0,0,0.8713343,0.12866542
/data/Zeyu/Pooling/cat_dog_data/test_set/test_set/cats/cat.4054.jpg,0,0,0.9999608,3.9258597e-05
/data/Zeyu/Pooling/cat_dog_data/test_set/test_set/cats/cat.4055.jpg,0,0,0.9999987,1.2814814e-06
/data/Zeyu/Pooling/cat_dog_data/test_set/test_set/cats/cat.4056.jpg,0,0,0.9930391,0.0069607445
/data/Zeyu/Pooling/cat_dog_data/test_set/test_set/cats/cat.4057.jpg,0,0,0.9999403,5.9703405e-05
/data/Zeyu/Pooling/cat_dog_data/test_set/test_set/cats/cat.4058.jpg,0,0,0.9949733,0.0050266325
/data/Zeyu/Pooling/cat_dog_data/test_set/test_set/cats/cat.4059.jpg,0,0,0.9997447,0.00025531978
/data/Zeyu/Pooling/cat_dog_data/test_set/test_set/cats/cat.4060.jpg,0,0,0.9999871,1.292262e-05
/data/Zeyu/Pooling/cat_dog_data/test_set/test_set/cats/cat.4061.jpg,0,0,0.9999831,1.6871896e-05
/data/Zeyu/Pooling/cat_dog_data/test_set/test_set/cats/cat.4062.jpg,0,0,0.99999976,1.9003923e-07
/data/Zeyu/Pooling/cat_dog_data/test_set/test_set/cats/cat.4063.jpg,0,0,0.9999362,6.375772e-05
/data/Zeyu/Pooling/cat_dog_data/test_set/test_set/cats/cat.4064.jpg,0,0,0.99987924,0.00012079215
/data/Zeyu/Pooling/cat_dog_data/test_set/test_set/cats/cat.4065.jpg,0,0,0.9999343,6.568469e-05
/data/Zeyu/Pooling/cat_dog_data/test_set/test_set/cats/cat.4066.jpg,0,0,0.99915934,0.0008406225
/data/Zeyu/Pooling/cat_dog_data/test_set/test_set/cats/cat.4067.jpg,0,0,0.9999987,1.3029249e-06
/data/Zeyu/Pooling/cat_dog_data/test_set/test_set/cats/cat.4068.jpg,0,0,1.0,4.0873744e-09
/data/Zeyu/Pooling/cat_dog_data/test_set/test_set/cats/cat.4069.jpg,0,0,0.9996679,0.00033214447
/data/Zeyu/Pooling/cat_dog_data/test_set/test_set/cats/cat.4070.jpg,0,0,0.99996734,3.2607066e-05
/data/Zeyu/Pooling/cat_dog_data/test_set/test_set/cats/cat.4071.jpg,0,0,0.999966,3.398315e-05
/data/Zeyu/Pooling/cat_dog_data/test_set/test_set/cats/cat.4072.jpg,0,1,7.901958e-05,0.99992096
/data/Zeyu/Pooling/cat_dog_data/test_set/test_set/cats/cat.4073.jpg,0,0,0.86647063,0.13352893
/data/Zeyu/Pooling/cat_dog_data/test_set/test_set/cats/cat.4074.jpg,0,0,0.9999856,1.4442169e-05
/data/Zeyu/Pooling/cat_dog_data/test_set/test_set/cats/cat.4075.jpg,0,0,0.99979454,0.00020548931
/data/Zeyu/Pooling/cat_dog_data/test_set/test_set/cats/cat.4076.jpg,0,0,0.8915259,0.108472824
/data/Zeyu/Pooling/cat_dog_data/test_set/test_set/cats/cat.4077.jpg,0,0,0.9999502,4.982707e-05
/data/Zeyu/Pooling/cat_dog_data/test_set/test_set/cats/cat.4078.jpg,0,0,0.9999896,1.032485e-05
/data/Zeyu/Pooling/cat_dog_data/test_set/test_set/cats/cat.4079.jpg,0,0,0.9999771,2.292849e-05
/data/Zeyu/Pooling/cat_dog_data/test_set/test_set/cats/cat.4080.jpg,0,0,0.9999751,2.4856972e-05
/data/Zeyu/Pooling/cat_dog_data/test_set/test_set/cats/cat.4081.jpg,0,0,0.9999511,4.888971e-05
/data/Zeyu/Pooling/cat_dog_data/test_set/test_set/cats/cat.4082.jpg,0,0,0.9990264,0.000973593
/data/Zeyu/Pooling/cat_dog_data/test_set/test_set/cats/cat.4083.jpg,0,0,0.99999464,5.3889735e-06
/data/Zeyu/Pooling/cat_dog_data/test_set/test_set/cats/cat.4084.jpg,0,0,0.99996436,3.569476e-05
/data/Zeyu/Pooling/cat_dog_data/test_set/test_set/cats/cat.4085.jpg,0,1,2.799308e-05,0.999972
/data/Zeyu/Pooling/cat_dog_data/test_set/test_set/cats/cat.4086.jpg,0,0,0.99988496,0.00011501396
/data/Zeyu/Pooling/cat_dog_data/test_set/test_set/cats/cat.4087.jpg,0,0,0.99970764,0.00029229015
/data/Zeyu/Pooling/cat_dog_data/test_set/test_set/cats/cat.4088.jpg,0,0,0.9999894,1.0636707e-05
/data/Zeyu/Pooling/cat_dog_data/test_set/test_set/cats/cat.4089.jpg,0,0,0.9998042,0.00019579116
/data/Zeyu/Pooling/cat_dog_data/test_set/test_set/cats/cat.4090.jpg,0,0,0.99984956,0.00015043683
/data/Zeyu/Pooling/cat_dog_data/test_set/test_set/cats/cat.4091.jpg,0,0,0.9999671,3.292623e-05
/data/Zeyu/Pooling/cat_dog_data/test_set/test_set/cats/cat.4092.jpg,0,0,0.99995565,4.437153e-05
/data/Zeyu/Pooling/cat_dog_data/test_set/test_set/cats/cat.4093.jpg,0,0,0.9999666,3.343532e-05
/data/Zeyu/Pooling/cat_dog_data/test_set/test_set/cats/cat.4094.jpg,0,0,0.9999416,5.845766e-05
/data/Zeyu/Pooling/cat_dog_data/test_set/test_set/cats/cat.4095.jpg,0,0,0.99999297,7.017718e-06
/data/Zeyu/Pooling/cat_dog_data/test_set/test_set/cats/cat.4096.jpg,0,0,0.99998,2.000654e-05
/data/Zeyu/Pooling/cat_dog_data/test_set/test_set/cats/cat.4097.jpg,0,0,0.9999578,4.219306e-05
/data/Zeyu/Pooling/cat_dog_data/test_set/test_set/cats/cat.4098.jpg,0,0,0.9997675,0.0002325684
/data/Zeyu/Pooling/cat_dog_data/test_set/test_set/cats/cat.4099.jpg,0,0,0.99996495,3.5028632e-05
/data/Zeyu/Pooling/cat_dog_data/test_set/test_set/cats/cat.4100.jpg,0,0,0.99986625,0.00013371703
/data/Zeyu/Pooling/cat_dog_data/test_set/test_set/cats/cat.4101.jpg,0,0,0.99995995,4.0090526e-05
/data/Zeyu/Pooling/cat_dog_data/test_set/test_set/cats/cat.4102.jpg,0,0,0.99994314,5.6835564e-05
/data/Zeyu/Pooling/cat_dog_data/test_set/test_set/cats/cat.4103.jpg,0,0,0.999977,2.2969349e-05
/data/Zeyu/Pooling/cat_dog_data/test_set/test_set/cats/cat.4104.jpg,0,1,0.02767462,0.97232515
/data/Zeyu/Pooling/cat_dog_data/test_set/test_set/cats/cat.4105.jpg,0,0,0.99698883,0.003011165
/data/Zeyu/Pooling/cat_dog_data/test_set/test_set/cats/cat.4106.jpg,0,0,0.99997103,2.8951858e-05
/data/Zeyu/Pooling/cat_dog_data/test_set/test_set/cats/cat.4107.jpg,0,0,0.9998449,0.0001550437
/data/Zeyu/Pooling/cat_dog_data/test_set/test_set/cats/cat.4108.jpg,0,0,0.9976043,0.0023950047
/data/Zeyu/Pooling/cat_dog_data/test_set/test_set/cats/cat.4109.jpg,0,0,0.9999831,1.697043e-05
/data/Zeyu/Pooling/cat_dog_data/test_set/test_set/cats/cat.4110.jpg,0,0,0.999987,1.2940266e-05
/data/Zeyu/Pooling/cat_dog_data/test_set/test_set/cats/cat.4111.jpg,0,0,0.9998367,0.00016328976
/data/Zeyu/Pooling/cat_dog_data/test_set/test_set/cats/cat.4112.jpg,0,0,0.999959,4.1014402e-05
/data/Zeyu/Pooling/cat_dog_data/test_set/test_set/cats/cat.4113.jpg,0,0,0.9999871,1.2905317e-05
/data/Zeyu/Pooling/cat_dog_data/test_set/test_set/cats/cat.4114.jpg,0,0,0.9999832,1.6796155e-05
/data/Zeyu/Pooling/cat_dog_data/test_set/test_set/cats/cat.4115.jpg,0,0,0.99999404,6.0139582e-06
/data/Zeyu/Pooling/cat_dog_data/test_set/test_set/cats/cat.4116.jpg,0,0,0.99986243,0.00013760688
/data/Zeyu/Pooling/cat_dog_data/test_set/test_set/cats/cat.4117.jpg,0,0,0.99998605,1.4003912e-05
/data/Zeyu/Pooling/cat_dog_data/test_set/test_set/cats/cat.4118.jpg,0,0,0.99998283,1.7148901e-05
/data/Zeyu/Pooling/cat_dog_data/test_set/test_set/cats/cat.4119.jpg,0,0,0.9999535,4.643178e-05
/data/Zeyu/Pooling/cat_dog_data/test_set/test_set/cats/cat.4120.jpg,0,0,0.9990214,0.0009786205
/data/Zeyu/Pooling/cat_dog_data/test_set/test_set/cats/cat.4121.jpg,0,0,0.99992967,7.035692e-05
/data/Zeyu/Pooling/cat_dog_data/test_set/test_set/cats/cat.4122.jpg,0,0,0.9999838,1.617374e-05
/data/Zeyu/Pooling/cat_dog_data/test_set/test_set/cats/cat.4123.jpg,0,0,0.99997544,2.4497202e-05
/data/Zeyu/Pooling/cat_dog_data/test_set/test_set/cats/cat.4124.jpg,0,0,0.9999999,1.7467127e-07
/data/Zeyu/Pooling/cat_dog_data/test_set/test_set/cats/cat.4125.jpg,0,0,0.756287,0.24349014
/data/Zeyu/Pooling/cat_dog_data/test_set/test_set/cats/cat.4126.jpg,0,0,0.99989724,0.000102731254
/data/Zeyu/Pooling/cat_dog_data/test_set/test_set/cats/cat.4127.jpg,0,0,0.9991235,0.00087654655
/data/Zeyu/Pooling/cat_dog_data/test_set/test_set/cats/cat.4128.jpg,0,0,0.9999877,1.2296649e-05
/data/Zeyu/Pooling/cat_dog_data/test_set/test_set/cats/cat.4001.jpg,0,0,0.9791165,0.02088343
/data/Zeyu/Pooling/cat_dog_data/test_set/test_set/cats/cat.4002.jpg,0,0,0.99994993,5.007038e-05
/data/Zeyu/Pooling/cat_dog_data/test_set/test_set/cats/cat.4003.jpg,0,0,0.99604684,0.0039526937
/data/Zeyu/Pooling/cat_dog_data/test_set/test_set/cats/cat.4004.jpg,0,0,0.9999012,9.878429e-05
/data/Zeyu/Pooling/cat_dog_data/test_set/test_set/cats/cat.4005.jpg,0,0,0.99997663,2.331813e-05
/data/Zeyu/Pooling/cat_dog_data/test_set/test_set/cats/cat.4006.jpg,0,0,0.9999287,7.1315095e-05
/data/Zeyu/Pooling/cat_dog_data/test_set/test_set/cats/cat.4007.jpg,0,0,0.999877,0.00012301347
/data/Zeyu/Pooling/cat_dog_data/test_set/test_set/cats/cat.4008.jpg,0,0,0.99997115,2.8872426e-05
/data/Zeyu/Pooling/cat_dog_data/test_set/test_set/cats/cat.4009.jpg,0,0,0.99957556,0.00042439924
/data/Zeyu/Pooling/cat_dog_data/test_set/test_set/cats/cat.4010.jpg,0,0,0.99984026,0.00015968383
/data/Zeyu/Pooling/cat_dog_data/test_set/test_set/cats/cat.4011.jpg,0,0,0.99999225,7.73024e-06
/data/Zeyu/Pooling/cat_dog_data/test_set/test_set/cats/cat.4012.jpg,0,0,0.5197449,0.48024258
/data/Zeyu/Pooling/cat_dog_data/test_set/test_set/cats/cat.4013.jpg,0,0,0.9999734,2.653613e-05
/data/Zeyu/Pooling/cat_dog_data/test_set/test_set/cats/cat.4014.jpg,0,0,0.9999651,3.487131e-05
/data/Zeyu/Pooling/cat_dog_data/test_set/test_set/cats/cat.4015.jpg,0,0,0.9999651,3.487131e-05
/data/Zeyu/Pooling/cat_dog_data/test_set/test_set/cats/cat.4016.jpg,0,0,0.9994486,0.0005513836
/data/Zeyu/Pooling/cat_dog_data/test_set/test_set/cats/cat.4017.jpg,0,0,0.99948263,0.00051739824
/data/Zeyu/Pooling/cat_dog_data/test_set/test_set/cats/cat.4018.jpg,0,0,0.9999877,1.23052605e-05
/data/Zeyu/Pooling/cat_dog_data/test_set/test_set/cats/cat.4019.jpg,0,0,0.9999857,1.4312641e-05
/data/Zeyu/Pooling/cat_dog_data/test_set/test_set/cats/cat.4020.jpg,0,0,0.9999281,7.184478e-05
/data/Zeyu/Pooling/cat_dog_data/test_set/test_set/cats/cat.4021.jpg,0,0,0.9999999,1.7752114e-07
/data/Zeyu/Pooling/cat_dog_data/test_set/test_set/cats/cat.4022.jpg,0,0,0.89298975,0.107002184
/data/Zeyu/Pooling/cat_dog_data/test_set/test_set/cats/cat.4023.jpg,0,0,0.999979,2.0959576e-05
/data/Zeyu/Pooling/cat_dog_data/test_set/test_set/cats/cat.4024.jpg,0,1,0.0016455319,0.99835455
/data/Zeyu/Pooling/cat_dog_data/test_set/test_set/cats/cat.4025.jpg,0,0,0.9997366,0.00026339776
/data/Zeyu/Pooling/cat_dog_data/test_set/test_set/cats/cat.4026.jpg,0,0,0.9999809,1.9106348e-05
/data/Zeyu/Pooling/cat_dog_data/test_set/test_set/cats/cat.4027.jpg,0,0,0.9879743,0.012025733
/data/Zeyu/Pooling/cat_dog_data/test_set/test_set/cats/cat.4028.jpg,0,0,0.9991472,0.0008527673
/data/Zeyu/Pooling/cat_dog_data/test_set/test_set/cats/cat.4029.jpg,0,1,0.0019478524,0.9980521
/data/Zeyu/Pooling/cat_dog_data/test_set/test_set/cats/cat.4030.jpg,0,1,0.0019478524,0.9980521
/data/Zeyu/Pooling/cat_dog_data/test_set/test_set/cats/cat.4031.jpg,0,0,0.99910575,0.0008942053
/data/Zeyu/Pooling/cat_dog_data/test_set/test_set/cats/cat.4032.jpg,0,0,0.99990773,9.2256385e-05
/data/Zeyu/Pooling/cat_dog_data/test_set/test_set/cats/cat.4033.jpg,0,0,0.9999709,2.9060428e-05
/data/Zeyu/Pooling/cat_dog_data/test_set/test_set/cats/cat.4034.jpg,0,0,0.99998116,1.8780202e-05
/data/Zeyu/Pooling/cat_dog_data/test_set/test_set/cats/cat.4035.jpg,0,0,0.9998216,0.00017844189
/data/Zeyu/Pooling/cat_dog_data/test_set/test_set/cats/cat.4036.jpg,0,0,0.9999937,6.305301e-06
/data/Zeyu/Pooling/cat_dog_data/test_set/test_set/cats/cat.4037.jpg,0,0,0.9999722,2.779965e-05
/data/Zeyu/Pooling/cat_dog_data/test_set/test_set/cats/cat.4038.jpg,0,0,0.9999732,2.68759e-05
/data/Zeyu/Pooling/cat_dog_data/test_set/test_set/cats/cat.4039.jpg,0,0,0.99999523,4.7223875e-06
/data/Zeyu/Pooling/cat_dog_data/test_set/test_set/cats/cat.4040.jpg,0,0,0.9999316,6.8404406e-05
/data/Zeyu/Pooling/cat_dog_data/test_set/test_set/cats/cat.4041.jpg,0,0,0.99998486,1.5080373e-05
/data/Zeyu/Pooling/cat_dog_data/test_set/test_set/cats/cat.4042.jpg,0,0,0.9999864,1.3543994e-05
/data/Zeyu/Pooling/cat_dog_data/test_set/test_set/cats/cat.4043.jpg,0,0,0.9999732,2.6772395e-05
/data/Zeyu/Pooling/cat_dog_data/test_set/test_set/cats/cat.4044.jpg,0,0,0.9999554,4.463385e-05
/data/Zeyu/Pooling/cat_dog_data/test_set/test_set/cats/cat.4045.jpg,0,0,0.99994123,5.8745398e-05
/data/Zeyu/Pooling/cat_dog_data/test_set/test_set/cats/cat.4046.jpg,0,0,0.9999677,3.2300642e-05
/data/Zeyu/Pooling/cat_dog_data/test_set/test_set/cats/cat.4047.jpg,0,0,0.9996207,0.0003793544
/data/Zeyu/Pooling/cat_dog_data/test_set/test_set/cats/cat.4048.jpg,0,0,0.96695745,0.03304206
/data/Zeyu/Pooling/cat_dog_data/test_set/test_set/cats/cat.4049.jpg,0,0,0.99999905,9.62834e-07
/data/Zeyu/Pooling/cat_dog_data/test_set/test_set/cats/cat.4050.jpg,0,0,0.9999558,4.4196313e-05
/data/Zeyu/Pooling/cat_dog_data/test_set/test_set/cats/cat.4051.jpg,0,0,0.9999739,2.609222e-05
/data/Zeyu/Pooling/cat_dog_data/test_set/test_set/cats/cat.4052.jpg,0,0,0.99996936,3.0655036e-05
/data/Zeyu/Pooling/cat_dog_data/test_set/test_set/cats/cat.4053.jpg,0,0,0.99997735,2.2615428e-05
/data/Zeyu/Pooling/cat_dog_data/test_set/test_set/cats/cat.4054.jpg,0,0,0.9999758,2.4181003e-05
/data/Zeyu/Pooling/cat_dog_data/test_set/test_set/cats/cat.4055.jpg,0,0,0.99759656,0.0024034348
/data/Zeyu/Pooling/cat_dog_data/test_set/test_set/cats/cat.4056.jpg,0,0,0.99759656,0.0024034348
/data/Zeyu/Pooling/cat_dog_data/test_set/test_set/cats/cat.4057.jpg,0,0,0.9999943,5.6959448e-06
/data/Zeyu/Pooling/cat_dog_data/test_set/test_set/cats/cat.4058.jpg,0,0,0.99998784,1.2140023e-05
/data/Zeyu/Pooling/cat_dog_data/test_set/test_set/cats/cat.4059.jpg,0,0,0.9999603,3.97101e-05
/data/Zeyu/Pooling/cat_dog_data/test_set/test_set/cats/cat.4060.jpg,0,0,0.9992574,0.00074260694
/data/Zeyu/Pooling/cat_dog_data/test_set/test_set/cats/cat.4061.jpg,0,0,0.9999523,4.7702477e-05
/data/Zeyu/Pooling/cat_dog_data/test_set/test_set/cats/cat.4062.jpg,0,0,0.99819237,0.0018075254
/data/Zeyu/Pooling/cat_dog_data/test_set/test_set/cats/cat.4063.jpg,0,0,0.9999895,1.0448338e-05
/data/Zeyu/Pooling/cat_dog_data/test_set/test_set/cats/cat.4064.jpg,0,0,0.9999968,3.1865225e-06
/data/Zeyu/Pooling/cat_dog_data/test_set/test_set/cats/cat.4065.jpg,0,1,0.031608794,0.9683907
/data/Zeyu/Pooling/cat_dog_data/test_set/test_set/cats/cat.4066.jpg,0,0,0.99996805,3.2001368e-05
/data/Zeyu/Pooling/cat_dog_data/test_set/test_set/cats/cat.4067.jpg,0,0,0.9999566,4.3444976e-05
/data/Zeyu/Pooling/cat_dog_data/test_set/test_set/cats/cat.4068.jpg,0,0,0.9999337,6.63302e-05
/data/Zeyu/Pooling/cat_dog_data/test_set/test_set/cats/cat.4069.jpg,0,0,0.98960334,0.0103959665
/data/Zeyu/Pooling/cat_dog_data/test_set/test_set/cats/cat.4070.jpg,0,0,0.9997894,0.00021060937
/data/Zeyu/Pooling/cat_dog_data/test_set/test_set/cats/cat.4071.jpg,0,0,0.9997894,0.00021060937
/data/Zeyu/Pooling/cat_dog_data/test_set/test_set/cats/cat.4072.jpg,0,0,0.99997735,2.2678107e-05
/data/Zeyu/Pooling/cat_dog_data/test_set/test_set/cats/cat.4073.jpg,0,0,0.99994946,5.0492716e-05
/data/Zeyu/Pooling/cat_dog_data/test_set/test_set/cats/cat.4074.jpg,0,1,0.0011163092,0.99888366
/data/Zeyu/Pooling/cat_dog_data/test_set/test_set/cats/cat.4075.jpg,0,0,0.7297443,0.27025452
/data/Zeyu/Pooling/cat_dog_data/test_set/test_set/cats/cat.4076.jpg,0,0,0.99998546,1.4562604e-05
/data/Zeyu/Pooling/cat_dog_data/test_set/test_set/cats/cat.4077.jpg,0,0,0.99988115,0.00011887908
/data/Zeyu/Pooling/cat_dog_data/test_set/test_set/cats/cat.4078.jpg,0,0,0.9999683,3.1747768e-05
/data/Zeyu/Pooling/cat_dog_data/test_set/test_set/cats/cat.4079.jpg,0,0,0.9998845,0.00011548795
/data/Zeyu/Pooling/cat_dog_data/test_set/test_set/cats/cat.4080.jpg,0,0,0.99996614,3.387301e-05
/data/Zeyu/Pooling/cat_dog_data/test_set/test_set/cats/cat.4081.jpg,0,0,0.9999821,1.786581e-05
/data/Zeyu/Pooling/cat_dog_data/test_set/test_set/cats/cat.4082.jpg,0,0,0.999949,5.097449e-05
/data/Zeyu/Pooling/cat_dog_data/test_set/test_set/cats/cat.4083.jpg,0,1,0.015109632,0.9848904
/data/Zeyu/Pooling/cat_dog_data/test_set/test_set/cats/cat.4084.jpg,0,0,0.999972,2.796618e-05
/data/Zeyu/Pooling/cat_dog_data/test_set/test_set/cats/cat.4085.jpg,0,0,0.99998546,1.4518894e-05
/data/Zeyu/Pooling/cat_dog_data/test_set/test_set/cats/cat.4086.jpg,0,0,0.99997807,2.1890646e-05
/data/Zeyu/Pooling/cat_dog_data/test_set/test_set/cats/cat.4087.jpg,0,1,5.453173e-05,0.9999455
/data/Zeyu/Pooling/cat_dog_data/test_set/test_set/cats/cat.4088.jpg,0,0,0.99992657,7.338993e-05
/data/Zeyu/Pooling/cat_dog_data/test_set/test_set/cats/cat.4089.jpg,0,0,0.9999751,2.4857067e-05
/data/Zeyu/Pooling/cat_dog_data/test_set/test_set/cats/cat.4090.jpg,0,0,0.96709085,0.032908626
/data/Zeyu/Pooling/cat_dog_data/test_set/test_set/cats/cat.4091.jpg,0,0,0.9999702,2.9759714e-05
/data/Zeyu/Pooling/cat_dog_data/test_set/test_set/cats/cat.4092.jpg,0,0,0.9817442,0.018231751
/data/Zeyu/Pooling/cat_dog_data/test_set/test_set/cats/cat.4093.jpg,0,0,0.9999484,5.1632363e-05
/data/Zeyu/Pooling/cat_dog_data/test_set/test_set/cats/cat.4094.jpg,0,1,0.09067832,0.909321
/data/Zeyu/Pooling/cat_dog_data/test_set/test_set/cats/cat.4095.jpg,0,0,0.9999764,2.3597968e-05
/data/Zeyu/Pooling/cat_dog_data/test_set/test_set/cats/cat.4096.jpg,0,1,0.27448606,0.7255107
/data/Zeyu/Pooling/cat_dog_data/test_set/test_set/cats/cat.4097.jpg,0,1,0.27448606,0.7255107
/data/Zeyu/Pooling/cat_dog_data/test_set/test_set/cats/cat.4098.jpg,0,0,0.9995591,0.000440851
/data/Zeyu/Pooling/cat_dog_data/test_set/test_set/cats/cat.4099.jpg,0,0,0.9999863,1.3666228e-05
/data/Zeyu/Pooling/cat_dog_data/test_set/test_set/cats/cat.4100.jpg,0,0,0.9998265,0.00017350129
/data/Zeyu/Pooling/cat_dog_data/test_set/test_set/cats/cat.4101.jpg,0,0,0.9999442,5.584412e-05
/data/Zeyu/Pooling/cat_dog_data/test_set/test_set/cats/cat.4102.jpg,0,0,0.998159,0.0018409569
/data/Zeyu/Pooling/cat_dog_data/test_set/test_set/cats/cat.4103.jpg,0,0,0.9999758,2.420149e-05
/data/Zeyu/Pooling/cat_dog_data/test_set/test_set/cats/cat.4104.jpg,0,1,0.17505579,0.82494336
/data/Zeyu/Pooling/cat_dog_data/test_set/test_set/cats/cat.4105.jpg,0,0,0.9943163,0.00568368
/data/Zeyu/Pooling/cat_dog_data/test_set/test_set/cats/cat.4106.jpg,0,0,0.9999565,4.348601e-05
/data/Zeyu/Pooling/cat_dog_data/test_set/test_set/cats/cat.4107.jpg,0,0,0.999711,0.00028901864
/data/Zeyu/Pooling/cat_dog_data/test_set/test_set/cats/cat.4108.jpg,0,0,0.9999895,1.0510101e-05
/data/Zeyu/Pooling/cat_dog_data/test_set/test_set/cats/cat.4109.jpg,0,0,0.99992025,7.977968e-05
/data/Zeyu/Pooling/cat_dog_data/test_set/test_set/cats/cat.4110.jpg,0,0,0.99997973,2.0207995e-05
/data/Zeyu/Pooling/cat_dog_data/test_set/test_set/cats/cat.4111.jpg,0,1,0.009066717,0.9909333
/data/Zeyu/Pooling/cat_dog_data/test_set/test_set/cats/cat.4112.jpg,0,0,0.9977876,0.002212436
/data/Zeyu/Pooling/cat_dog_data/test_set/test_set/cats/cat.4113.jpg,0,0,0.98420376,0.015795706
/data/Zeyu/Pooling/cat_dog_data/test_set/test_set/cats/cat.4114.jpg,0,0,0.9999689,3.1057276e-05
/data/Zeyu/Pooling/cat_dog_data/test_set/test_set/cats/cat.4115.jpg,0,0,0.9999081,9.19546e-05
/data/Zeyu/Pooling/cat_dog_data/test_set/test_set/cats/cat.4116.jpg,0,0,0.99998295,1.7024131e-05
/data/Zeyu/Pooling/cat_dog_data/test_set/test_set/cats/cat.4117.jpg,0,0,0.9999051,9.4837e-05
/data/Zeyu/Pooling/cat_dog_data/test_set/test_set/cats/cat.4118.jpg,0,0,0.99994755,5.2445812e-05
/data/Zeyu/Pooling/cat_dog_data/test_set/test_set/cats/cat.4119.jpg,0,0,0.9999869,1.3069186e-05
/data/Zeyu/Pooling/cat_dog_data/test_set/test_set/cats/cat.4120.jpg,0,0,0.99995255,4.743583e-05
/data/Zeyu/Pooling/cat_dog_data/test_set/test_set/cats/cat.4121.jpg,0,0,0.999928,7.20322e-05
/data/Zeyu/Pooling/cat_dog_data/test_set/test_set/cats/cat.4122.jpg,0,0,0.9994273,0.0005727046
/data/Zeyu/Pooling/cat_dog_data/test_set/test_set/cats/cat.4123.jpg,0,0,0.9999573,4.2673135e-05
/data/Zeyu/Pooling/cat_dog_data/test_set/test_set/cats/cat.4124.jpg,0,0,0.99977237,0.00022758063
/data/Zeyu/Pooling/cat_dog_data/test_set/test_set/cats/cat.4125.jpg,0,0,0.9999993,7.54546e-07
/data/Zeyu/Pooling/cat_dog_data/test_set/test_set/cats/cat.4126.jpg,0,0,0.99973375,0.0002662572
/data/Zeyu/Pooling/cat_dog_data/test_set/test_set/cats/cat.4127.jpg,0,0,0.99812084,0.0018790207
/data/Zeyu/Pooling/cat_dog_data/test_set/test_set/cats/cat.4128.jpg,0,0,0.99999905,9.5313516e-07
/data/Zeyu/Pooling/cat_dog_data/test_set/test_set/cats/cat.4001.jpg,0,0,0.99997544,2.4592635e-05
/data/Zeyu/Pooling/cat_dog_data/test_set/test_set/cats/cat.4002.jpg,0,0,0.99997056,2.9434961e-05
/data/Zeyu/Pooling/cat_dog_data/test_set/test_set/cats/cat.4003.jpg,0,0,0.9999392,6.0780058e-05
/data/Zeyu/Pooling/cat_dog_data/test_set/test_set/cats/cat.4004.jpg,0,0,0.9999722,2.7732867e-05
/data/Zeyu/Pooling/cat_dog_data/test_set/test_set/cats/cat.4005.jpg,0,0,0.9999776,2.2448687e-05
/data/Zeyu/Pooling/cat_dog_data/test_set/test_set/cats/cat.4006.jpg,0,0,0.9999995,4.27388e-07
/data/Zeyu/Pooling/cat_dog_data/test_set/test_set/cats/cat.4007.jpg,0,0,0.99970406,0.00029596334
/data/Zeyu/Pooling/cat_dog_data/test_set/test_set/cats/cat.4008.jpg,0,0,0.9999721,2.7861806e-05
/data/Zeyu/Pooling/cat_dog_data/test_set/test_set/cats/cat.4009.jpg,0,0,0.9999727,2.732376e-05
/data/Zeyu/Pooling/cat_dog_data/test_set/test_set/cats/cat.4010.jpg,0,0,0.9999565,4.3520107e-05
/data/Zeyu/Pooling/cat_dog_data/test_set/test_set/cats/cat.4011.jpg,0,0,0.9999424,5.7586927e-05
/data/Zeyu/Pooling/cat_dog_data/test_set/test_set/cats/cat.4012.jpg,0,0,0.9999896,1.0364431e-05
/data/Zeyu/Pooling/cat_dog_data/test_set/test_set/cats/cat.4013.jpg,0,0,0.9999603,3.9753104e-05
/data/Zeyu/Pooling/cat_dog_data/test_set/test_set/cats/cat.4014.jpg,0,0,0.9999976,2.42601e-06
/data/Zeyu/Pooling/cat_dog_data/test_set/test_set/cats/cat.4015.jpg,0,0,0.9964056,0.003594124
/data/Zeyu/Pooling/cat_dog_data/test_set/test_set/cats/cat.4016.jpg,0,0,0.99996746,3.2597214e-05
/data/Zeyu/Pooling/cat_dog_data/test_set/test_set/cats/cat.4017.jpg,0,0,0.99993193,6.805118e-05
/data/Zeyu/Pooling/cat_dog_data/test_set/test_set/cats/cat.4018.jpg,0,0,0.9954791,0.0045203264
/data/Zeyu/Pooling/cat_dog_data/test_set/test_set/cats/cat.4019.jpg,0,0,0.99993074,6.9206384e-05
/data/Zeyu/Pooling/cat_dog_data/test_set/test_set/cats/cat.4020.jpg,0,0,0.9999845,1.5494701e-05
/data/Zeyu/Pooling/cat_dog_data/test_set/test_set/cats/cat.4021.jpg,0,0,0.99995136,4.865117e-05
/data/Zeyu/Pooling/cat_dog_data/test_set/test_set/cats/cat.4022.jpg,0,0,0.9999423,5.7697853e-05
/data/Zeyu/Pooling/cat_dog_data/test_set/test_set/cats/cat.4023.jpg,0,0,0.9995017,0.00049827195
/data/Zeyu/Pooling/cat_dog_data/test_set/test_set/cats/cat.4024.jpg,0,0,0.99998975,1.0223656e-05
/data/Zeyu/Pooling/cat_dog_data/test_set/test_set/cats/cat.4025.jpg,0,0,0.999987,1.3002726e-05
/data/Zeyu/Pooling/cat_dog_data/test_set/test_set/cats/cat.4026.jpg,0,0,0.9999492,5.0763225e-05
/data/Zeyu/Pooling/cat_dog_data/test_set/test_set/cats/cat.4027.jpg,0,0,0.99998283,1.7160843e-05
/data/Zeyu/Pooling/cat_dog_data/test_set/test_set/cats/cat.4028.jpg,0,0,0.999997,2.9704015e-06
/data/Zeyu/Pooling/cat_dog_data/test_set/test_set/cats/cat.4029.jpg,0,0,0.99988365,0.00011634014
/data/Zeyu/Pooling/cat_dog_data/test_set/test_set/cats/cat.4030.jpg,0,0,0.99998474,1.5308478e-05
/data/Zeyu/Pooling/cat_dog_data/test_set/test_set/cats/cat.4031.jpg,0,0,0.9999926,7.3395295e-06
/data/Zeyu/Pooling/cat_dog_data/test_set/test_set/cats/cat.4032.jpg,0,1,0.001363987,0.99863595
/data/Zeyu/Pooling/cat_dog_data/test_set/test_set/cats/cat.4033.jpg,0,0,0.9998702,0.00012985886
/data/Zeyu/Pooling/cat_dog_data/test_set/test_set/cats/cat.4034.jpg,0,0,0.99998033,1.9679477e-05
/data/Zeyu/Pooling/cat_dog_data/test_set/test_set/cats/cat.4035.jpg,0,0,0.9999409,5.9082427e-05
/data/Zeyu/Pooling/cat_dog_data/test_set/test_set/cats/cat.4036.jpg,0,0,0.9999597,4.0241473e-05
/data/Zeyu/Pooling/cat_dog_data/test_set/test_set/cats/cat.4037.jpg,0,0,0.9999032,9.678361e-05
/data/Zeyu/Pooling/cat_dog_data/test_set/test_set/cats/cat.4038.jpg,0,0,0.99996436,3.5605757e-05
/data/Zeyu/Pooling/cat_dog_data/test_set/test_set/cats/cat.4039.jpg,0,0,0.99996185,3.8121096e-05
/data/Zeyu/Pooling/cat_dog_data/test_set/test_set/cats/cat.4040.jpg,0,0,0.9999713,2.8693732e-05
/data/Zeyu/Pooling/cat_dog_data/test_set/test_set/cats/cat.4041.jpg,0,0,0.9999753,2.467928e-05
/data/Zeyu/Pooling/cat_dog_data/test_set/test_set/cats/cat.4042.jpg,0,0,0.9999951,4.8290303e-06
/data/Zeyu/Pooling/cat_dog_data/test_set/test_set/cats/cat.4043.jpg,0,0,0.99997854,2.1420052e-05
/data/Zeyu/Pooling/cat_dog_data/test_set/test_set/cats/cat.4044.jpg,0,0,0.9990688,0.00093119004
/data/Zeyu/Pooling/cat_dog_data/test_set/test_set/cats/cat.4045.jpg,0,0,0.9999083,9.1672766e-05
/data/Zeyu/Pooling/cat_dog_data/test_set/test_set/cats/cat.4046.jpg,0,0,0.999892,0.000108038534
/data/Zeyu/Pooling/cat_dog_data/test_set/test_set/cats/cat.4047.jpg,0,0,0.9999262,7.374863e-05
/data/Zeyu/Pooling/cat_dog_data/test_set/test_set/cats/cat.4048.jpg,0,0,0.99998474,1.52570565e-05
/data/Zeyu/Pooling/cat_dog_data/test_set/test_set/cats/cat.4049.jpg,0,0,0.99997056,2.9426625e-05
/data/Zeyu/Pooling/cat_dog_data/test_set/test_set/cats/cat.4050.jpg,0,0,0.99996674,3.3245567e-05
/data/Zeyu/Pooling/cat_dog_data/test_set/test_set/cats/cat.4051.jpg,0,0,0.999977,2.294879e-05
/data/Zeyu/Pooling/cat_dog_data/test_set/test_set/cats/cat.4052.jpg,0,0,0.99999356,6.3898187e-06
/data/Zeyu/Pooling/cat_dog_data/test_set/test_set/cats/cat.4053.jpg,0,0,0.9999846,1.533109e-05
/data/Zeyu/Pooling/cat_dog_data/test_set/test_set/cats/cat.4054.jpg,0,0,0.886629,0.11255416
/data/Zeyu/Pooling/cat_dog_data/test_set/test_set/cats/cat.4055.jpg,0,0,0.9999727,2.7285196e-05
/data/Zeyu/Pooling/cat_dog_data/test_set/test_set/cats/cat.4056.jpg,0,0,0.9999877,1.2290483e-05
/data/Zeyu/Pooling/cat_dog_data/test_set/test_set/cats/cat.4057.jpg,0,0,0.63306886,0.36691806
/data/Zeyu/Pooling/cat_dog_data/test_set/test_set/cats/cat.4058.jpg,0,0,0.9998473,0.00015262593
/data/Zeyu/Pooling/cat_dog_data/test_set/test_set/cats/cat.4059.jpg,0,0,0.9999869,1.3159711e-05
/data/Zeyu/Pooling/cat_dog_data/test_set/test_set/cats/cat.4060.jpg,0,0,0.99943954,0.00056042225
/data/Zeyu/Pooling/cat_dog_data/test_set/test_set/cats/cat.4061.jpg,0,0,0.99996424,3.5745725e-05
/data/Zeyu/Pooling/cat_dog_data/test_set/test_set/cats/cat.4062.jpg,0,0,0.9999752,2.4841358e-05
/data/Zeyu/Pooling/cat_dog_data/test_set/test_set/cats/cat.4063.jpg,0,0,0.9992199,0.00078010955
/data/Zeyu/Pooling/cat_dog_data/test_set/test_set/cats/cat.4064.jpg,0,0,0.9999031,9.6908836e-05
/data/Zeyu/Pooling/cat_dog_data/test_set/test_set/cats/cat.4065.jpg,0,0,0.9999937,6.2608406e-06
/data/Zeyu/Pooling/cat_dog_data/test_set/test_set/cats/cat.4066.jpg,0,0,0.99976164,0.00023836394
/data/Zeyu/Pooling/cat_dog_data/test_set/test_set/cats/cat.4067.jpg,0,0,0.7713318,0.22866735
/data/Zeyu/Pooling/cat_dog_data/test_set/test_set/cats/cat.4068.jpg,0,0,0.9999659,3.4034518e-05
/data/Zeyu/Pooling/cat_dog_data/test_set/test_set/cats/cat.4069.jpg,0,0,0.99973553,0.00026450102
/data/Zeyu/Pooling/cat_dog_data/test_set/test_set/cats/cat.4070.jpg,0,0,0.89338374,0.10661073
/data/Zeyu/Pooling/cat_dog_data/test_set/test_set/cats/cat.4071.jpg,0,0,0.9999993,7.405617e-07
/data/Zeyu/Pooling/cat_dog_data/test_set/test_set/cats/cat.4072.jpg,0,0,0.9999888,1.1223919e-05
/data/Zeyu/Pooling/cat_dog_data/test_set/test_set/cats/cat.4073.jpg,0,0,0.9999894,1.0570027e-05
/data/Zeyu/Pooling/cat_dog_data/test_set/test_set/cats/cat.4074.jpg,0,0,0.99994314,5.6850033e-05
/data/Zeyu/Pooling/cat_dog_data/test_set/test_set/cats/cat.4075.jpg,0,0,0.9999714,2.8583256e-05
/data/Zeyu/Pooling/cat_dog_data/test_set/test_set/cats/cat.4076.jpg,0,0,0.9999924,7.642689e-06
/data/Zeyu/Pooling/cat_dog_data/test_set/test_set/cats/cat.4077.jpg,0,0,0.99996233,3.76987e-05
/data/Zeyu/Pooling/cat_dog_data/test_set/test_set/cats/cat.4078.jpg,0,0,0.99999094,9.027243e-06
/data/Zeyu/Pooling/cat_dog_data/test_set/test_set/cats/cat.4079.jpg,0,0,0.99997103,2.900157e-05
/data/Zeyu/Pooling/cat_dog_data/test_set/test_set/cats/cat.4080.jpg,0,0,0.99925107,0.00074890023
/data/Zeyu/Pooling/cat_dog_data/test_set/test_set/cats/cat.4081.jpg,0,0,0.91732705,0.08266347
/data/Zeyu/Pooling/cat_dog_data/test_set/test_set/cats/cat.4082.jpg,0,0,0.9999602,3.985616e-05
/data/Zeyu/Pooling/cat_dog_data/test_set/test_set/cats/cat.4083.jpg,0,0,0.99991536,8.464791e-05
/data/Zeyu/Pooling/cat_dog_data/test_set/test_set/cats/cat.4084.jpg,0,0,0.99952054,0.0004794327
/data/Zeyu/Pooling/cat_dog_data/test_set/test_set/cats/cat.4085.jpg,0,0,0.9999783,2.1645545e-05
/data/Zeyu/Pooling/cat_dog_data/test_set/test_set/cats/cat.4086.jpg,0,0,0.9999833,1.6730593e-05
/data/Zeyu/Pooling/cat_dog_data/test_set/test_set/cats/cat.4087.jpg,0,1,0.009537594,0.99046236
/data/Zeyu/Pooling/cat_dog_data/test_set/test_set/cats/cat.4088.jpg,0,0,0.9996294,0.00037065434
/data/Zeyu/Pooling/cat_dog_data/test_set/test_set/cats/cat.4089.jpg,0,0,0.99991167,8.8353794e-05
/data/Zeyu/Pooling/cat_dog_data/test_set/test_set/cats/cat.4090.jpg,0,0,0.9998596,0.00014043848
/data/Zeyu/Pooling/cat_dog_data/test_set/test_set/cats/cat.4091.jpg,0,0,0.99997807,2.1923866e-05
/data/Zeyu/Pooling/cat_dog_data/test_set/test_set/cats/cat.4092.jpg,0,0,0.9999336,6.6410255e-05
/data/Zeyu/Pooling/cat_dog_data/test_set/test_set/cats/cat.4093.jpg,0,0,0.999979,2.0947327e-05
/data/Zeyu/Pooling/cat_dog_data/test_set/test_set/cats/cat.4094.jpg,0,0,0.9998412,0.00015873426
/data/Zeyu/Pooling/cat_dog_data/test_set/test_set/cats/cat.4095.jpg,0,1,0.1107775,0.8892046
/data/Zeyu/Pooling/cat_dog_data/test_set/test_set/cats/cat.4096.jpg,0,0,0.9975835,0.0024164866
/data/Zeyu/Pooling/cat_dog_data/test_set/test_set/cats/cat.4097.jpg,0,0,0.99675995,0.0032400275
/data/Zeyu/Pooling/cat_dog_data/test_set/test_set/cats/cat.4098.jpg,0,1,0.15091957,0.8490259
/data/Zeyu/Pooling/cat_dog_data/test_set/test_set/cats/cat.4099.jpg,0,0,0.9999912,8.781909e-06
/data/Zeyu/Pooling/cat_dog_data/test_set/test_set/cats/cat.4100.jpg,0,0,0.999977,2.3055005e-05
/data/Zeyu/Pooling/cat_dog_data/test_set/test_set/cats/cat.4101.jpg,0,0,0.9999887,1.1334764e-05
/data/Zeyu/Pooling/cat_dog_data/test_set/test_set/cats/cat.4102.jpg,0,0,0.9998715,0.00012853071
/data/Zeyu/Pooling/cat_dog_data/test_set/test_set/cats/cat.4103.jpg,0,0,0.9999349,6.5085806e-05
/data/Zeyu/Pooling/cat_dog_data/test_set/test_set/cats/cat.4104.jpg,0,0,0.9999999,1.6915293e-07
/data/Zeyu/Pooling/cat_dog_data/test_set/test_set/cats/cat.4105.jpg,0,0,0.9999502,4.9875565e-05
/data/Zeyu/Pooling/cat_dog_data/test_set/test_set/cats/cat.4106.jpg,0,0,0.9999691,3.0816387e-05
/data/Zeyu/Pooling/cat_dog_data/test_set/test_set/cats/cat.4107.jpg,0,0,0.99987245,0.00012752402
/data/Zeyu/Pooling/cat_dog_data/test_set/test_set/cats/cat.4108.jpg,0,0,0.99996924,3.079242e-05
/data/Zeyu/Pooling/cat_dog_data/test_set/test_set/cats/cat.4109.jpg,0,0,0.5580852,0.44191292
/data/Zeyu/Pooling/cat_dog_data/test_set/test_set/cats/cat.4110.jpg,0,0,0.9999627,3.7298723e-05
/data/Zeyu/Pooling/cat_dog_data/test_set/test_set/cats/cat.4111.jpg,0,0,0.999956,4.4026165e-05
/data/Zeyu/Pooling/cat_dog_data/test_set/test_set/cats/cat.4112.jpg,0,0,0.99984646,0.00015350734
/data/Zeyu/Pooling/cat_dog_data/test_set/test_set/cats/cat.4113.jpg,0,0,0.9998894,0.000110579116
/data/Zeyu/Pooling/cat_dog_data/test_set/test_set/cats/cat.4114.jpg,0,0,0.9999205,7.952295e-05
/data/Zeyu/Pooling/cat_dog_data/test_set/test_set/cats/cat.4115.jpg,0,0,0.9999943,5.7033917e-06
/data/Zeyu/Pooling/cat_dog_data/test_set/test_set/cats/cat.4116.jpg,0,0,0.9999486,5.134958e-05
/data/Zeyu/Pooling/cat_dog_data/test_set/test_set/cats/cat.4117.jpg,0,0,0.9999856,1.4430783e-05
/data/Zeyu/Pooling/cat_dog_data/test_set/test_set/cats/cat.4118.jpg,0,0,0.9999821,1.789333e-05
/data/Zeyu/Pooling/cat_dog_data/test_set/test_set/cats/cat.4119.jpg,0,0,0.9999728,2.7187301e-05
/data/Zeyu/Pooling/cat_dog_data/test_set/test_set/cats/cat.4120.jpg,0,0,0.9999833,1.6747994e-05
/data/Zeyu/Pooling/cat_dog_data/test_set/test_set/cats/cat.4121.jpg,0,0,0.99994385,5.615652e-05
/data/Zeyu/Pooling/cat_dog_data/test_set/test_set/cats/cat.4122.jpg,0,0,0.999997,2.9288656e-06
/data/Zeyu/Pooling/cat_dog_data/test_set/test_set/cats/cat.4123.jpg,0,0,0.99978834,0.0002116713
/data/Zeyu/Pooling/cat_dog_data/test_set/test_set/cats/cat.4124.jpg,0,0,0.9999864,1.3579587e-05
/data/Zeyu/Pooling/cat_dog_data/test_set/test_set/cats/cat.4125.jpg,0,0,0.9999486,5.1396022e-05
/data/Zeyu/Pooling/cat_dog_data/test_set/test_set/cats/cat.4126.jpg,0,0,0.99996805,3.1965403e-05
/data/Zeyu/Pooling/cat_dog_data/test_set/test_set/cats/cat.4127.jpg,0,0,0.99988925,0.00011077553
/data/Zeyu/Pooling/cat_dog_data/test_set/test_set/cats/cat.4128.jpg,0,0,0.99997544,2.4610585e-05
/data/Zeyu/Pooling/cat_dog_data/test_set/test_set/cats/cat.4001.jpg,0,0,0.999905,9.505412e-05
/data/Zeyu/Pooling/cat_dog_data/test_set/test_set/cats/cat.4002.jpg,0,0,0.999964,3.59837e-05
/data/Zeyu/Pooling/cat_dog_data/test_set/test_set/cats/cat.4003.jpg,0,0,0.9999027,9.72713e-05
/data/Zeyu/Pooling/cat_dog_data/test_set/test_set/cats/cat.4004.jpg,0,1,0.26125082,0.73874444
/data/Zeyu/Pooling/cat_dog_data/test_set/test_set/cats/cat.4005.jpg,0,0,0.9999213,7.864251e-05
/data/Zeyu/Pooling/cat_dog_data/test_set/test_set/cats/cat.4006.jpg,0,0,0.99999654,3.4433067e-06
/data/Zeyu/Pooling/cat_dog_data/test_set/test_set/cats/cat.4007.jpg,0,0,0.9999651,3.490222e-05
/data/Zeyu/Pooling/cat_dog_data/test_set/test_set/cats/cat.4008.jpg,0,0,0.9999988,1.2494714e-06
/data/Zeyu/Pooling/cat_dog_data/test_set/test_set/cats/cat.4009.jpg,0,0,0.99997544,2.4531311e-05
/data/Zeyu/Pooling/cat_dog_data/test_set/test_set/cats/cat.4010.jpg,0,0,0.9999491,5.092289e-05
/data/Zeyu/Pooling/cat_dog_data/test_set/test_set/cats/cat.4011.jpg,0,0,0.9864515,0.013548176
/data/Zeyu/Pooling/cat_dog_data/test_set/test_set/cats/cat.4012.jpg,0,0,0.9998857,0.00011427418
/data/Zeyu/Pooling/cat_dog_data/test_set/test_set/cats/cat.4013.jpg,0,0,0.99996746,3.2589815e-05
/data/Zeyu/Pooling/cat_dog_data/test_set/test_set/cats/cat.4014.jpg,0,0,0.999871,0.00012902226
/data/Zeyu/Pooling/cat_dog_data/test_set/test_set/cats/cat.4015.jpg,0,0,0.9998623,0.0001377237
/data/Zeyu/Pooling/cat_dog_data/test_set/test_set/cats/cat.4016.jpg,0,0,1.0,5.14283e-08
/data/Zeyu/Pooling/cat_dog_data/test_set/test_set/cats/cat.4017.jpg,0,0,0.9994338,0.0005661262
/data/Zeyu/Pooling/cat_dog_data/test_set/test_set/cats/cat.4018.jpg,0,0,0.99972147,0.00027848486
/data/Zeyu/Pooling/cat_dog_data/test_set/test_set/cats/cat.4019.jpg,0,0,0.99972147,0.00027848486
/data/Zeyu/Pooling/cat_dog_data/test_set/test_set/cats/cat.4020.jpg,0,0,0.9999962,3.810356e-06
/data/Zeyu/Pooling/cat_dog_data/test_set/test_set/cats/cat.4021.jpg,0,0,0.99999654,3.4144066e-06
/data/Zeyu/Pooling/cat_dog_data/test_set/test_set/cats/cat.4022.jpg,0,0,0.9999888,1.1216257e-05
/data/Zeyu/Pooling/cat_dog_data/test_set/test_set/cats/cat.4023.jpg,0,0,0.9998111,0.00018889036
/data/Zeyu/Pooling/cat_dog_data/test_set/test_set/cats/cat.4024.jpg,0,0,0.999982,1.8034701e-05
/data/Zeyu/Pooling/cat_dog_data/test_set/test_set/cats/cat.4025.jpg,0,0,0.9999943,5.739037e-06
/data/Zeyu/Pooling/cat_dog_data/test_set/test_set/cats/cat.4026.jpg,0,0,0.9550889,0.044911128
/data/Zeyu/Pooling/cat_dog_data/test_set/test_set/cats/cat.4027.jpg,0,1,0.36548796,0.6340248
/data/Zeyu/Pooling/cat_dog_data/test_set/test_set/cats/cat.4028.jpg,0,0,0.99999034,9.656177e-06
/data/Zeyu/Pooling/cat_dog_data/test_set/test_set/cats/cat.4029.jpg,0,0,0.9999659,3.4079534e-05
/data/Zeyu/Pooling/cat_dog_data/test_set/test_set/cats/cat.4030.jpg,0,0,0.9999821,1.7831902e-05
/data/Zeyu/Pooling/cat_dog_data/test_set/test_set/cats/cat.4031.jpg,0,0,0.9999347,6.5342574e-05
/data/Zeyu/Pooling/cat_dog_data/test_set/test_set/cats/cat.4032.jpg,0,0,0.99997437,2.5607798e-05
/data/Zeyu/Pooling/cat_dog_data/test_set/test_set/cats/cat.4033.jpg,0,0,0.99995244,4.7530924e-05
/data/Zeyu/Pooling/cat_dog_data/test_set/test_set/cats/cat.4034.jpg,0,0,0.9999517,4.8231992e-05
/data/Zeyu/Pooling/cat_dog_data/test_set/test_set/cats/cat.4035.jpg,0,0,0.9998337,0.0001662563
/data/Zeyu/Pooling/cat_dog_data/test_set/test_set/cats/cat.4036.jpg,0,0,0.9999982,1.7768335e-06
/data/Zeyu/Pooling/cat_dog_data/test_set/test_set/cats/cat.4037.jpg,0,0,0.9999616,3.8402934e-05
/data/Zeyu/Pooling/cat_dog_data/test_set/test_set/cats/cat.4038.jpg,0,0,0.9998783,0.00012167118
/data/Zeyu/Pooling/cat_dog_data/test_set/test_set/cats/cat.4039.jpg,0,0,0.9999535,4.647196e-05
/data/Zeyu/Pooling/cat_dog_data/test_set/test_set/cats/cat.4040.jpg,0,0,0.9995383,0.0004616967
/data/Zeyu/Pooling/cat_dog_data/test_set/test_set/cats/cat.4041.jpg,0,0,0.9996942,0.00030580693
/data/Zeyu/Pooling/cat_dog_data/test_set/test_set/cats/cat.4042.jpg,0,0,0.9981694,0.0018305742
/data/Zeyu/Pooling/cat_dog_data/test_set/test_set/cats/cat.4043.jpg,0,0,0.99994504,5.4997887e-05
/data/Zeyu/Pooling/cat_dog_data/test_set/test_set/cats/cat.4044.jpg,0,0,0.9999579,4.2074003e-05
/data/Zeyu/Pooling/cat_dog_data/test_set/test_set/cats/cat.4045.jpg,0,0,0.9999608,3.918155e-05
/data/Zeyu/Pooling/cat_dog_data/test_set/test_set/cats/cat.4046.jpg,0,0,0.9998765,0.0001235196
/data/Zeyu/Pooling/cat_dog_data/test_set/test_set/cats/cat.4047.jpg,0,1,0.00023012552,0.99976987
/data/Zeyu/Pooling/cat_dog_data/test_set/test_set/cats/cat.4048.jpg,0,0,0.9998104,0.00018965286
/data/Zeyu/Pooling/cat_dog_data/test_set/test_set/cats/cat.4049.jpg,0,0,0.99998784,1.2190026e-05
/data/Zeyu/Pooling/cat_dog_data/test_set/test_set/cats/cat.4050.jpg,0,0,0.999668,0.00033195803
/data/Zeyu/Pooling/cat_dog_data/test_set/test_set/cats/cat.4051.jpg,0,0,0.9990741,0.0009258302
/data/Zeyu/Pooling/cat_dog_data/test_set/test_set/cats/cat.4052.jpg,0,0,0.9999988,1.1620848e-06
/data/Zeyu/Pooling/cat_dog_data/test_set/test_set/cats/cat.4053.jpg,0,0,0.99996567,3.4338856e-05
/data/Zeyu/Pooling/cat_dog_data/test_set/test_set/cats/cat.4054.jpg,0,0,0.9988739,0.0011261341
/data/Zeyu/Pooling/cat_dog_data/test_set/test_set/cats/cat.4055.jpg,0,0,0.9999565,4.3479915e-05
/data/Zeyu/Pooling/cat_dog_data/test_set/test_set/cats/cat.4056.jpg,0,0,0.99996364,3.6362533e-05
/data/Zeyu/Pooling/cat_dog_data/test_set/test_set/cats/cat.4057.jpg,0,0,0.9999937,6.3429234e-06
/data/Zeyu/Pooling/cat_dog_data/test_set/test_set/cats/cat.4058.jpg,0,0,0.99997234,2.7639295e-05
/data/Zeyu/Pooling/cat_dog_data/test_set/test_set/cats/cat.4059.jpg,0,0,0.99997485,2.515573e-05
/data/Zeyu/Pooling/cat_dog_data/test_set/test_set/cats/cat.4060.jpg,0,0,0.99997056,2.9474033e-05
/data/Zeyu/Pooling/cat_dog_data/test_set/test_set/cats/cat.4061.jpg,0,1,0.00048021803,0.9995198
/data/Zeyu/Pooling/cat_dog_data/test_set/test_set/cats/cat.4062.jpg,0,0,0.999803,0.00019706869
/data/Zeyu/Pooling/cat_dog_data/test_set/test_set/cats/cat.4063.jpg,0,0,0.80803204,0.19196671
/data/Zeyu/Pooling/cat_dog_data/test_set/test_set/cats/cat.4064.jpg,0,0,0.9999906,9.474687e-06
/data/Zeyu/Pooling/cat_dog_data/test_set/test_set/cats/cat.4065.jpg,0,0,0.9997681,0.00023191472
/data/Zeyu/Pooling/cat_dog_data/test_set/test_set/cats/cat.4066.jpg,0,1,0.13849522,0.86150175
/data/Zeyu/Pooling/cat_dog_data/test_set/test_set/cats/cat.4067.jpg,0,0,0.99998856,1.1469708e-05
/data/Zeyu/Pooling/cat_dog_data/test_set/test_set/cats/cat.4068.jpg,0,0,0.9999721,2.7912043e-05
/data/Zeyu/Pooling/cat_dog_data/test_set/test_set/cats/cat.4069.jpg,0,0,0.9998622,0.00013773736
/data/Zeyu/Pooling/cat_dog_data/test_set/test_set/cats/cat.4070.jpg,0,0,0.9999386,6.139955e-05
/data/Zeyu/Pooling/cat_dog_data/test_set/test_set/cats/cat.4071.jpg,0,0,0.99985194,0.00014808594
/data/Zeyu/Pooling/cat_dog_data/test_set/test_set/cats/cat.4072.jpg,0,0,0.9998456,0.00015430525
/data/Zeyu/Pooling/cat_dog_data/test_set/test_set/cats/cat.4073.jpg,0,0,0.99994767,5.227639e-05
/data/Zeyu/Pooling/cat_dog_data/test_set/test_set/cats/cat.4074.jpg,0,0,0.99997485,2.5158368e-05
/data/Zeyu/Pooling/cat_dog_data/test_set/test_set/cats/cat.4075.jpg,0,0,0.9999852,1.4763122e-05
/data/Zeyu/Pooling/cat_dog_data/test_set/test_set/cats/cat.4076.jpg,0,0,0.9999902,9.776012e-06
/data/Zeyu/Pooling/cat_dog_data/test_set/test_set/cats/cat.4077.jpg,0,0,0.96741205,0.032587957
/data/Zeyu/Pooling/cat_dog_data/test_set/test_set/cats/cat.4078.jpg,0,0,0.9999125,8.745996e-05
/data/Zeyu/Pooling/cat_dog_data/test_set/test_set/cats/cat.4079.jpg,0,0,0.8125865,0.187413
/data/Zeyu/Pooling/cat_dog_data/test_set/test_set/cats/cat.4080.jpg,0,0,0.9998872,0.000112708236
/data/Zeyu/Pooling/cat_dog_data/test_set/test_set/cats/cat.4081.jpg,0,0,0.99997866,2.1396332e-05
/data/Zeyu/Pooling/cat_dog_data/test_set/test_set/cats/cat.4082.jpg,0,0,0.99996054,3.945628e-05
/data/Zeyu/Pooling/cat_dog_data/test_set/test_set/cats/cat.4083.jpg,0,0,0.99897325,0.001026746
/data/Zeyu/Pooling/cat_dog_data/test_set/test_set/cats/cat.4084.jpg,0,0,0.9999945,5.5165056e-06
/data/Zeyu/Pooling/cat_dog_data/test_set/test_set/cats/cat.4085.jpg,0,0,0.99998367,1.6313326e-05
/data/Zeyu/Pooling/cat_dog_data/test_set/test_set/cats/cat.4086.jpg,0,0,0.9998066,0.000193477
/data/Zeyu/Pooling/cat_dog_data/test_set/test_set/cats/cat.4087.jpg,0,0,0.9999721,2.793793e-05
/data/Zeyu/Pooling/cat_dog_data/test_set/test_set/cats/cat.4088.jpg,0,0,0.9999825,1.751139e-05
/data/Zeyu/Pooling/cat_dog_data/test_set/test_set/cats/cat.4089.jpg,0,0,0.9925944,0.007405502
/data/Zeyu/Pooling/cat_dog_data/test_set/test_set/cats/cat.4090.jpg,0,0,0.9999887,1.1312432e-05
/data/Zeyu/Pooling/cat_dog_data/test_set/test_set/cats/cat.4091.jpg,0,0,0.999969,3.102096e-05
/data/Zeyu/Pooling/cat_dog_data/test_set/test_set/cats/cat.4092.jpg,0,0,0.9972609,0.0027390409
/data/Zeyu/Pooling/cat_dog_data/test_set/test_set/cats/cat.4093.jpg,0,0,1.0,2.4708111e-08
/data/Zeyu/Pooling/cat_dog_data/test_set/test_set/cats/cat.4094.jpg,0,0,0.9999671,3.2852586e-05
/data/Zeyu/Pooling/cat_dog_data/test_set/test_set/cats/cat.4095.jpg,0,0,0.9999056,9.435314e-05
/data/Zeyu/Pooling/cat_dog_data/test_set/test_set/cats/cat.4096.jpg,0,0,0.99990046,9.950299e-05
/data/Zeyu/Pooling/cat_dog_data/test_set/test_set/cats/cat.4097.jpg,0,0,0.99999154,8.4324765e-06
/data/Zeyu/Pooling/cat_dog_data/test_set/test_set/cats/cat.4098.jpg,0,0,0.9999443,5.5711993e-05
/data/Zeyu/Pooling/cat_dog_data/test_set/test_set/cats/cat.4099.jpg,0,1,0.007849665,0.9921503
/data/Zeyu/Pooling/cat_dog_data/test_set/test_set/cats/cat.4100.jpg,0,0,0.99993956,6.0441238e-05
/data/Zeyu/Pooling/cat_dog_data/test_set/test_set/cats/cat.4101.jpg,0,0,0.9999974,2.6398807e-06
/data/Zeyu/Pooling/cat_dog_data/test_set/test_set/cats/cat.4102.jpg,0,0,0.9999436,5.637662e-05
/data/Zeyu/Pooling/cat_dog_data/test_set/test_set/cats/cat.4103.jpg,0,0,0.99992406,7.5924014e-05
/data/Zeyu/Pooling/cat_dog_data/test_set/test_set/cats/cat.4104.jpg,0,0,0.9999659,3.4120996e-05
/data/Zeyu/Pooling/cat_dog_data/test_set/test_set/cats/cat.4105.jpg,0,0,0.99980885,0.00019113127
/data/Zeyu/Pooling/cat_dog_data/test_set/test_set/cats/cat.4106.jpg,0,0,0.9980849,0.0019150786
/data/Zeyu/Pooling/cat_dog_data/test_set/test_set/cats/cat.4107.jpg,0,0,0.9999542,4.580932e-05
/data/Zeyu/Pooling/cat_dog_data/test_set/test_set/cats/cat.4108.jpg,0,0,0.99936146,0.0006385439
/data/Zeyu/Pooling/cat_dog_data/test_set/test_set/cats/cat.4109.jpg,0,0,0.9999999,1.6479984e-07
/data/Zeyu/Pooling/cat_dog_data/test_set/test_set/cats/cat.4110.jpg,0,0,0.9999856,1.4444827e-05
/data/Zeyu/Pooling/cat_dog_data/test_set/test_set/cats/cat.4111.jpg,0,0,0.9999893,1.068983e-05
/data/Zeyu/Pooling/cat_dog_data/test_set/test_set/cats/cat.4112.jpg,0,0,0.92142946,0.07857047
/data/Zeyu/Pooling/cat_dog_data/test_set/test_set/cats/cat.4113.jpg,0,0,0.99998593,1.40085185e-05
/data/Zeyu/Pooling/cat_dog_data/test_set/test_set/cats/cat.4114.jpg,0,0,0.99999225,7.731456e-06
/data/Zeyu/Pooling/cat_dog_data/test_set/test_set/cats/cat.4115.jpg,0,0,0.9982889,0.0017110939
/data/Zeyu/Pooling/cat_dog_data/test_set/test_set/cats/cat.4116.jpg,0,0,0.99981123,0.00018878485
/data/Zeyu/Pooling/cat_dog_data/test_set/test_set/cats/cat.4117.jpg,0,0,0.99986196,0.00013796383
/data/Zeyu/Pooling/cat_dog_data/test_set/test_set/cats/cat.4118.jpg,0,0,0.9863456,0.013654369
/data/Zeyu/Pooling/cat_dog_data/test_set/test_set/cats/cat.4119.jpg,0,0,0.9999465,5.3521893e-05
/data/Zeyu/Pooling/cat_dog_data/test_set/test_set/cats/cat.4120.jpg,0,0,0.99984,0.00015997628
/data/Zeyu/Pooling/cat_dog_data/test_set/test_set/cats/cat.4121.jpg,0,0,0.99998295,1.7023724e-05
/data/Zeyu/Pooling/cat_dog_data/test_set/test_set/cats/cat.4122.jpg,0,0,0.9999635,3.6466434e-05
/data/Zeyu/Pooling/cat_dog_data/test_set/test_set/cats/cat.4123.jpg,0,0,0.99996173,3.8289312e-05
/data/Zeyu/Pooling/cat_dog_data/test_set/test_set/cats/cat.4124.jpg,0,1,0.025282947,0.9747171
/data/Zeyu/Pooling/cat_dog_data/test_set/test_set/cats/cat.4125.jpg,0,0,0.9987042,0.0012958292
/data/Zeyu/Pooling/cat_dog_data/test_set/test_set/cats/cat.4126.jpg,0,0,0.99998415,1.5870979e-05
/data/Zeyu/Pooling/cat_dog_data/test_set/test_set/cats/cat.4127.jpg,0,0,0.9998617,0.00013830155
/data/Zeyu/Pooling/cat_dog_data/test_set/test_set/cats/cat.4128.jpg,0,0,0.999962,3.7974183e-05
/data/Zeyu/Pooling/cat_dog_data/test_set/test_set/cats/cat.4001.jpg,0,0,0.99956554,0.00043439356
/data/Zeyu/Pooling/cat_dog_data/test_set/test_set/cats/cat.4002.jpg,0,0,0.9999838,1.6176347e-05
/data/Zeyu/Pooling/cat_dog_data/test_set/test_set/cats/cat.4003.jpg,0,0,0.9999759,2.4091121e-05
/data/Zeyu/Pooling/cat_dog_data/test_set/test_set/cats/cat.4004.jpg,0,0,0.5351216,0.46487698
/data/Zeyu/Pooling/cat_dog_data/test_set/test_set/cats/cat.4005.jpg,0,0,0.99992514,7.486379e-05
/data/Zeyu/Pooling/cat_dog_data/test_set/test_set/cats/cat.4006.jpg,0,0,0.99989164,0.000108386805
/data/Zeyu/Pooling/cat_dog_data/test_set/test_set/cats/cat.4007.jpg,0,0,0.99999535,4.597561e-06
/data/Zeyu/Pooling/cat_dog_data/test_set/test_set/cats/cat.4008.jpg,0,0,0.9999901,9.858212e-06
/data/Zeyu/Pooling/cat_dog_data/test_set/test_set/cats/cat.4009.jpg,0,0,0.99999106,8.964121e-06
/data/Zeyu/Pooling/cat_dog_data/test_set/test_set/cats/cat.4010.jpg,0,0,0.9998275,0.00017251942
/data/Zeyu/Pooling/cat_dog_data/test_set/test_set/cats/cat.4011.jpg,0,0,0.99993885,6.109845e-05
/data/Zeyu/Pooling/cat_dog_data/test_set/test_set/cats/cat.4012.jpg,0,0,0.9999472,5.2779964e-05
/data/Zeyu/Pooling/cat_dog_data/test_set/test_set/cats/cat.4013.jpg,0,0,0.9999652,3.475697e-05
/data/Zeyu/Pooling/cat_dog_data/test_set/test_set/cats/cat.4014.jpg,0,1,0.00030281112,0.9996972
/data/Zeyu/Pooling/cat_dog_data/test_set/test_set/cats/cat.4015.jpg,0,0,0.99989307,0.00010688481
/data/Zeyu/Pooling/cat_dog_data/test_set/test_set/cats/cat.4016.jpg,0,0,0.99861825,0.0013816856
/data/Zeyu/Pooling/cat_dog_data/test_set/test_set/cats/cat.4017.jpg,0,0,0.9999455,5.452794e-05
/data/Zeyu/Pooling/cat_dog_data/test_set/test_set/cats/cat.4018.jpg,0,0,0.9999745,2.551972e-05
/data/Zeyu/Pooling/cat_dog_data/test_set/test_set/cats/cat.4019.jpg,0,0,0.99997056,2.9416411e-05
/data/Zeyu/Pooling/cat_dog_data/test_set/test_set/cats/cat.4020.jpg,0,0,0.999995,4.9803148e-06
/data/Zeyu/Pooling/cat_dog_data/test_set/test_set/cats/cat.4021.jpg,0,0,0.99998,2.0033498e-05
/data/Zeyu/Pooling/cat_dog_data/test_set/test_set/cats/cat.4022.jpg,0,0,0.9999758,2.4142477e-05
/data/Zeyu/Pooling/cat_dog_data/test_set/test_set/cats/cat.4023.jpg,0,0,0.99996126,3.868452e-05
/data/Zeyu/Pooling/cat_dog_data/test_set/test_set/cats/cat.4024.jpg,0,0,0.99996614,3.3903358e-05
/data/Zeyu/Pooling/cat_dog_data/test_set/test_set/cats/cat.4025.jpg,0,0,0.9984945,0.0015054676
/data/Zeyu/Pooling/cat_dog_data/test_set/test_set/cats/cat.4026.jpg,0,0,0.99973196,0.00026801403
/data/Zeyu/Pooling/cat_dog_data/test_set/test_set/cats/cat.4027.jpg,0,0,0.99997437,2.56772e-05
/data/Zeyu/Pooling/cat_dog_data/test_set/test_set/cats/cat.4028.jpg,0,0,0.9999839,1.6138227e-05
/data/Zeyu/Pooling/cat_dog_data/test_set/test_set/cats/cat.4029.jpg,0,0,0.9999403,5.972402e-05
/data/Zeyu/Pooling/cat_dog_data/test_set/test_set/cats/cat.4030.jpg,0,0,0.9999473,5.271995e-05
/data/Zeyu/Pooling/cat_dog_data/test_set/test_set/cats/cat.4031.jpg,0,0,0.9999896,1.0430459e-05
/data/Zeyu/Pooling/cat_dog_data/test_set/test_set/cats/cat.4032.jpg,0,0,0.999979,2.0931811e-05
/data/Zeyu/Pooling/cat_dog_data/test_set/test_set/cats/cat.4033.jpg,0,0,0.99998784,1.2206754e-05
/data/Zeyu/Pooling/cat_dog_data/test_set/test_set/cats/cat.4034.jpg,0,0,0.99890876,0.0010912888
/data/Zeyu/Pooling/cat_dog_data/test_set/test_set/cats/cat.4035.jpg,0,0,0.9999726,2.743797e-05
/data/Zeyu/Pooling/cat_dog_data/test_set/test_set/cats/cat.4036.jpg,0,0,0.999923,7.704621e-05
/data/Zeyu/Pooling/cat_dog_data/test_set/test_set/cats/cat.4037.jpg,0,0,0.9999888,1.1205458e-05
/data/Zeyu/Pooling/cat_dog_data/test_set/test_set/cats/cat.4038.jpg,0,0,0.999984,1.5976932e-05
/data/Zeyu/Pooling/cat_dog_data/test_set/test_set/cats/cat.4039.jpg,0,0,0.999984,1.5977068e-05
/data/Zeyu/Pooling/cat_dog_data/test_set/test_set/cats/cat.4040.jpg,0,0,0.99997056,2.945894e-05
/data/Zeyu/Pooling/cat_dog_data/test_set/test_set/cats/cat.4041.jpg,0,0,0.9999665,3.352887e-05
/data/Zeyu/Pooling/cat_dog_data/test_set/test_set/cats/cat.4042.jpg,0,0,0.9999677,3.2256932e-05
/data/Zeyu/Pooling/cat_dog_data/test_set/test_set/cats/cat.4043.jpg,0,0,0.99987495,0.00012498997
/data/Zeyu/Pooling/cat_dog_data/test_set/test_set/cats/cat.4044.jpg,0,0,0.9997969,0.00020313819
/data/Zeyu/Pooling/cat_dog_data/test_set/test_set/cats/cat.4045.jpg,0,0,0.99957675,0.00042323547
/data/Zeyu/Pooling/cat_dog_data/test_set/test_set/cats/cat.4046.jpg,0,0,0.99990034,9.969931e-05
/data/Zeyu/Pooling/cat_dog_data/test_set/test_set/cats/cat.4047.jpg,0,0,0.99997413,2.5912319e-05
/data/Zeyu/Pooling/cat_dog_data/test_set/test_set/cats/cat.4048.jpg,0,0,0.99288625,0.0071136914
/data/Zeyu/Pooling/cat_dog_data/test_set/test_set/cats/cat.4049.jpg,0,0,0.99998474,1.5239796e-05
/data/Zeyu/Pooling/cat_dog_data/test_set/test_set/cats/cat.4050.jpg,0,0,0.99999404,5.917379e-06
/data/Zeyu/Pooling/cat_dog_data/test_set/test_set/cats/cat.4051.jpg,0,0,0.9997075,0.00029242536
/data/Zeyu/Pooling/cat_dog_data/test_set/test_set/cats/cat.4052.jpg,0,0,0.99997234,2.7663185e-05
/data/Zeyu/Pooling/cat_dog_data/test_set/test_set/cats/cat.4053.jpg,0,0,0.99921143,0.00078850106
/data/Zeyu/Pooling/cat_dog_data/test_set/test_set/cats/cat.4054.jpg,0,0,0.99996805,3.190264e-05
/data/Zeyu/Pooling/cat_dog_data/test_set/test_set/cats/cat.4055.jpg,0,0,0.9999913,8.749265e-06
/data/Zeyu/Pooling/cat_dog_data/test_set/test_set/cats/cat.4056.jpg,0,0,0.99997604,2.3928733e-05
/data/Zeyu/Pooling/cat_dog_data/test_set/test_set/cats/cat.4057.jpg,0,0,0.99987614,0.00012379621
/data/Zeyu/Pooling/cat_dog_data/test_set/test_set/cats/cat.4058.jpg,0,0,0.9945392,0.005460555
/data/Zeyu/Pooling/cat_dog_data/test_set/test_set/cats/cat.4059.jpg,0,0,0.9999484,5.15891e-05
/data/Zeyu/Pooling/cat_dog_data/test_set/test_set/cats/cat.4060.jpg,0,0,0.99998295,1.7062457e-05
/data/Zeyu/Pooling/cat_dog_data/test_set/test_set/cats/cat.4061.jpg,0,0,0.9999113,8.869077e-05
/data/Zeyu/Pooling/cat_dog_data/test_set/test_set/cats/cat.4062.jpg,0,0,0.9999597,4.030412e-05
/data/Zeyu/Pooling/cat_dog_data/test_set/test_set/cats/cat.4063.jpg,0,0,0.99997044,2.9545145e-05
/data/Zeyu/Pooling/cat_dog_data/test_set/test_set/cats/cat.4064.jpg,0,0,0.99970067,0.00029930627
/data/Zeyu/Pooling/cat_dog_data/test_set/test_set/cats/cat.4065.jpg,0,1,0.23705769,0.7627976
/data/Zeyu/Pooling/cat_dog_data/test_set/test_set/cats/cat.4066.jpg,0,0,0.9999558,4.4200446e-05
/data/Zeyu/Pooling/cat_dog_data/test_set/test_set/cats/cat.4067.jpg,0,0,0.9999937,6.3059265e-06
/data/Zeyu/Pooling/cat_dog_data/test_set/test_set/cats/cat.4068.jpg,0,0,0.9860351,0.01395817
/data/Zeyu/Pooling/cat_dog_data/test_set/test_set/cats/cat.4069.jpg,0,0,0.99987257,0.00012738876
/data/Zeyu/Pooling/cat_dog_data/test_set/test_set/cats/cat.4070.jpg,0,0,0.67100257,0.32898074
/data/Zeyu/Pooling/cat_dog_data/test_set/test_set/cats/cat.4071.jpg,0,0,0.9999174,8.2608945e-05
/data/Zeyu/Pooling/cat_dog_data/test_set/test_set/cats/cat.4072.jpg,0,0,0.9999937,6.3638518e-06
/data/Zeyu/Pooling/cat_dog_data/test_set/test_set/cats/cat.4073.jpg,0,0,0.9999337,6.624884e-05
/data/Zeyu/Pooling/cat_dog_data/test_set/test_set/cats/cat.4074.jpg,0,0,0.99971,0.00028993798
/data/Zeyu/Pooling/cat_dog_data/test_set/test_set/cats/cat.4075.jpg,0,0,0.9999633,3.6700425e-05
/data/Zeyu/Pooling/cat_dog_data/test_set/test_set/cats/cat.4076.jpg,0,0,0.999059,0.0009409707
/data/Zeyu/Pooling/cat_dog_data/test_set/test_set/cats/cat.4077.jpg,0,0,0.9995035,0.0004965473
/data/Zeyu/Pooling/cat_dog_data/test_set/test_set/cats/cat.4078.jpg,0,0,0.998398,0.0016019547
/data/Zeyu/Pooling/cat_dog_data/test_set/test_set/cats/cat.4079.jpg,0,0,0.99997663,2.3370318e-05
/data/Zeyu/Pooling/cat_dog_data/test_set/test_set/cats/cat.4080.jpg,0,0,0.9999726,2.7370543e-05
/data/Zeyu/Pooling/cat_dog_data/test_set/test_set/cats/cat.4081.jpg,0,0,0.99991703,8.300052e-05
/data/Zeyu/Pooling/cat_dog_data/test_set/test_set/cats/cat.4082.jpg,0,0,0.99763966,0.0023602925
/data/Zeyu/Pooling/cat_dog_data/test_set/test_set/cats/cat.4083.jpg,0,0,0.9999975,2.5328502e-06
/data/Zeyu/Pooling/cat_dog_data/test_set/test_set/cats/cat.4084.jpg,0,0,0.9999635,3.6490994e-05
/data/Zeyu/Pooling/cat_dog_data/test_set/test_set/cats/cat.4085.jpg,0,0,0.9991321,0.0008679037
/data/Zeyu/Pooling/cat_dog_data/test_set/test_set/cats/cat.4086.jpg,0,0,0.9999809,1.9059067e-05
/data/Zeyu/Pooling/cat_dog_data/test_set/test_set/cats/cat.4087.jpg,0,0,0.99999523,4.7101094e-06
/data/Zeyu/Pooling/cat_dog_data/test_set/test_set/cats/cat.4088.jpg,0,0,0.9999839,1.6149957e-05
/data/Zeyu/Pooling/cat_dog_data/test_set/test_set/cats/cat.4089.jpg,0,0,0.99990726,9.2773174e-05
/data/Zeyu/Pooling/cat_dog_data/test_set/test_set/cats/cat.4090.jpg,0,0,0.99929655,0.0007034876
/data/Zeyu/Pooling/cat_dog_data/test_set/test_set/cats/cat.4091.jpg,0,0,0.99984026,0.00015972999
/data/Zeyu/Pooling/cat_dog_data/test_set/test_set/cats/cat.4092.jpg,0,0,0.99971217,0.0002877525
/data/Zeyu/Pooling/cat_dog_data/test_set/test_set/cats/cat.4093.jpg,0,0,0.99999,9.984932e-06
/data/Zeyu/Pooling/cat_dog_data/test_set/test_set/cats/cat.4094.jpg,0,0,0.9998969,0.00010311628
/data/Zeyu/Pooling/cat_dog_data/test_set/test_set/cats/cat.4095.jpg,0,0,0.999967,3.3056327e-05
/data/Zeyu/Pooling/cat_dog_data/test_set/test_set/cats/cat.4096.jpg,0,0,0.9999031,9.691632e-05
/data/Zeyu/Pooling/cat_dog_data/test_set/test_set/cats/cat.4097.jpg,0,0,0.99994516,5.4888125e-05
/data/Zeyu/Pooling/cat_dog_data/test_set/test_set/cats/cat.4098.jpg,0,0,0.99996734,3.2708725e-05
/data/Zeyu/Pooling/cat_dog_data/test_set/test_set/cats/cat.4099.jpg,0,0,0.9999764,2.3598057e-05
/data/Zeyu/Pooling/cat_dog_data/test_set/test_set/cats/cat.4100.jpg,0,0,0.9999926,7.3920237e-06
/data/Zeyu/Pooling/cat_dog_data/test_set/test_set/cats/cat.4101.jpg,0,0,0.99994266,5.7357945e-05
/data/Zeyu/Pooling/cat_dog_data/test_set/test_set/cats/cat.4102.jpg,0,0,0.99997556,2.4396322e-05
/data/Zeyu/Pooling/cat_dog_data/test_set/test_set/cats/cat.4103.jpg,0,0,0.999969,3.1045172e-05
/data/Zeyu/Pooling/cat_dog_data/test_set/test_set/cats/cat.4104.jpg,0,0,0.99996793,3.2115862e-05
/data/Zeyu/Pooling/cat_dog_data/test_set/test_set/cats/cat.4105.jpg,0,0,0.99999225,7.746276e-06
/data/Zeyu/Pooling/cat_dog_data/test_set/test_set/cats/cat.4106.jpg,0,0,0.99997747,2.250652e-05
/data/Zeyu/Pooling/cat_dog_data/test_set/test_set/cats/cat.4107.jpg,0,0,0.99995553,4.440577e-05
/data/Zeyu/Pooling/cat_dog_data/test_set/test_set/cats/cat.4108.jpg,0,0,0.99999225,7.754555e-06
/data/Zeyu/Pooling/cat_dog_data/test_set/test_set/cats/cat.4109.jpg,0,0,0.9983956,0.0016043673
/data/Zeyu/Pooling/cat_dog_data/test_set/test_set/cats/cat.4110.jpg,0,0,0.68176144,0.31818682
/data/Zeyu/Pooling/cat_dog_data/test_set/test_set/cats/cat.4111.jpg,0,0,0.99975234,0.00024768917
/data/Zeyu/Pooling/cat_dog_data/test_set/test_set/cats/cat.4112.jpg,0,0,0.99998486,1.51638305e-05
/data/Zeyu/Pooling/cat_dog_data/test_set/test_set/cats/cat.4113.jpg,0,0,0.99998486,1.51638305e-05
/data/Zeyu/Pooling/cat_dog_data/test_set/test_set/cats/cat.4114.jpg,0,0,0.9998242,0.00017579418
/data/Zeyu/Pooling/cat_dog_data/test_set/test_set/cats/cat.4115.jpg,0,0,0.99995196,4.8037004e-05
/data/Zeyu/Pooling/cat_dog_data/test_set/test_set/cats/cat.4116.jpg,0,0,0.99994314,5.68899e-05
/data/Zeyu/Pooling/cat_dog_data/test_set/test_set/cats/cat.4117.jpg,0,0,0.9998838,0.00011621895
/data/Zeyu/Pooling/cat_dog_data/test_set/test_set/cats/cat.4118.jpg,0,0,0.99996316,3.682579e-05
/data/Zeyu/Pooling/cat_dog_data/test_set/test_set/cats/cat.4119.jpg,0,0,0.99989235,0.000107625485
/data/Zeyu/Pooling/cat_dog_data/test_set/test_set/cats/cat.4120.jpg,0,0,0.99989235,0.000107625485
/data/Zeyu/Pooling/cat_dog_data/test_set/test_set/cats/cat.4121.jpg,0,0,0.9999542,4.5768444e-05
/data/Zeyu/Pooling/cat_dog_data/test_set/test_set/cats/cat.4122.jpg,0,0,0.97595346,0.024045587
/data/Zeyu/Pooling/cat_dog_data/test_set/test_set/cats/cat.4123.jpg,0,0,0.9999727,2.723889e-05
/data/Zeyu/Pooling/cat_dog_data/test_set/test_set/cats/cat.4124.jpg,0,0,0.9999652,3.4817884e-05
/data/Zeyu/Pooling/cat_dog_data/test_set/test_set/cats/cat.4125.jpg,0,0,0.99915683,0.0008431543
/data/Zeyu/Pooling/cat_dog_data/test_set/test_set/cats/cat.4126.jpg,0,0,0.9999964,3.5548824e-06
/data/Zeyu/Pooling/cat_dog_data/test_set/test_set/cats/cat.4127.jpg,0,0,0.9999964,3.5548824e-06
/data/Zeyu/Pooling/cat_dog_data/test_set/test_set/cats/cat.4128.jpg,0,0,0.9999286,7.14601e-05
/data/Zeyu/Pooling/cat_dog_data/test_set/test_set/cats/cat.4001.jpg,0,0,0.9998877,0.00011231718
/data/Zeyu/Pooling/cat_dog_data/test_set/test_set/cats/cat.4002.jpg,0,0,0.99999344,6.612897e-06
/data/Zeyu/Pooling/cat_dog_data/test_set/test_set/cats/cat.4003.jpg,0,0,0.9982667,0.0017332407
/data/Zeyu/Pooling/cat_dog_data/test_set/test_set/cats/cat.4004.jpg,0,0,0.99928004,0.00071992324
/data/Zeyu/Pooling/cat_dog_data/test_set/test_set/cats/cat.4005.jpg,0,0,0.99998915,1.0860737e-05
/data/Zeyu/Pooling/cat_dog_data/test_set/test_set/cats/cat.4006.jpg,0,1,0.21689256,0.783106
/data/Zeyu/Pooling/cat_dog_data/test_set/test_set/cats/cat.4007.jpg,0,0,0.99440455,0.0055954144
/data/Zeyu/Pooling/cat_dog_data/test_set/test_set/cats/cat.4008.jpg,0,0,0.9999826,1.7463146e-05
/data/Zeyu/Pooling/cat_dog_data/test_set/test_set/cats/cat.4009.jpg,0,0,0.9999788,2.1205342e-05
/data/Zeyu/Pooling/cat_dog_data/test_set/test_set/cats/cat.4010.jpg,0,0,0.999936,6.402678e-05
/data/Zeyu/Pooling/cat_dog_data/test_set/test_set/cats/cat.4011.jpg,0,0,0.9999999,1.5998712e-07
/data/Zeyu/Pooling/cat_dog_data/test_set/test_set/cats/cat.4012.jpg,0,0,0.9999863,1.3708873e-05
/data/Zeyu/Pooling/cat_dog_data/test_set/test_set/cats/cat.4013.jpg,0,0,0.999987,1.2997667e-05
/data/Zeyu/Pooling/cat_dog_data/test_set/test_set/cats/cat.4014.jpg,0,0,0.9999682,3.179206e-05
/data/Zeyu/Pooling/cat_dog_data/test_set/test_set/cats/cat.4015.jpg,0,0,0.99991417,8.5853164e-05
/data/Zeyu/Pooling/cat_dog_data/test_set/test_set/cats/cat.4016.jpg,0,0,0.9983571,0.0016428289
/data/Zeyu/Pooling/cat_dog_data/test_set/test_set/cats/cat.4017.jpg,0,0,0.99999,1.0034332e-05
/data/Zeyu/Pooling/cat_dog_data/test_set/test_set/cats/cat.4018.jpg,0,1,0.22372955,0.77601945
/data/Zeyu/Pooling/cat_dog_data/test_set/test_set/cats/cat.4019.jpg,0,0,0.7198596,0.28013912
/data/Zeyu/Pooling/cat_dog_data/test_set/test_set/cats/cat.4020.jpg,0,0,0.9999697,3.0268098e-05
/data/Zeyu/Pooling/cat_dog_data/test_set/test_set/cats/cat.4021.jpg,0,0,0.6191961,0.3806489
/data/Zeyu/Pooling/cat_dog_data/test_set/test_set/cats/cat.4022.jpg,0,0,0.99997437,2.5610609e-05
/data/Zeyu/Pooling/cat_dog_data/test_set/test_set/cats/cat.4023.jpg,0,0,0.9999683,3.1690655e-05
/data/Zeyu/Pooling/cat_dog_data/test_set/test_set/cats/cat.4024.jpg,0,0,0.9973834,0.0026150618
/data/Zeyu/Pooling/cat_dog_data/test_set/test_set/cats/cat.4025.jpg,0,0,0.99998105,1.8898185e-05
/data/Zeyu/Pooling/cat_dog_data/test_set/test_set/cats/cat.4026.jpg,0,0,0.9999591,4.0860392e-05
/data/Zeyu/Pooling/cat_dog_data/test_set/test_set/cats/cat.4027.jpg,0,0,0.9985629,0.0014371291
/data/Zeyu/Pooling/cat_dog_data/test_set/test_set/cats/cat.4028.jpg,0,0,0.9999858,1.4212356e-05
/data/Zeyu/Pooling/cat_dog_data/test_set/test_set/cats/cat.4029.jpg,0,0,0.9999896,1.0394949e-05
/data/Zeyu/Pooling/cat_dog_data/test_set/test_set/cats/cat.4030.jpg,0,0,0.99996424,3.5716825e-05
/data/Zeyu/Pooling/cat_dog_data/test_set/test_set/cats/cat.4031.jpg,0,0,0.99997365,2.6292417e-05
/data/Zeyu/Pooling/cat_dog_data/test_set/test_set/cats/cat.4032.jpg,0,0,0.9999151,8.4851e-05
/data/Zeyu/Pooling/cat_dog_data/test_set/test_set/cats/cat.4033.jpg,0,0,0.9999999,1.6765549e-07
/data/Zeyu/Pooling/cat_dog_data/test_set/test_set/cats/cat.4034.jpg,0,0,0.99999475,5.2596274e-06
/data/Zeyu/Pooling/cat_dog_data/test_set/test_set/cats/cat.4035.jpg,0,0,0.9996977,0.00030228644
/data/Zeyu/Pooling/cat_dog_data/test_set/test_set/cats/cat.4036.jpg,0,0,0.9999615,3.847199e-05
/data/Zeyu/Pooling/cat_dog_data/test_set/test_set/cats/cat.4037.jpg,0,0,0.9999664,3.3619934e-05
/data/Zeyu/Pooling/cat_dog_data/test_set/test_set/cats/cat.4038.jpg,0,0,0.9999913,8.642947e-06
/data/Zeyu/Pooling/cat_dog_data/test_set/test_set/cats/cat.4039.jpg,0,0,0.99792504,0.0020749627
/data/Zeyu/Pooling/cat_dog_data/test_set/test_set/cats/cat.4040.jpg,0,0,0.9999628,3.713259e-05
/data/Zeyu/Pooling/cat_dog_data/test_set/test_set/cats/cat.4041.jpg,0,0,0.99998295,1.7095572e-05
/data/Zeyu/Pooling/cat_dog_data/test_set/test_set/cats/cat.4042.jpg,0,0,0.9998,0.00019994729
/data/Zeyu/Pooling/cat_dog_data/test_set/test_set/cats/cat.4043.jpg,0,0,0.9999405,5.9502425e-05
/data/Zeyu/Pooling/cat_dog_data/test_set/test_set/cats/cat.4044.jpg,0,0,0.9999291,7.095794e-05
/data/Zeyu/Pooling/cat_dog_data/test_set/test_set/cats/cat.4045.jpg,0,0,0.9999788,2.1262103e-05
/data/Zeyu/Pooling/cat_dog_data/test_set/test_set/cats/cat.4046.jpg,0,0,0.9998481,0.0001518667
/data/Zeyu/Pooling/cat_dog_data/test_set/test_set/cats/cat.4047.jpg,0,0,0.9999857,1.4293898e-05
/data/Zeyu/Pooling/cat_dog_data/test_set/test_set/cats/cat.4048.jpg,0,0,0.9999577,4.2322255e-05
/data/Zeyu/Pooling/cat_dog_data/test_set/test_set/cats/cat.4049.jpg,0,0,0.9999014,9.855284e-05
/data/Zeyu/Pooling/cat_dog_data/test_set/test_set/cats/cat.4050.jpg,0,0,0.9999652,3.4852532e-05
/data/Zeyu/Pooling/cat_dog_data/test_set/test_set/cats/cat.4051.jpg,0,0,0.99996614,3.385583e-05
/data/Zeyu/Pooling/cat_dog_data/test_set/test_set/cats/cat.4052.jpg,0,0,0.9999274,7.26237e-05
/data/Zeyu/Pooling/cat_dog_data/test_set/test_set/cats/cat.4053.jpg,0,0,0.99983096,0.00016897469
/data/Zeyu/Pooling/cat_dog_data/test_set/test_set/cats/cat.4054.jpg,0,1,0.0014836512,0.9985164
/data/Zeyu/Pooling/cat_dog_data/test_set/test_set/cats/cat.4055.jpg,0,0,0.9994821,0.00051792397
/data/Zeyu/Pooling/cat_dog_data/test_set/test_set/cats/cat.4056.jpg,0,0,0.9999831,1.6924982e-05
/data/Zeyu/Pooling/cat_dog_data/test_set/test_set/cats/cat.4057.jpg,0,1,0.0011529598,0.998847
/data/Zeyu/Pooling/cat_dog_data/test_set/test_set/cats/cat.4058.jpg,0,0,0.99997544,2.4599858e-05
/data/Zeyu/Pooling/cat_dog_data/test_set/test_set/cats/cat.4059.jpg,0,0,0.9999925,7.507127e-06
/data/Zeyu/Pooling/cat_dog_data/test_set/test_set/cats/cat.4060.jpg,0,0,0.9999871,1.2824978e-05
/data/Zeyu/Pooling/cat_dog_data/test_set/test_set/cats/cat.4061.jpg,0,0,0.9999242,7.5846954e-05
/data/Zeyu/Pooling/cat_dog_data/test_set/test_set/cats/cat.4062.jpg,0,0,0.9999813,1.8764682e-05
/data/Zeyu/Pooling/cat_dog_data/test_set/test_set/cats/cat.4063.jpg,0,0,0.9999006,9.9420286e-05
/data/Zeyu/Pooling/cat_dog_data/test_set/test_set/cats/cat.4064.jpg,0,0,0.99999785,2.0966238e-06
/data/Zeyu/Pooling/cat_dog_data/test_set/test_set/cats/cat.4065.jpg,0,0,0.99971527,0.00028463703
/data/Zeyu/Pooling/cat_dog_data/test_set/test_set/cats/cat.4066.jpg,0,0,0.9989293,0.001070722
/data/Zeyu/Pooling/cat_dog_data/test_set/test_set/cats/cat.4067.jpg,0,0,0.99998,2.0028378e-05
/data/Zeyu/Pooling/cat_dog_data/test_set/test_set/cats/cat.4068.jpg,0,0,0.9999294,7.052633e-05
/data/Zeyu/Pooling/cat_dog_data/test_set/test_set/cats/cat.4069.jpg,0,0,0.9999782,2.185969e-05
/data/Zeyu/Pooling/cat_dog_data/test_set/test_set/cats/cat.4070.jpg,0,0,0.99998486,1.5169961e-05
/data/Zeyu/Pooling/cat_dog_data/test_set/test_set/cats/cat.4071.jpg,0,0,0.9999784,2.1602344e-05
/data/Zeyu/Pooling/cat_dog_data/test_set/test_set/cats/cat.4072.jpg,0,0,0.9999733,2.6656837e-05
/data/Zeyu/Pooling/cat_dog_data/test_set/test_set/cats/cat.4073.jpg,0,0,0.9999664,3.3583467e-05
/data/Zeyu/Pooling/cat_dog_data/test_set/test_set/cats/cat.4074.jpg,0,0,0.9999157,8.425668e-05
/data/Zeyu/Pooling/cat_dog_data/test_set/test_set/cats/cat.4075.jpg,0,0,0.99993885,6.116165e-05
/data/Zeyu/Pooling/cat_dog_data/test_set/test_set/cats/cat.4076.jpg,0,0,0.9999429,5.7042496e-05
/data/Zeyu/Pooling/cat_dog_data/test_set/test_set/cats/cat.4077.jpg,0,0,0.99971634,0.0002836158
/data/Zeyu/Pooling/cat_dog_data/test_set/test_set/cats/cat.4078.jpg,0,0,0.9999927,7.24605e-06
/data/Zeyu/Pooling/cat_dog_data/test_set/test_set/cats/cat.4079.jpg,0,0,0.9999858,1.4230571e-05
/data/Zeyu/Pooling/cat_dog_data/test_set/test_set/cats/cat.4080.jpg,0,0,0.99917394,0.00082603015
/data/Zeyu/Pooling/cat_dog_data/test_set/test_set/cats/cat.4081.jpg,0,0,0.9999021,9.781917e-05
/data/Zeyu/Pooling/cat_dog_data/test_set/test_set/cats/cat.4082.jpg,0,0,0.9741364,0.025861036
/data/Zeyu/Pooling/cat_dog_data/test_set/test_set/cats/cat.4083.jpg,0,0,0.99999166,8.316761e-06
/data/Zeyu/Pooling/cat_dog_data/test_set/test_set/cats/cat.4084.jpg,0,0,0.9995159,0.00048413512
/data/Zeyu/Pooling/cat_dog_data/test_set/test_set/cats/cat.4085.jpg,0,0,0.9999732,2.6787975e-05
/data/Zeyu/Pooling/cat_dog_data/test_set/test_set/cats/cat.4086.jpg,0,0,0.9980276,0.0019723272
/data/Zeyu/Pooling/cat_dog_data/test_set/test_set/cats/cat.4087.jpg,0,0,0.999961,3.895748e-05
/data/Zeyu/Pooling/cat_dog_data/test_set/test_set/cats/cat.4088.jpg,0,0,0.9998994,0.00010054857
/data/Zeyu/Pooling/cat_dog_data/test_set/test_set/cats/cat.4089.jpg,0,0,0.9999944,5.5554788e-06
/data/Zeyu/Pooling/cat_dog_data/test_set/test_set/cats/cat.4090.jpg,0,0,0.99986196,0.00013801568
/data/Zeyu/Pooling/cat_dog_data/test_set/test_set/cats/cat.4091.jpg,0,0,0.99994993,5.0036007e-05
/data/Zeyu/Pooling/cat_dog_data/test_set/test_set/cats/cat.4092.jpg,0,0,0.99998426,1.576833e-05
/data/Zeyu/Pooling/cat_dog_data/test_set/test_set/cats/cat.4093.jpg,0,0,0.9996592,0.00034077675
/data/Zeyu/Pooling/cat_dog_data/test_set/test_set/cats/cat.4094.jpg,0,0,0.99998987,1.0102659e-05
/data/Zeyu/Pooling/cat_dog_data/test_set/test_set/cats/cat.4095.jpg,0,0,0.99999726,2.7554802e-06
/data/Zeyu/Pooling/cat_dog_data/test_set/test_set/cats/cat.4096.jpg,0,0,0.99998784,1.2165126e-05
/data/Zeyu/Pooling/cat_dog_data/test_set/test_set/cats/cat.4097.jpg,0,0,0.999931,6.901572e-05
/data/Zeyu/Pooling/cat_dog_data/test_set/test_set/cats/cat.4098.jpg,0,0,0.99983656,0.00016335779
/data/Zeyu/Pooling/cat_dog_data/test_set/test_set/cats/cat.4099.jpg,0,0,0.99997306,2.688438e-05
/data/Zeyu/Pooling/cat_dog_data/test_set/test_set/cats/cat.4100.jpg,0,0,0.9999924,7.6273027e-06
/data/Zeyu/Pooling/cat_dog_data/test_set/test_set/cats/cat.4101.jpg,0,0,0.99999225,7.737985e-06
/data/Zeyu/Pooling/cat_dog_data/test_set/test_set/cats/cat.4102.jpg,0,0,0.9999124,8.7576875e-05
/data/Zeyu/Pooling/cat_dog_data/test_set/test_set/cats/cat.4103.jpg,0,0,0.9999963,3.7030625e-06
/data/Zeyu/Pooling/cat_dog_data/test_set/test_set/cats/cat.4104.jpg,0,0,0.9999677,3.229821e-05
/data/Zeyu/Pooling/cat_dog_data/test_set/test_set/cats/cat.4105.jpg,0,0,0.99997413,2.5904092e-05
/data/Zeyu/Pooling/cat_dog_data/test_set/test_set/cats/cat.4106.jpg,0,0,0.99998724,1.2711713e-05
/data/Zeyu/Pooling/cat_dog_data/test_set/test_set/cats/cat.4107.jpg,0,0,0.99999976,2.8437108e-07
/data/Zeyu/Pooling/cat_dog_data/test_set/test_set/cats/cat.4108.jpg,0,0,0.99987435,0.00012566062
/data/Zeyu/Pooling/cat_dog_data/test_set/test_set/cats/cat.4109.jpg,0,0,0.99999535,4.6691252e-06
/data/Zeyu/Pooling/cat_dog_data/test_set/test_set/cats/cat.4110.jpg,0,1,0.041164912,0.958835
/data/Zeyu/Pooling/cat_dog_data/test_set/test_set/cats/cat.4111.jpg,0,0,0.99994326,5.673257e-05
/data/Zeyu/Pooling/cat_dog_data/test_set/test_set/cats/cat.4112.jpg,0,0,0.99999547,4.583028e-06
/data/Zeyu/Pooling/cat_dog_data/test_set/test_set/cats/cat.4113.jpg,0,0,0.99998415,1.579837e-05
/data/Zeyu/Pooling/cat_dog_data/test_set/test_set/cats/cat.4114.jpg,0,0,0.87518144,0.12481786
/data/Zeyu/Pooling/cat_dog_data/test_set/test_set/cats/cat.4115.jpg,0,0,0.99998164,1.8353463e-05
/data/Zeyu/Pooling/cat_dog_data/test_set/test_set/cats/cat.4116.jpg,0,0,0.99998426,1.5760828e-05
/data/Zeyu/Pooling/cat_dog_data/test_set/test_set/cats/cat.4117.jpg,0,0,0.9999906,9.420744e-06
/data/Zeyu/Pooling/cat_dog_data/test_set/test_set/cats/cat.4118.jpg,0,0,0.9999882,1.1759338e-05
/data/Zeyu/Pooling/cat_dog_data/test_set/test_set/cats/cat.4119.jpg,0,0,0.99993074,6.93122e-05
/data/Zeyu/Pooling/cat_dog_data/test_set/test_set/cats/cat.4120.jpg,0,0,0.99970907,0.00029091706
/data/Zeyu/Pooling/cat_dog_data/test_set/test_set/cats/cat.4121.jpg,0,0,0.9999894,1.0574797e-05
/data/Zeyu/Pooling/cat_dog_data/test_set/test_set/cats/cat.4122.jpg,0,0,0.999972,2.801797e-05
/data/Zeyu/Pooling/cat_dog_data/test_set/test_set/cats/cat.4123.jpg,0,0,0.9999783,2.170433e-05
/data/Zeyu/Pooling/cat_dog_data/test_set/test_set/cats/cat.4124.jpg,0,0,0.9986457,0.0013542396
/data/Zeyu/Pooling/cat_dog_data/test_set/test_set/cats/cat.4125.jpg,0,0,0.999979,2.0995947e-05
/data/Zeyu/Pooling/cat_dog_data/test_set/test_set/cats/cat.4126.jpg,0,0,0.999984,1.5940375e-05
/data/Zeyu/Pooling/cat_dog_data/test_set/test_set/cats/cat.4127.jpg,0,1,0.037361514,0.9626376
/data/Zeyu/Pooling/cat_dog_data/test_set/test_set/cats/cat.4128.jpg,0,0,0.9998785,0.000121508754
/data/Zeyu/Pooling/cat_dog_data/test_set/test_set/cats/cat.4001.jpg,0,0,0.9999914,8.578299e-06
/data/Zeyu/Pooling/cat_dog_data/test_set/test_set/cats/cat.4002.jpg,0,0,0.9996927,0.0003073657
/data/Zeyu/Pooling/cat_dog_data/test_set/test_set/cats/cat.4003.jpg,0,0,0.9992322,0.0007678784
/data/Zeyu/Pooling/cat_dog_data/test_set/test_set/cats/cat.4004.jpg,0,0,0.981458,0.018541168
/data/Zeyu/Pooling/cat_dog_data/test_set/test_set/cats/cat.4005.jpg,0,0,0.9984559,0.0015440881
/data/Zeyu/Pooling/cat_dog_data/test_set/test_set/cats/cat.4006.jpg,0,0,0.99839103,0.0016089304
/data/Zeyu/Pooling/cat_dog_data/test_set/test_set/cats/cat.4007.jpg,0,0,0.99950004,0.0004999454
/data/Zeyu/Pooling/cat_dog_data/test_set/test_set/cats/cat.4008.jpg,0,0,0.99912935,0.00087061827
/data/Zeyu/Pooling/cat_dog_data/test_set/test_set/cats/cat.4009.jpg,0,0,0.99999356,6.4420356e-06
/data/Zeyu/Pooling/cat_dog_data/test_set/test_set/cats/cat.4010.jpg,0,0,0.9999763,2.3755278e-05
/data/Zeyu/Pooling/cat_dog_data/test_set/test_set/cats/cat.4011.jpg,0,0,0.99994147,5.857216e-05
/data/Zeyu/Pooling/cat_dog_data/test_set/test_set/cats/cat.4012.jpg,0,0,0.76251036,0.23738018
/data/Zeyu/Pooling/cat_dog_data/test_set/test_set/cats/cat.4013.jpg,0,0,0.9999999,1.4089949e-07
/data/Zeyu/Pooling/cat_dog_data/test_set/test_set/cats/cat.4014.jpg,0,0,0.99982697,0.00017304264
/data/Zeyu/Pooling/cat_dog_data/test_set/test_set/cats/cat.4015.jpg,0,0,0.99996984,3.015775e-05
/data/Zeyu/Pooling/cat_dog_data/test_set/test_set/cats/cat.4016.jpg,0,0,0.99997246,2.7527683e-05
/data/Zeyu/Pooling/cat_dog_data/test_set/test_set/cats/cat.4017.jpg,0,0,0.9999387,6.1315004e-05
/data/Zeyu/Pooling/cat_dog_data/test_set/test_set/cats/cat.4018.jpg,0,0,0.99997425,2.5713147e-05
/data/Zeyu/Pooling/cat_dog_data/test_set/test_set/cats/cat.4019.jpg,0,0,0.9997074,0.00029258375
/data/Zeyu/Pooling/cat_dog_data/test_set/test_set/cats/cat.4020.jpg,0,0,0.9999312,6.881627e-05
/data/Zeyu/Pooling/cat_dog_data/test_set/test_set/cats/cat.4021.jpg,0,1,0.21757002,0.7824268
/data/Zeyu/Pooling/cat_dog_data/test_set/test_set/cats/cat.4022.jpg,0,0,0.99984396,0.00015604233
/data/Zeyu/Pooling/cat_dog_data/test_set/test_set/cats/cat.4023.jpg,0,0,0.9996743,0.0003256829
/data/Zeyu/Pooling/cat_dog_data/test_set/test_set/cats/cat.4024.jpg,0,0,0.9998103,0.00018969299
/data/Zeyu/Pooling/cat_dog_data/test_set/test_set/cats/cat.4025.jpg,0,0,0.9999784,2.152032e-05
/data/Zeyu/Pooling/cat_dog_data/test_set/test_set/cats/cat.4026.jpg,0,0,0.9999678,3.2163058e-05
/data/Zeyu/Pooling/cat_dog_data/test_set/test_set/cats/cat.4027.jpg,0,0,0.9999769,2.3142413e-05
/data/Zeyu/Pooling/cat_dog_data/test_set/test_set/cats/cat.4028.jpg,0,0,1.0,1.4517615e-08
/data/Zeyu/Pooling/cat_dog_data/test_set/test_set/cats/cat.4029.jpg,0,0,0.9967601,0.0032399076
/data/Zeyu/Pooling/cat_dog_data/test_set/test_set/cats/cat.4030.jpg,0,0,0.99991083,8.916472e-05
/data/Zeyu/Pooling/cat_dog_data/test_set/test_set/cats/cat.4031.jpg,0,0,0.99977463,0.00022534649
/data/Zeyu/Pooling/cat_dog_data/test_set/test_set/cats/cat.4032.jpg,0,0,0.9996728,0.00032723253
/data/Zeyu/Pooling/cat_dog_data/test_set/test_set/cats/cat.4033.jpg,0,0,0.9991903,0.0008096945
/data/Zeyu/Pooling/cat_dog_data/test_set/test_set/cats/cat.4034.jpg,0,0,0.99992657,7.339657e-05
/data/Zeyu/Pooling/cat_dog_data/test_set/test_set/cats/cat.4035.jpg,0,0,0.99991035,8.959505e-05
/data/Zeyu/Pooling/cat_dog_data/test_set/test_set/cats/cat.4036.jpg,0,0,0.9999901,9.867476e-06
/data/Zeyu/Pooling/cat_dog_data/test_set/test_set/cats/cat.4037.jpg,0,0,0.9999912,8.864369e-06
/data/Zeyu/Pooling/cat_dog_data/test_set/test_set/cats/cat.4038.jpg,0,0,0.99999595,4.091912e-06
/data/Zeyu/Pooling/cat_dog_data/test_set/test_set/cats/cat.4039.jpg,0,0,0.9999707,2.9314138e-05
/data/Zeyu/Pooling/cat_dog_data/test_set/test_set/cats/cat.4040.jpg,0,0,0.9999709,2.9142217e-05
/data/Zeyu/Pooling/cat_dog_data/test_set/test_set/cats/cat.4041.jpg,0,0,0.9994754,0.0005245859
/data/Zeyu/Pooling/cat_dog_data/test_set/test_set/cats/cat.4042.jpg,0,0,0.999966,3.393263e-05
/data/Zeyu/Pooling/cat_dog_data/test_set/test_set/cats/cat.4043.jpg,0,0,0.99956805,0.00043198653
/data/Zeyu/Pooling/cat_dog_data/test_set/test_set/cats/cat.4044.jpg,0,0,0.9999896,1.0385764e-05
/data/Zeyu/Pooling/cat_dog_data/test_set/test_set/cats/cat.4045.jpg,0,0,0.9999896,1.0385764e-05
/data/Zeyu/Pooling/cat_dog_data/test_set/test_set/cats/cat.4046.jpg,0,0,0.99998736,1.2635303e-05
/data/Zeyu/Pooling/cat_dog_data/test_set/test_set/cats/cat.4047.jpg,0,0,0.9998869,0.0001130955
/data/Zeyu/Pooling/cat_dog_data/test_set/test_set/cats/cat.4048.jpg,0,0,0.9999964,3.63296e-06
/data/Zeyu/Pooling/cat_dog_data/test_set/test_set/cats/cat.4049.jpg,0,0,0.99995315,4.680276e-05
/data/Zeyu/Pooling/cat_dog_data/test_set/test_set/cats/cat.4050.jpg,0,0,0.99998724,1.2713313e-05
/data/Zeyu/Pooling/cat_dog_data/test_set/test_set/cats/cat.4051.jpg,0,0,0.9999194,8.062717e-05
/data/Zeyu/Pooling/cat_dog_data/test_set/test_set/cats/cat.4052.jpg,0,0,0.9999933,6.6302305e-06
/data/Zeyu/Pooling/cat_dog_data/test_set/test_set/cats/cat.4053.jpg,0,0,0.9999877,1.2328224e-05
/data/Zeyu/Pooling/cat_dog_data/test_set/test_set/cats/cat.4054.jpg,0,0,0.99999094,9.007146e-06
/data/Zeyu/Pooling/cat_dog_data/test_set/test_set/cats/cat.4055.jpg,0,0,0.99997807,2.1964066e-05
/data/Zeyu/Pooling/cat_dog_data/test_set/test_set/cats/cat.4056.jpg,0,0,0.99997246,2.747963e-05
/data/Zeyu/Pooling/cat_dog_data/test_set/test_set/cats/cat.4057.jpg,0,0,0.99974984,0.00025012883
/data/Zeyu/Pooling/cat_dog_data/test_set/test_set/cats/cat.4058.jpg,0,0,0.9999362,6.3825675e-05
/data/Zeyu/Pooling/cat_dog_data/test_set/test_set/cats/cat.4059.jpg,0,0,0.99990034,9.962945e-05
/data/Zeyu/Pooling/cat_dog_data/test_set/test_set/cats/cat.4060.jpg,0,0,0.99990034,9.962945e-05
/data/Zeyu/Pooling/cat_dog_data/test_set/test_set/cats/cat.4061.jpg,0,1,0.0045072394,0.9954927
/data/Zeyu/Pooling/cat_dog_data/test_set/test_set/cats/cat.4062.jpg,0,0,0.99993896,6.106165e-05
/data/Zeyu/Pooling/cat_dog_data/test_set/test_set/cats/cat.4063.jpg,0,0,0.9999927,7.312625e-06
/data/Zeyu/Pooling/cat_dog_data/test_set/test_set/cats/cat.4064.jpg,0,0,0.99399143,0.0060085207
/data/Zeyu/Pooling/cat_dog_data/test_set/test_set/cats/cat.4065.jpg,0,0,0.9999746,2.5422727e-05
/data/Zeyu/Pooling/cat_dog_data/test_set/test_set/cats/cat.4066.jpg,0,0,0.999951,4.904222e-05
/data/Zeyu/Pooling/cat_dog_data/test_set/test_set/cats/cat.4067.jpg,0,0,0.99993646,6.3531705e-05
/data/Zeyu/Pooling/cat_dog_data/test_set/test_set/cats/cat.4068.jpg,0,0,0.9998554,0.00014461465
/data/Zeyu/Pooling/cat_dog_data/test_set/test_set/cats/cat.4069.jpg,0,0,0.9999851,1.48451745e-05
/data/Zeyu/Pooling/cat_dog_data/test_set/test_set/cats/cat.4070.jpg,0,0,0.9997167,0.00028330396
/data/Zeyu/Pooling/cat_dog_data/test_set/test_set/cats/cat.4071.jpg,0,0,0.9999697,3.0269253e-05
/data/Zeyu/Pooling/cat_dog_data/test_set/test_set/cats/cat.4072.jpg,0,0,0.9999485,5.1454135e-05
/data/Zeyu/Pooling/cat_dog_data/test_set/test_set/cats/cat.4073.jpg,0,0,0.99998283,1.719223e-05
/data/Zeyu/Pooling/cat_dog_data/test_set/test_set/cats/cat.4074.jpg,0,0,0.9999945,5.450963e-06
/data/Zeyu/Pooling/cat_dog_data/test_set/test_set/cats/cat.4075.jpg,0,0,0.99994886,5.115994e-05
/data/Zeyu/Pooling/cat_dog_data/test_set/test_set/cats/cat.4076.jpg,0,1,0.013868767,0.9861312
/data/Zeyu/Pooling/cat_dog_data/test_set/test_set/cats/cat.4077.jpg,0,0,0.99995613,4.39176e-05
/data/Zeyu/Pooling/cat_dog_data/test_set/test_set/cats/cat.4078.jpg,0,0,0.9931044,0.006895506
/data/Zeyu/Pooling/cat_dog_data/test_set/test_set/cats/cat.4079.jpg,0,0,0.99991786,8.211752e-05
/data/Zeyu/Pooling/cat_dog_data/test_set/test_set/cats/cat.4080.jpg,0,0,0.99995816,4.1826173e-05
/data/Zeyu/Pooling/cat_dog_data/test_set/test_set/cats/cat.4081.jpg,0,0,0.9711558,0.028843919
/data/Zeyu/Pooling/cat_dog_data/test_set/test_set/cats/cat.4082.jpg,0,0,0.9999802,1.98328e-05
/data/Zeyu/Pooling/cat_dog_data/test_set/test_set/cats/cat.4083.jpg,0,0,0.99117553,0.008823755
/data/Zeyu/Pooling/cat_dog_data/test_set/test_set/cats/cat.4084.jpg,0,0,0.99980944,0.00019059515
/data/Zeyu/Pooling/cat_dog_data/test_set/test_set/cats/cat.4085.jpg,0,0,0.9999151,8.489229e-05
/data/Zeyu/Pooling/cat_dog_data/test_set/test_set/cats/cat.4086.jpg,0,0,0.9999529,4.704776e-05
/data/Zeyu/Pooling/cat_dog_data/test_set/test_set/cats/cat.4087.jpg,0,1,0.003023839,0.99697614
/data/Zeyu/Pooling/cat_dog_data/test_set/test_set/cats/cat.4088.jpg,0,1,0.02828452,0.9717155
/data/Zeyu/Pooling/cat_dog_data/test_set/test_set/cats/cat.4089.jpg,0,0,0.9999032,9.675952e-05
/data/Zeyu/Pooling/cat_dog_data/test_set/test_set/cats/cat.4090.jpg,0,0,0.99998176,1.8206503e-05
/data/Zeyu/Pooling/cat_dog_data/test_set/test_set/cats/cat.4091.jpg,0,0,0.99994326,5.673522e-05
/data/Zeyu/Pooling/cat_dog_data/test_set/test_set/cats/cat.4092.jpg,0,0,0.9995622,0.00043777007
/data/Zeyu/Pooling/cat_dog_data/test_set/test_set/cats/cat.4093.jpg,0,1,0.36643794,0.62729746
/data/Zeyu/Pooling/cat_dog_data/test_set/test_set/cats/cat.4094.jpg,0,0,0.99998283,1.718877e-05
/data/Zeyu/Pooling/cat_dog_data/test_set/test_set/cats/cat.4095.jpg,0,0,0.87824607,0.12175351
/data/Zeyu/Pooling/cat_dog_data/test_set/test_set/cats/cat.4096.jpg,0,0,0.9999411,5.8836613e-05
/data/Zeyu/Pooling/cat_dog_data/test_set/test_set/cats/cat.4097.jpg,0,0,0.99998295,1.6993474e-05
/data/Zeyu/Pooling/cat_dog_data/test_set/test_set/cats/cat.4098.jpg,0,0,0.9999689,3.1053216e-05
/data/Zeyu/Pooling/cat_dog_data/test_set/test_set/cats/cat.4099.jpg,0,0,0.9999958,4.1875664e-06
/data/Zeyu/Pooling/cat_dog_data/test_set/test_set/cats/cat.4100.jpg,0,0,0.9991272,0.00087275205
/data/Zeyu/Pooling/cat_dog_data/test_set/test_set/cats/cat.4101.jpg,0,0,0.9999434,5.665056e-05
/data/Zeyu/Pooling/cat_dog_data/test_set/test_set/cats/cat.4102.jpg,0,0,0.9999702,2.9846462e-05
/data/Zeyu/Pooling/cat_dog_data/test_set/test_set/cats/cat.4103.jpg,0,0,0.99996114,3.8894188e-05
/data/Zeyu/Pooling/cat_dog_data/test_set/test_set/cats/cat.4104.jpg,0,0,0.9999298,7.0188114e-05
/data/Zeyu/Pooling/cat_dog_data/test_set/test_set/cats/cat.4105.jpg,0,0,0.9999769,2.3150911e-05
/data/Zeyu/Pooling/cat_dog_data/test_set/test_set/cats/cat.4106.jpg,0,0,0.99820375,0.0017961772
/data/Zeyu/Pooling/cat_dog_data/test_set/test_set/cats/cat.4107.jpg,0,0,0.99984336,0.00015662308
/data/Zeyu/Pooling/cat_dog_data/test_set/test_set/cats/cat.4108.jpg,0,0,0.9999584,4.1599e-05
/data/Zeyu/Pooling/cat_dog_data/test_set/test_set/cats/cat.4109.jpg,0,0,0.9998932,0.000106843756
/data/Zeyu/Pooling/cat_dog_data/test_set/test_set/cats/cat.4110.jpg,0,0,0.9999776,2.2388353e-05
/data/Zeyu/Pooling/cat_dog_data/test_set/test_set/cats/cat.4111.jpg,0,0,0.99736303,0.0026369432
/data/Zeyu/Pooling/cat_dog_data/test_set/test_set/cats/cat.4112.jpg,0,1,0.01197,0.98803
/data/Zeyu/Pooling/cat_dog_data/test_set/test_set/cats/cat.4113.jpg,0,0,0.99996054,3.9449656e-05
/data/Zeyu/Pooling/cat_dog_data/test_set/test_set/cats/cat.4114.jpg,0,0,0.9999503,4.9681785e-05
/data/Zeyu/Pooling/cat_dog_data/test_set/test_set/cats/cat.4115.jpg,0,0,0.9999875,1.2575175e-05
/data/Zeyu/Pooling/cat_dog_data/test_set/test_set/cats/cat.4116.jpg,0,0,0.88173896,0.11826041
/data/Zeyu/Pooling/cat_dog_data/test_set/test_set/cats/cat.4117.jpg,0,0,0.99884075,0.0011592557
/data/Zeyu/Pooling/cat_dog_data/test_set/test_set/cats/cat.4118.jpg,0,0,0.9999893,1.0693479e-05
/data/Zeyu/Pooling/cat_dog_data/test_set/test_set/cats/cat.4119.jpg,0,0,0.999969,3.102756e-05
/data/Zeyu/Pooling/cat_dog_data/test_set/test_set/cats/cat.4120.jpg,0,0,0.9996605,0.0003395594
/data/Zeyu/Pooling/cat_dog_data/test_set/test_set/cats/cat.4121.jpg,0,0,0.9999603,3.9670922e-05
/data/Zeyu/Pooling/cat_dog_data/test_set/test_set/cats/cat.4122.jpg,0,0,0.9967926,0.0032074007
/data/Zeyu/Pooling/cat_dog_data/test_set/test_set/cats/cat.4123.jpg,0,0,0.8858678,0.11405293
/data/Zeyu/Pooling/cat_dog_data/test_set/test_set/cats/cat.4124.jpg,0,0,0.99996245,3.7587808e-05
/data/Zeyu/Pooling/cat_dog_data/test_set/test_set/cats/cat.4125.jpg,0,0,0.99961275,0.00038722018
/data/Zeyu/Pooling/cat_dog_data/test_set/test_set/cats/cat.4126.jpg,0,0,0.99995327,4.668788e-05
/data/Zeyu/Pooling/cat_dog_data/test_set/test_set/cats/cat.4127.jpg,0,0,0.99997723,2.2715767e-05
/data/Zeyu/Pooling/cat_dog_data/test_set/test_set/cats/cat.4128.jpg,0,0,0.9961073,0.003892718
/data/Zeyu/Pooling/cat_dog_data/test_set/test_set/cats/cat.4001.jpg,0,0,0.9999957,4.3017867e-06
/data/Zeyu/Pooling/cat_dog_data/test_set/test_set/cats/cat.4002.jpg,0,0,0.9999906,9.395148e-06
/data/Zeyu/Pooling/cat_dog_data/test_set/test_set/cats/cat.4003.jpg,0,0,0.9999701,2.9949559e-05
/data/Zeyu/Pooling/cat_dog_data/test_set/test_set/cats/cat.4004.jpg,0,1,0.009436597,0.9905634
/data/Zeyu/Pooling/cat_dog_data/test_set/test_set/cats/cat.4005.jpg,0,0,0.99997795,2.2064942e-05
/data/Zeyu/Pooling/cat_dog_data/test_set/test_set/cats/cat.4006.jpg,0,0,0.99998534,1.4672031e-05
/data/Zeyu/Pooling/cat_dog_data/test_set/test_set/cats/cat.4007.jpg,0,0,0.99975425,0.0002457525
/data/Zeyu/Pooling/cat_dog_data/test_set/test_set/cats/cat.4008.jpg,0,0,0.99994874,5.1303523e-05
/data/Zeyu/Pooling/cat_dog_data/test_set/test_set/cats/cat.4009.jpg,0,0,0.9999701,2.9882798e-05
/data/Zeyu/Pooling/cat_dog_data/test_set/test_set/cats/cat.4010.jpg,0,0,0.9999858,1.4140014e-05
/data/Zeyu/Pooling/cat_dog_data/test_set/test_set/cats/cat.4011.jpg,0,0,0.9999852,1.477959e-05
/data/Zeyu/Pooling/cat_dog_data/test_set/test_set/cats/cat.4012.jpg,0,0,0.99997354,2.6426806e-05
/data/Zeyu/Pooling/cat_dog_data/test_set/test_set/cats/cat.4013.jpg,0,0,0.99996805,3.193363e-05
/data/Zeyu/Pooling/cat_dog_data/test_set/test_set/cats/cat.4014.jpg,0,0,0.9989072,0.0010927723
/data/Zeyu/Pooling/cat_dog_data/test_set/test_set/cats/cat.4015.jpg,0,0,0.999985,1.50092665e-05
/data/Zeyu/Pooling/cat_dog_data/test_set/test_set/cats/cat.4016.jpg,0,0,0.99949265,0.00050735945
/data/Zeyu/Pooling/cat_dog_data/test_set/test_set/cats/cat.4017.jpg,0,0,0.9999603,3.967497e-05
/data/Zeyu/Pooling/cat_dog_data/test_set/test_set/cats/cat.4018.jpg,0,0,0.9999336,6.6346576e-05
/data/Zeyu/Pooling/cat_dog_data/test_set/test_set/cats/cat.4019.jpg,0,0,0.937289,0.0627109
/data/Zeyu/Pooling/cat_dog_data/test_set/test_set/cats/cat.4020.jpg,0,0,0.99958867,0.00041137898
/data/Zeyu/Pooling/cat_dog_data/test_set/test_set/cats/cat.4021.jpg,0,0,0.99970776,0.0002922573
/data/Zeyu/Pooling/cat_dog_data/test_set/test_set/cats/cat.4022.jpg,0,0,0.99995553,4.447324e-05
/data/Zeyu/Pooling/cat_dog_data/test_set/test_set/cats/cat.4023.jpg,0,0,0.9999713,2.8717548e-05
/data/Zeyu/Pooling/cat_dog_data/test_set/test_set/cats/cat.4024.jpg,0,0,0.9999821,1.783134e-05
/data/Zeyu/Pooling/cat_dog_data/test_set/test_set/cats/cat.4025.jpg,0,0,0.9999826,1.7422224e-05
/data/Zeyu/Pooling/cat_dog_data/test_set/test_set/cats/cat.4026.jpg,0,0,0.99998367,1.6299547e-05
/data/Zeyu/Pooling/cat_dog_data/test_set/test_set/cats/cat.4027.jpg,0,0,0.99996877,3.11843e-05
/data/Zeyu/Pooling/cat_dog_data/test_set/test_set/cats/cat.4028.jpg,0,0,0.96838343,0.031613663
/data/Zeyu/Pooling/cat_dog_data/test_set/test_set/cats/cat.4029.jpg,0,0,0.9999771,2.2866518e-05
/data/Zeyu/Pooling/cat_dog_data/test_set/test_set/cats/cat.4030.jpg,0,0,0.8845664,0.11543266
/data/Zeyu/Pooling/cat_dog_data/test_set/test_set/cats/cat.4031.jpg,0,0,0.99969745,0.00030262413
/data/Zeyu/Pooling/cat_dog_data/test_set/test_set/cats/cat.4032.jpg,0,0,0.99995005,4.9893115e-05
/data/Zeyu/Pooling/cat_dog_data/test_set/test_set/cats/cat.4033.jpg,0,0,0.99998987,1.0161844e-05
/data/Zeyu/Pooling/cat_dog_data/test_set/test_set/cats/cat.4034.jpg,0,0,0.999992,7.932612e-06
/data/Zeyu/Pooling/cat_dog_data/test_set/test_set/cats/cat.4035.jpg,0,0,0.999985,1.4979095e-05
/data/Zeyu/Pooling/cat_dog_data/test_set/test_set/cats/cat.4036.jpg,0,0,0.9999455,5.4423155e-05
/data/Zeyu/Pooling/cat_dog_data/test_set/test_set/cats/cat.4037.jpg,0,0,0.99996996,3.0099023e-05
/data/Zeyu/Pooling/cat_dog_data/test_set/test_set/cats/cat.4038.jpg,0,0,0.9998023,0.00019778685
/data/Zeyu/Pooling/cat_dog_data/test_set/test_set/cats/cat.4039.jpg,0,0,0.99999225,7.736575e-06
/data/Zeyu/Pooling/cat_dog_data/test_set/test_set/cats/cat.4040.jpg,0,0,0.9998541,0.0001458534
/data/Zeyu/Pooling/cat_dog_data/test_set/test_set/cats/cat.4041.jpg,0,0,0.99993956,6.0417435e-05
/data/Zeyu/Pooling/cat_dog_data/test_set/test_set/cats/cat.4042.jpg,0,0,0.9999325,6.7524736e-05
/data/Zeyu/Pooling/cat_dog_data/test_set/test_set/cats/cat.4043.jpg,0,0,0.99991024,8.970234e-05
/data/Zeyu/Pooling/cat_dog_data/test_set/test_set/cats/cat.4044.jpg,0,0,0.9999566,4.342389e-05
/data/Zeyu/Pooling/cat_dog_data/test_set/test_set/cats/cat.4045.jpg,0,0,0.99986196,0.0001380774
/data/Zeyu/Pooling/cat_dog_data/test_set/test_set/cats/cat.4046.jpg,0,0,0.99996746,3.258379e-05
/data/Zeyu/Pooling/cat_dog_data/test_set/test_set/cats/cat.4047.jpg,0,0,0.9992706,0.0007293517
/data/Zeyu/Pooling/cat_dog_data/test_set/test_set/cats/cat.4048.jpg,0,0,0.74140614,0.25859347
/data/Zeyu/Pooling/cat_dog_data/test_set/test_set/cats/cat.4049.jpg,0,0,0.99997556,2.4467341e-05
/data/Zeyu/Pooling/cat_dog_data/test_set/test_set/cats/cat.4050.jpg,0,0,0.9999485,5.1460713e-05
/data/Zeyu/Pooling/cat_dog_data/test_set/test_set/cats/cat.4051.jpg,0,0,0.9999939,6.0719044e-06
/data/Zeyu/Pooling/cat_dog_data/test_set/test_set/cats/cat.4052.jpg,0,0,0.9739692,0.026029792
/data/Zeyu/Pooling/cat_dog_data/test_set/test_set/cats/cat.4053.jpg,0,0,0.99999964,3.76674e-07
/data/Zeyu/Pooling/cat_dog_data/test_set/test_set/cats/cat.4054.jpg,0,0,0.9996587,0.00034134483
/data/Zeyu/Pooling/cat_dog_data/test_set/test_set/cats/cat.4055.jpg,0,0,0.9999827,1.726335e-05
/data/Zeyu/Pooling/cat_dog_data/test_set/test_set/cats/cat.4056.jpg,0,0,0.99983275,0.00016716906
/data/Zeyu/Pooling/cat_dog_data/test_set/test_set/cats/cat.4057.jpg,0,0,0.99999785,2.093479e-06
/data/Zeyu/Pooling/cat_dog_data/test_set/test_set/cats/cat.4058.jpg,0,0,0.99995315,4.684943e-05
/data/Zeyu/Pooling/cat_dog_data/test_set/test_set/cats/cat.4059.jpg,0,0,0.9997644,0.00023563698
/data/Zeyu/Pooling/cat_dog_data/test_set/test_set/cats/cat.4060.jpg,0,0,0.99996924,3.078872e-05
/data/Zeyu/Pooling/cat_dog_data/test_set/test_set/cats/cat.4061.jpg,0,0,0.9999577,4.2284897e-05
/data/Zeyu/Pooling/cat_dog_data/test_set/test_set/cats/cat.4062.jpg,0,0,0.9995221,0.00047787276
/data/Zeyu/Pooling/cat_dog_data/test_set/test_set/cats/cat.4063.jpg,0,0,0.99998415,1.582378e-05
/data/Zeyu/Pooling/cat_dog_data/test_set/test_set/cats/cat.4064.jpg,0,0,0.9999138,8.621127e-05
/data/Zeyu/Pooling/cat_dog_data/test_set/test_set/cats/cat.4065.jpg,0,0,0.9993205,0.0006794869
/data/Zeyu/Pooling/cat_dog_data/test_set/test_set/cats/cat.4066.jpg,0,0,0.99997735,2.2592709e-05
/data/Zeyu/Pooling/cat_dog_data/test_set/test_set/cats/cat.4067.jpg,0,1,0.43369645,0.5662105
/data/Zeyu/Pooling/cat_dog_data/test_set/test_set/cats/cat.4068.jpg,0,0,0.9999759,2.4137229e-05
/data/Zeyu/Pooling/cat_dog_data/test_set/test_set/cats/cat.4069.jpg,0,0,0.9997092,0.00029084054
/data/Zeyu/Pooling/cat_dog_data/test_set/test_set/cats/cat.4070.jpg,0,0,0.99910283,0.0008971953
/data/Zeyu/Pooling/cat_dog_data/test_set/test_set/cats/cat.4071.jpg,0,0,0.9998066,0.00019340284
/data/Zeyu/Pooling/cat_dog_data/test_set/test_set/cats/cat.4072.jpg,0,0,0.9999782,2.1846561e-05
/data/Zeyu/Pooling/cat_dog_data/test_set/test_set/cats/cat.4073.jpg,0,0,0.9999875,1.2485741e-05
/data/Zeyu/Pooling/cat_dog_data/test_set/test_set/cats/cat.4074.jpg,0,0,0.99934095,0.00065904437
/data/Zeyu/Pooling/cat_dog_data/test_set/test_set/cats/cat.4075.jpg,0,0,0.99997795,2.2046348e-05
/data/Zeyu/Pooling/cat_dog_data/test_set/test_set/cats/cat.4076.jpg,0,0,0.9999373,6.2654246e-05
/data/Zeyu/Pooling/cat_dog_data/test_set/test_set/cats/cat.4077.jpg,0,0,0.99989545,0.00010457768
/data/Zeyu/Pooling/cat_dog_data/test_set/test_set/cats/cat.4078.jpg,0,0,0.9999789,2.1097247e-05
/data/Zeyu/Pooling/cat_dog_data/test_set/test_set/cats/cat.4079.jpg,0,0,0.9999405,5.943652e-05
/data/Zeyu/Pooling/cat_dog_data/test_set/test_set/cats/cat.4080.jpg,0,1,0.010087111,0.98991287
/data/Zeyu/Pooling/cat_dog_data/test_set/test_set/cats/cat.4081.jpg,0,0,0.99835736,0.0016425882
/data/Zeyu/Pooling/cat_dog_data/test_set/test_set/cats/cat.4082.jpg,0,0,0.9975925,0.0024073825
/data/Zeyu/Pooling/cat_dog_data/test_set/test_set/cats/cat.4083.jpg,0,1,0.076532245,0.9234673
/data/Zeyu/Pooling/cat_dog_data/test_set/test_set/cats/cat.4084.jpg,0,0,0.99997735,2.2698314e-05
/data/Zeyu/Pooling/cat_dog_data/test_set/test_set/cats/cat.4085.jpg,0,0,0.99955744,0.00044259953
/data/Zeyu/Pooling/cat_dog_data/test_set/test_set/cats/cat.4086.jpg,0,0,0.99986696,0.0001330668
/data/Zeyu/Pooling/cat_dog_data/test_set/test_set/cats/cat.4087.jpg,0,0,0.9999769,2.317753e-05
/data/Zeyu/Pooling/cat_dog_data/test_set/test_set/cats/cat.4088.jpg,0,0,0.9999987,1.3671005e-06
/data/Zeyu/Pooling/cat_dog_data/test_set/test_set/cats/cat.4089.jpg,0,0,0.9999212,7.8766796e-05
/data/Zeyu/Pooling/cat_dog_data/test_set/test_set/cats/cat.4090.jpg,0,0,0.9999187,8.126141e-05
/data/Zeyu/Pooling/cat_dog_data/test_set/test_set/cats/cat.4091.jpg,0,0,0.9988085,0.0011914928
/data/Zeyu/Pooling/cat_dog_data/test_set/test_set/cats/cat.4092.jpg,0,0,0.9999944,5.602229e-06
/data/Zeyu/Pooling/cat_dog_data/test_set/test_set/cats/cat.4093.jpg,0,0,0.718302,0.2816903
/data/Zeyu/Pooling/cat_dog_data/test_set/test_set/cats/cat.4094.jpg,0,0,0.99998,2.0008754e-05
/data/Zeyu/Pooling/cat_dog_data/test_set/test_set/cats/cat.4095.jpg,0,0,0.9999865,1.3441377e-05
/data/Zeyu/Pooling/cat_dog_data/test_set/test_set/cats/cat.4096.jpg,0,0,0.9999813,1.876334e-05
/data/Zeyu/Pooling/cat_dog_data/test_set/test_set/cats/cat.4097.jpg,0,0,0.99998224,1.775158e-05
/data/Zeyu/Pooling/cat_dog_data/test_set/test_set/cats/cat.4098.jpg,0,0,0.9999995,4.3719035e-07
/data/Zeyu/Pooling/cat_dog_data/test_set/test_set/cats/cat.4099.jpg,0,0,0.9999503,4.9696948e-05
/data/Zeyu/Pooling/cat_dog_data/test_set/test_set/cats/cat.4100.jpg,0,1,0.07132608,0.9286737
/data/Zeyu/Pooling/cat_dog_data/test_set/test_set/cats/cat.4101.jpg,0,0,0.99993575,6.4232016e-05
/data/Zeyu/Pooling/cat_dog_data/test_set/test_set/cats/cat.4102.jpg,0,0,0.999972,2.79867e-05
/data/Zeyu/Pooling/cat_dog_data/test_set/test_set/cats/cat.4103.jpg,0,0,0.9999918,8.17466e-06
/data/Zeyu/Pooling/cat_dog_data/test_set/test_set/cats/cat.4104.jpg,0,0,0.99993217,6.777413e-05
/data/Zeyu/Pooling/cat_dog_data/test_set/test_set/cats/cat.4105.jpg,0,0,0.99998116,1.8786865e-05
/data/Zeyu/Pooling/cat_dog_data/test_set/test_set/cats/cat.4106.jpg,0,0,0.9995634,0.0004366363
/data/Zeyu/Pooling/cat_dog_data/test_set/test_set/cats/cat.4107.jpg,0,0,0.99974877,0.0002511633
/data/Zeyu/Pooling/cat_dog_data/test_set/test_set/cats/cat.4108.jpg,0,0,0.99847347,0.0015265137
/data/Zeyu/Pooling/cat_dog_data/test_set/test_set/cats/cat.4109.jpg,0,0,0.9998573,0.00014270307
/data/Zeyu/Pooling/cat_dog_data/test_set/test_set/cats/cat.4110.jpg,0,0,0.99867576,0.0013241462
/data/Zeyu/Pooling/cat_dog_data/test_set/test_set/cats/cat.4111.jpg,0,0,0.99998164,1.8327872e-05
/data/Zeyu/Pooling/cat_dog_data/test_set/test_set/cats/cat.4112.jpg,0,0,0.99998724,1.272458e-05
/data/Zeyu/Pooling/cat_dog_data/test_set/test_set/cats/cat.4113.jpg,0,0,0.9929276,0.0070718257
/data/Zeyu/Pooling/cat_dog_data/test_set/test_set/cats/cat.4114.jpg,0,0,0.9999137,8.624233e-05
/data/Zeyu/Pooling/cat_dog_data/test_set/test_set/cats/cat.4115.jpg,0,0,0.9999676,3.2416392e-05
/data/Zeyu/Pooling/cat_dog_data/test_set/test_set/cats/cat.4116.jpg,1,1,0.1665326,0.8334559
/data/Zeyu/Pooling/cat_dog_data/test_set/test_set/cats/cat.4117.jpg,1,1,8.8976674e-05,0.99991107
/data/Zeyu/Pooling/cat_dog_data/test_set/test_set/cats/cat.4118.jpg,1,1,9.563253e-05,0.9999044
/data/Zeyu/Pooling/cat_dog_data/test_set/test_set/cats/cat.4119.jpg,1,1,3.9803628e-05,0.9999602
/data/Zeyu/Pooling/cat_dog_data/test_set/test_set/cats/cat.4120.jpg,1,1,3.8567534e-05,0.9999614
/data/Zeyu/Pooling/cat_dog_data/test_set/test_set/cats/cat.4121.jpg,1,1,0.0002537678,0.99974626
/data/Zeyu/Pooling/cat_dog_data/test_set/test_set/cats/cat.4122.jpg,1,1,0.012447109,0.9875529
/data/Zeyu/Pooling/cat_dog_data/test_set/test_set/cats/cat.4123.jpg,1,1,5.6316232e-05,0.99994373
/data/Zeyu/Pooling/cat_dog_data/test_set/test_set/cats/cat.4124.jpg,1,1,7.293289e-05,0.99992704
/data/Zeyu/Pooling/cat_dog_data/test_set/test_set/cats/cat.4125.jpg,1,1,3.378781e-05,0.99996626
/data/Zeyu/Pooling/cat_dog_data/test_set/test_set/cats/cat.4126.jpg,1,1,0.00017180189,0.9998282
/data/Zeyu/Pooling/cat_dog_data/test_set/test_set/cats/cat.4127.jpg,1,1,5.145978e-05,0.9999485
/data/Zeyu/Pooling/cat_dog_data/test_set/test_set/cats/cat.4128.jpg,1,1,0.0001481848,0.9998518
/data/Zeyu/Pooling/cat_dog_data/test_set/test_set/cats/cat.4001.jpg,1,1,0.0007542529,0.99924576
/data/Zeyu/Pooling/cat_dog_data/test_set/test_set/cats/cat.4002.jpg,1,1,0.00012109269,0.9998789
/data/Zeyu/Pooling/cat_dog_data/test_set/test_set/cats/cat.4003.jpg,1,1,7.980241e-06,0.999992
/data/Zeyu/Pooling/cat_dog_data/test_set/test_set/cats/cat.4004.jpg,1,1,0.00018983775,0.99981016
/data/Zeyu/Pooling/cat_dog_data/test_set/test_set/cats/cat.4005.jpg,1,1,5.645533e-05,0.9999435
/data/Zeyu/Pooling/cat_dog_data/test_set/test_set/cats/cat.4006.jpg,1,1,8.909121e-05,0.99991095
/data/Zeyu/Pooling/cat_dog_data/test_set/test_set/cats/cat.4007.jpg,1,1,0.00010534133,0.9998946
/data/Zeyu/Pooling/cat_dog_data/test_set/test_set/cats/cat.4008.jpg,1,1,3.9145063e-05,0.9999609
/data/Zeyu/Pooling/cat_dog_data/test_set/test_set/cats/cat.4009.jpg,1,1,5.5677894e-05,0.9999443
/data/Zeyu/Pooling/cat_dog_data/test_set/test_set/cats/cat.4010.jpg,1,1,5.329494e-05,0.9999467
/data/Zeyu/Pooling/cat_dog_data/test_set/test_set/cats/cat.4011.jpg,1,0,0.9989318,0.0010681938
/data/Zeyu/Pooling/cat_dog_data/test_set/test_set/cats/cat.4012.jpg,1,1,4.6665275e-05,0.9999534
/data/Zeyu/Pooling/cat_dog_data/test_set/test_set/cats/cat.4013.jpg,1,1,0.0005174576,0.9994825
/data/Zeyu/Pooling/cat_dog_data/test_set/test_set/cats/cat.4014.jpg,1,1,8.339331e-05,0.99991655
/data/Zeyu/Pooling/cat_dog_data/test_set/test_set/cats/cat.4015.jpg,1,1,0.00014933148,0.99985063
/data/Zeyu/Pooling/cat_dog_data/test_set/test_set/cats/cat.4016.jpg,1,1,0.00017702409,0.99982303
/data/Zeyu/Pooling/cat_dog_data/test_set/test_set/cats/cat.4017.jpg,1,1,0.000101782,0.9998982
/data/Zeyu/Pooling/cat_dog_data/test_set/test_set/cats/cat.4018.jpg,1,1,0.0004904662,0.9995096
/data/Zeyu/Pooling/cat_dog_data/test_set/test_set/cats/cat.4019.jpg,1,1,0.000835522,0.99916446
/data/Zeyu/Pooling/cat_dog_data/test_set/test_set/cats/cat.4020.jpg,1,1,0.0006628079,0.99933714
/data/Zeyu/Pooling/cat_dog_data/test_set/test_set/cats/cat.4021.jpg,1,1,0.00052143296,0.99947864
/data/Zeyu/Pooling/cat_dog_data/test_set/test_set/cats/cat.4022.jpg,1,1,0.098163694,0.9018352
/data/Zeyu/Pooling/cat_dog_data/test_set/test_set/cats/cat.4023.jpg,1,1,1.9188665e-05,0.9999808
/data/Zeyu/Pooling/cat_dog_data/test_set/test_set/cats/cat.4024.jpg,1,1,3.8467915e-05,0.9999615
/data/Zeyu/Pooling/cat_dog_data/test_set/test_set/cats/cat.4025.jpg,1,1,0.052792236,0.9472071
/data/Zeyu/Pooling/cat_dog_data/test_set/test_set/cats/cat.4026.jpg,1,1,0.00031649755,0.9996835
/data/Zeyu/Pooling/cat_dog_data/test_set/test_set/cats/cat.4027.jpg,1,1,0.0019154232,0.99808455
/data/Zeyu/Pooling/cat_dog_data/test_set/test_set/cats/cat.4028.jpg,1,1,8.2763334e-05,0.99991727
/data/Zeyu/Pooling/cat_dog_data/test_set/test_set/cats/cat.4029.jpg,1,1,9.520146e-06,0.99999046
/data/Zeyu/Pooling/cat_dog_data/test_set/test_set/cats/cat.4030.jpg,1,0,0.9946319,0.0053681517
/data/Zeyu/Pooling/cat_dog_data/test_set/test_set/cats/cat.4031.jpg,1,1,9.775741e-06,0.9999902
/data/Zeyu/Pooling/cat_dog_data/test_set/test_set/cats/cat.4032.jpg,1,1,5.0275445e-05,0.9999497
/data/Zeyu/Pooling/cat_dog_data/test_set/test_set/cats/cat.4033.jpg,1,1,4.3061416e-05,0.99995697
/data/Zeyu/Pooling/cat_dog_data/test_set/test_set/cats/cat.4034.jpg,1,1,0.000107203494,0.99989283
/data/Zeyu/Pooling/cat_dog_data/test_set/test_set/cats/cat.4035.jpg,1,1,8.934285e-05,0.9999106
/data/Zeyu/Pooling/cat_dog_data/test_set/test_set/cats/cat.4036.jpg,1,1,4.8657566e-05,0.99995136
/data/Zeyu/Pooling/cat_dog_data/test_set/test_set/cats/cat.4037.jpg,1,1,3.8974646e-05,0.999961
/data/Zeyu/Pooling/cat_dog_data/test_set/test_set/cats/cat.4038.jpg,1,1,0.00019119035,0.99980885
/data/Zeyu/Pooling/cat_dog_data/test_set/test_set/cats/cat.4039.jpg,1,1,6.5893587e-06,0.99999344
/data/Zeyu/Pooling/cat_dog_data/test_set/test_set/cats/cat.4040.jpg,1,1,4.8510887e-05,0.9999515
/data/Zeyu/Pooling/cat_dog_data/test_set/test_set/cats/cat.4041.jpg,1,1,0.0017866326,0.9982134
/data/Zeyu/Pooling/cat_dog_data/test_set/test_set/cats/cat.4042.jpg,1,1,0.00086064066,0.9991393
/data/Zeyu/Pooling/cat_dog_data/test_set/test_set/cats/cat.4043.jpg,1,1,5.8024387e-05,0.99994195
/data/Zeyu/Pooling/cat_dog_data/test_set/test_set/cats/cat.4044.jpg,1,1,0.00011244696,0.9998876
/data/Zeyu/Pooling/cat_dog_data/test_set/test_set/cats/cat.4045.jpg,1,1,9.6345306e-05,0.9999037
/data/Zeyu/Pooling/cat_dog_data/test_set/test_set/cats/cat.4046.jpg,1,1,5.0610724e-05,0.99994934
/data/Zeyu/Pooling/cat_dog_data/test_set/test_set/cats/cat.4047.jpg,1,1,0.00016849715,0.99983144
/data/Zeyu/Pooling/cat_dog_data/test_set/test_set/cats/cat.4048.jpg,1,1,1.6979075e-05,0.9999831
/data/Zeyu/Pooling/cat_dog_data/test_set/test_set/cats/cat.4049.jpg,1,1,8.321918e-05,0.9999168
/data/Zeyu/Pooling/cat_dog_data/test_set/test_set/cats/cat.4050.jpg,1,1,0.00016057445,0.9998394
/data/Zeyu/Pooling/cat_dog_data/test_set/test_set/cats/cat.4051.jpg,1,1,1.1565784e-05,0.99998844
/data/Zeyu/Pooling/cat_dog_data/test_set/test_set/cats/cat.4052.jpg,1,0,0.9999157,8.422334e-05
/data/Zeyu/Pooling/cat_dog_data/test_set/test_set/cats/cat.4053.jpg,1,1,8.133468e-05,0.9999187
/data/Zeyu/Pooling/cat_dog_data/test_set/test_set/cats/cat.4054.jpg,1,1,0.00013903383,0.999861
/data/Zeyu/Pooling/cat_dog_data/test_set/test_set/cats/cat.4055.jpg,1,1,1.5190776e-06,0.99999845
/data/Zeyu/Pooling/cat_dog_data/test_set/test_set/cats/cat.4056.jpg,1,1,0.0010541757,0.9989459
/data/Zeyu/Pooling/cat_dog_data/test_set/test_set/cats/cat.4057.jpg,1,1,0.00047832786,0.99952173
/data/Zeyu/Pooling/cat_dog_data/test_set/test_set/cats/cat.4058.jpg,1,1,0.07725859,0.9227338
/data/Zeyu/Pooling/cat_dog_data/test_set/test_set/cats/cat.4059.jpg,1,1,6.109571e-05,0.99993885
/data/Zeyu/Pooling/cat_dog_data/test_set/test_set/cats/cat.4060.jpg,1,1,9.7047465e-05,0.99990296
/data/Zeyu/Pooling/cat_dog_data/test_set/test_set/cats/cat.4061.jpg,1,1,0.00020690347,0.9997931
/data/Zeyu/Pooling/cat_dog_data/test_set/test_set/cats/cat.4062.jpg,1,1,2.0470818e-05,0.9999795
/data/Zeyu/Pooling/cat_dog_data/test_set/test_set/cats/cat.4063.jpg,1,1,2.9958928e-05,0.9999701
/data/Zeyu/Pooling/cat_dog_data/test_set/test_set/cats/cat.4064.jpg,1,1,0.00093385467,0.9990662
/data/Zeyu/Pooling/cat_dog_data/test_set/test_set/cats/cat.4065.jpg,1,1,0.00017118572,0.9998288
/data/Zeyu/Pooling/cat_dog_data/test_set/test_set/cats/cat.4066.jpg,1,1,3.9469604e-05,0.99996054
/data/Zeyu/Pooling/cat_dog_data/test_set/test_set/cats/cat.4067.jpg,1,1,1.9214684e-05,0.9999808
/data/Zeyu/Pooling/cat_dog_data/test_set/test_set/cats/cat.4068.jpg,1,1,3.9058114e-06,0.99999607
/data/Zeyu/Pooling/cat_dog_data/test_set/test_set/cats/cat.4069.jpg,1,1,5.5773016e-06,0.9999944
/data/Zeyu/Pooling/cat_dog_data/test_set/test_set/cats/cat.4070.jpg,1,1,1.6004517e-05,0.999984
/data/Zeyu/Pooling/cat_dog_data/test_set/test_set/cats/cat.4071.jpg,1,1,9.290955e-07,0.99999905
/data/Zeyu/Pooling/cat_dog_data/test_set/test_set/cats/cat.4072.jpg,1,1,0.00012022105,0.9998797
/data/Zeyu/Pooling/cat_dog_data/test_set/test_set/cats/cat.4073.jpg,1,1,0.0026120823,0.99738795
/data/Zeyu/Pooling/cat_dog_data/test_set/test_set/cats/cat.4074.jpg,1,0,0.57060766,0.42939007
/data/Zeyu/Pooling/cat_dog_data/test_set/test_set/cats/cat.4075.jpg,1,1,7.489393e-06,0.9999925
/data/Zeyu/Pooling/cat_dog_data/test_set/test_set/cats/cat.4076.jpg,1,1,0.0041687274,0.9958313
/data/Zeyu/Pooling/cat_dog_data/test_set/test_set/cats/cat.4077.jpg,1,1,0.0032302975,0.99676967
/data/Zeyu/Pooling/cat_dog_data/test_set/test_set/cats/cat.4078.jpg,1,1,0.024525587,0.9754744
/data/Zeyu/Pooling/cat_dog_data/test_set/test_set/cats/cat.4079.jpg,1,1,0.00036797646,0.999632
/data/Zeyu/Pooling/cat_dog_data/test_set/test_set/cats/cat.4080.jpg,1,1,1.8001432e-05,0.999982
/data/Zeyu/Pooling/cat_dog_data/test_set/test_set/cats/cat.4081.jpg,1,1,6.681145e-05,0.99993324
/data/Zeyu/Pooling/cat_dog_data/test_set/test_set/cats/cat.4082.jpg,1,1,0.07746252,0.92253685
/data/Zeyu/Pooling/cat_dog_data/test_set/test_set/cats/cat.4083.jpg,1,1,2.6571177e-05,0.9999734
/data/Zeyu/Pooling/cat_dog_data/test_set/test_set/cats/cat.4084.jpg,1,1,7.1377467e-06,0.99999285
/data/Zeyu/Pooling/cat_dog_data/test_set/test_set/cats/cat.4085.jpg,1,1,0.00018084091,0.9998192
/data/Zeyu/Pooling/cat_dog_data/test_set/test_set/cats/cat.4086.jpg,1,1,0.0001563955,0.9998436
/data/Zeyu/Pooling/cat_dog_data/test_set/test_set/cats/cat.4087.jpg,1,1,6.0737002e-05,0.9999392
/data/Zeyu/Pooling/cat_dog_data/test_set/test_set/cats/cat.4088.jpg,1,1,0.065112725,0.93488437
/data/Zeyu/Pooling/cat_dog_data/test_set/test_set/cats/cat.4089.jpg,1,1,7.507096e-05,0.9999249
/data/Zeyu/Pooling/cat_dog_data/test_set/test_set/cats/cat.4090.jpg,1,1,0.4797671,0.5196164
/data/Zeyu/Pooling/cat_dog_data/test_set/test_set/cats/cat.4091.jpg,1,0,0.98144436,0.018554937
/data/Zeyu/Pooling/cat_dog_data/test_set/test_set/cats/cat.4092.jpg,1,1,0.00029302988,0.9997069
/data/Zeyu/Pooling/cat_dog_data/test_set/test_set/cats/cat.4093.jpg,1,1,0.41436926,0.58558583
/data/Zeyu/Pooling/cat_dog_data/test_set/test_set/cats/cat.4094.jpg,1,1,5.925074e-05,0.99994075
/data/Zeyu/Pooling/cat_dog_data/test_set/test_set/cats/cat.4095.jpg,1,1,3.0258287e-05,0.9999697
/data/Zeyu/Pooling/cat_dog_data/test_set/test_set/cats/cat.4096.jpg,1,1,8.998756e-05,0.99991
/data/Zeyu/Pooling/cat_dog_data/test_set/test_set/cats/cat.4097.jpg,1,1,0.0005417792,0.99945825
/data/Zeyu/Pooling/cat_dog_data/test_set/test_set/cats/cat.4098.jpg,1,1,4.7910227e-05,0.9999521
/data/Zeyu/Pooling/cat_dog_data/test_set/test_set/cats/cat.4099.jpg,1,1,0.00028419995,0.99971575
/data/Zeyu/Pooling/cat_dog_data/test_set/test_set/cats/cat.4100.jpg,1,1,0.0015059903,0.998494
/data/Zeyu/Pooling/cat_dog_data/test_set/test_set/cats/cat.4101.jpg,1,1,5.4035147e-05,0.999946
/data/Zeyu/Pooling/cat_dog_data/test_set/test_set/cats/cat.4102.jpg,1,1,7.6071425e-05,0.99992394
/data/Zeyu/Pooling/cat_dog_data/test_set/test_set/cats/cat.4103.jpg,1,1,0.047541488,0.95245844
/data/Zeyu/Pooling/cat_dog_data/test_set/test_set/cats/cat.4104.jpg,1,1,0.00018063307,0.99981934
/data/Zeyu/Pooling/cat_dog_data/test_set/test_set/cats/cat.4105.jpg,1,1,0.00011189727,0.99988806
/data/Zeyu/Pooling/cat_dog_data/test_set/test_set/cats/cat.4106.jpg,1,1,6.925564e-05,0.99993074
/data/Zeyu/Pooling/cat_dog_data/test_set/test_set/cats/cat.4107.jpg,1,1,8.459877e-05,0.99991536
/data/Zeyu/Pooling/cat_dog_data/test_set/test_set/cats/cat.4108.jpg,1,1,0.00034846918,0.99965155
/data/Zeyu/Pooling/cat_dog_data/test_set/test_set/cats/cat.4109.jpg,1,1,1.4861319e-06,0.99999857
/data/Zeyu/Pooling/cat_dog_data/test_set/test_set/cats/cat.4110.jpg,1,1,0.00021648356,0.9997836
/data/Zeyu/Pooling/cat_dog_data/test_set/test_set/cats/cat.4111.jpg,1,1,5.756705e-05,0.9999424
/data/Zeyu/Pooling/cat_dog_data/test_set/test_set/cats/cat.4112.jpg,1,1,9.281697e-05,0.99990714
/data/Zeyu/Pooling/cat_dog_data/test_set/test_set/cats/cat.4113.jpg,1,1,0.24941073,0.7504043
/data/Zeyu/Pooling/cat_dog_data/test_set/test_set/cats/cat.4114.jpg,1,0,0.9900378,0.009962016
/data/Zeyu/Pooling/cat_dog_data/test_set/test_set/cats/cat.4115.jpg,1,1,9.251213e-05,0.9999075
/data/Zeyu/Pooling/cat_dog_data/test_set/test_set/cats/cat.4116.jpg,1,1,0.106458165,0.8935106
/data/Zeyu/Pooling/cat_dog_data/test_set/test_set/cats/cat.4117.jpg,1,1,0.005267207,0.99473286
/data/Zeyu/Pooling/cat_dog_data/test_set/test_set/cats/cat.4118.jpg,1,1,3.8720438e-05,0.99996126
/data/Zeyu/Pooling/cat_dog_data/test_set/test_set/cats/cat.4119.jpg,1,1,0.00010335037,0.99989665
/data/Zeyu/Pooling/cat_dog_data/test_set/test_set/cats/cat.4120.jpg,1,1,0.00017419104,0.9998259
/data/Zeyu/Pooling/cat_dog_data/test_set/test_set/cats/cat.4121.jpg,1,1,0.00011396709,0.99988604
/data/Zeyu/Pooling/cat_dog_data/test_set/test_set/cats/cat.4122.jpg,1,1,0.0021707285,0.99782926
/data/Zeyu/Pooling/cat_dog_data/test_set/test_set/cats/cat.4123.jpg,1,1,0.004764059,0.995236
/data/Zeyu/Pooling/cat_dog_data/test_set/test_set/cats/cat.4124.jpg,1,1,0.0001476384,0.9998523
/data/Zeyu/Pooling/cat_dog_data/test_set/test_set/cats/cat.4125.jpg,1,1,0.011370502,0.98862946
/data/Zeyu/Pooling/cat_dog_data/test_set/test_set/cats/cat.4126.jpg,1,1,0.025251286,0.9747487
/data/Zeyu/Pooling/cat_dog_data/test_set/test_set/cats/cat.4127.jpg,1,1,7.728078e-05,0.99992275
/data/Zeyu/Pooling/cat_dog_data/test_set/test_set/cats/cat.4128.jpg,1,1,1.2026049e-05,0.99998796
/data/Zeyu/Pooling/cat_dog_data/test_set/test_set/cats/cat.4001.jpg,1,0,0.9966163,0.0033836996
/data/Zeyu/Pooling/cat_dog_data/test_set/test_set/cats/cat.4002.jpg,1,1,7.84837e-07,0.99999917
/data/Zeyu/Pooling/cat_dog_data/test_set/test_set/cats/cat.4003.jpg,1,1,9.70904e-05,0.99990284
/data/Zeyu/Pooling/cat_dog_data/test_set/test_set/cats/cat.4004.jpg,1,1,0.0001445176,0.9998555
/data/Zeyu/Pooling/cat_dog_data/test_set/test_set/cats/cat.4005.jpg,1,1,0.00033829646,0.9996617
/data/Zeyu/Pooling/cat_dog_data/test_set/test_set/cats/cat.4006.jpg,1,1,0.0001822863,0.9998178
/data/Zeyu/Pooling/cat_dog_data/test_set/test_set/cats/cat.4007.jpg,1,1,3.833794e-05,0.9999616
/data/Zeyu/Pooling/cat_dog_data/test_set/test_set/cats/cat.4008.jpg,1,1,1.1061326e-05,0.9999889
/data/Zeyu/Pooling/cat_dog_data/test_set/test_set/cats/cat.4009.jpg,1,1,0.0002507661,0.99974924
/data/Zeyu/Pooling/cat_dog_data/test_set/test_set/cats/cat.4010.jpg,1,1,0.00012897748,0.999871
/data/Zeyu/Pooling/cat_dog_data/test_set/test_set/cats/cat.4011.jpg,1,1,0.0034626797,0.9965373
/data/Zeyu/Pooling/cat_dog_data/test_set/test_set/cats/cat.4012.jpg,1,1,1.0400514e-06,0.9999989
/data/Zeyu/Pooling/cat_dog_data/test_set/test_set/cats/cat.4013.jpg,1,1,0.13949947,0.8604873
/data/Zeyu/Pooling/cat_dog_data/test_set/test_set/cats/cat.4014.jpg,1,1,1.2933557e-05,0.9999871
/data/Zeyu/Pooling/cat_dog_data/test_set/test_set/cats/cat.4015.jpg,1,1,1.7319417e-05,0.9999827
/data/Zeyu/Pooling/cat_dog_data/test_set/test_set/cats/cat.4016.jpg,1,1,6.528383e-07,0.9999994
/data/Zeyu/Pooling/cat_dog_data/test_set/test_set/cats/cat.4017.jpg,1,1,0.00012531863,0.9998747
/data/Zeyu/Pooling/cat_dog_data/test_set/test_set/cats/cat.4018.jpg,1,1,0.00011050481,0.9998895
/data/Zeyu/Pooling/cat_dog_data/test_set/test_set/cats/cat.4019.jpg,1,1,0.00011050481,0.9998895
/data/Zeyu/Pooling/cat_dog_data/test_set/test_set/cats/cat.4020.jpg,1,1,0.009583782,0.99041617
/data/Zeyu/Pooling/cat_dog_data/test_set/test_set/cats/cat.4021.jpg,1,1,0.00018230452,0.99981767
/data/Zeyu/Pooling/cat_dog_data/test_set/test_set/cats/cat.4022.jpg,1,1,0.0004471285,0.9995529
/data/Zeyu/Pooling/cat_dog_data/test_set/test_set/cats/cat.4023.jpg,1,1,6.168477e-05,0.99993837
/data/Zeyu/Pooling/cat_dog_data/test_set/test_set/cats/cat.4024.jpg,1,1,0.00013889707,0.9998611
/data/Zeyu/Pooling/cat_dog_data/test_set/test_set/cats/cat.4025.jpg,1,0,0.9821707,0.01782933
/data/Zeyu/Pooling/cat_dog_data/test_set/test_set/cats/cat.4026.jpg,1,0,0.9821707,0.01782933
/data/Zeyu/Pooling/cat_dog_data/test_set/test_set/cats/cat.4027.jpg,1,1,1.312235e-06,0.9999987
/data/Zeyu/Pooling/cat_dog_data/test_set/test_set/cats/cat.4028.jpg,1,1,0.017524634,0.9824754
/data/Zeyu/Pooling/cat_dog_data/test_set/test_set/cats/cat.4029.jpg,1,1,1.8264727e-05,0.99998176
/data/Zeyu/Pooling/cat_dog_data/test_set/test_set/cats/cat.4030.jpg,1,1,8.504136e-05,0.999915
/data/Zeyu/Pooling/cat_dog_data/test_set/test_set/cats/cat.4031.jpg,1,1,0.00011052493,0.9998895
/data/Zeyu/Pooling/cat_dog_data/test_set/test_set/cats/cat.4032.jpg,1,1,0.09586382,0.90413326
/data/Zeyu/Pooling/cat_dog_data/test_set/test_set/cats/cat.4033.jpg,1,1,0.09586382,0.90413326
/data/Zeyu/Pooling/cat_dog_data/test_set/test_set/cats/cat.4034.jpg,1,1,6.0363654e-05,0.9999397
/data/Zeyu/Pooling/cat_dog_data/test_set/test_set/cats/cat.4035.jpg,1,1,9.6519645e-05,0.99990344
/data/Zeyu/Pooling/cat_dog_data/test_set/test_set/cats/cat.4036.jpg,1,1,6.86862e-05,0.99993134
/data/Zeyu/Pooling/cat_dog_data/test_set/test_set/cats/cat.4037.jpg,1,0,0.9941837,0.005816302
/data/Zeyu/Pooling/cat_dog_data/test_set/test_set/cats/cat.4038.jpg,1,1,0.05322554,0.94677293
/data/Zeyu/Pooling/cat_dog_data/test_set/test_set/cats/cat.4039.jpg,1,1,0.0002578913,0.9997421
/data/Zeyu/Pooling/cat_dog_data/test_set/test_set/cats/cat.4040.jpg,1,1,1.4794438e-05,0.9999852
/data/Zeyu/Pooling/cat_dog_data/test_set/test_set/cats/cat.4041.jpg,1,1,4.3430726e-05,0.9999566
/data/Zeyu/Pooling/cat_dog_data/test_set/test_set/cats/cat.4042.jpg,1,1,0.00054604193,0.99945396
/data/Zeyu/Pooling/cat_dog_data/test_set/test_set/cats/cat.4043.jpg,1,1,0.0002123234,0.99978775
/data/Zeyu/Pooling/cat_dog_data/test_set/test_set/cats/cat.4044.jpg,1,1,8.754658e-06,0.9999913
/data/Zeyu/Pooling/cat_dog_data/test_set/test_set/cats/cat.4045.jpg,1,0,0.9155296,0.08446449
/data/Zeyu/Pooling/cat_dog_data/test_set/test_set/cats/cat.4046.jpg,1,1,0.00019924447,0.99980074
/data/Zeyu/Pooling/cat_dog_data/test_set/test_set/cats/cat.4047.jpg,1,1,1.6218068e-05,0.9999838
/data/Zeyu/Pooling/cat_dog_data/test_set/test_set/cats/cat.4048.jpg,1,1,5.719588e-05,0.9999428
/data/Zeyu/Pooling/cat_dog_data/test_set/test_set/cats/cat.4049.jpg,1,1,0.00020619645,0.9997938
/data/Zeyu/Pooling/cat_dog_data/test_set/test_set/cats/cat.4050.jpg,1,1,0.011726335,0.9882736
/data/Zeyu/Pooling/cat_dog_data/test_set/test_set/cats/cat.4051.jpg,1,1,0.00020956874,0.9997905
/data/Zeyu/Pooling/cat_dog_data/test_set/test_set/cats/cat.4052.jpg,1,1,8.812513e-07,0.99999917
/data/Zeyu/Pooling/cat_dog_data/test_set/test_set/cats/cat.4053.jpg,1,1,0.0008176364,0.9991824
/data/Zeyu/Pooling/cat_dog_data/test_set/test_set/cats/cat.4054.jpg,1,1,5.994752e-05,0.99994004
/data/Zeyu/Pooling/cat_dog_data/test_set/test_set/cats/cat.4055.jpg,1,1,0.0006175722,0.9993824
/data/Zeyu/Pooling/cat_dog_data/test_set/test_set/cats/cat.4056.jpg,1,0,0.76953155,0.23036082
/data/Zeyu/Pooling/cat_dog_data/test_set/test_set/cats/cat.4057.jpg,1,1,5.5981785e-05,0.999944
/data/Zeyu/Pooling/cat_dog_data/test_set/test_set/cats/cat.4058.jpg,1,1,0.002557943,0.997442
/data/Zeyu/Pooling/cat_dog_data/test_set/test_set/cats/cat.4059.jpg,1,1,0.00055075047,0.9994492
/data/Zeyu/Pooling/cat_dog_data/test_set/test_set/cats/cat.4060.jpg,1,1,0.00032681692,0.99967325
/data/Zeyu/Pooling/cat_dog_data/test_set/test_set/cats/cat.4061.jpg,1,1,8.1482634e-05,0.99991846
/data/Zeyu/Pooling/cat_dog_data/test_set/test_set/cats/cat.4062.jpg,1,1,8.358168e-05,0.99991643
/data/Zeyu/Pooling/cat_dog_data/test_set/test_set/cats/cat.4063.jpg,1,1,0.09227829,0.9077213
/data/Zeyu/Pooling/cat_dog_data/test_set/test_set/cats/cat.4064.jpg,1,1,0.0005825276,0.99941754
/data/Zeyu/Pooling/cat_dog_data/test_set/test_set/cats/cat.4065.jpg,1,0,0.98376554,0.016234398
/data/Zeyu/Pooling/cat_dog_data/test_set/test_set/cats/cat.4066.jpg,1,1,0.107371695,0.89262664
/data/Zeyu/Pooling/cat_dog_data/test_set/test_set/cats/cat.4067.jpg,1,1,0.00038807146,0.9996119
/data/Zeyu/Pooling/cat_dog_data/test_set/test_set/cats/cat.4068.jpg,1,1,0.00038807146,0.9996119
/data/Zeyu/Pooling/cat_dog_data/test_set/test_set/cats/cat.4069.jpg,1,1,2.766519e-05,0.99997234
/data/Zeyu/Pooling/cat_dog_data/test_set/test_set/cats/cat.4070.jpg,1,0,0.97997046,0.020025972
/data/Zeyu/Pooling/cat_dog_data/test_set/test_set/cats/cat.4071.jpg,1,1,0.004751728,0.99524826
/data/Zeyu/Pooling/cat_dog_data/test_set/test_set/cats/cat.4072.jpg,1,1,0.0335587,0.9664413
/data/Zeyu/Pooling/cat_dog_data/test_set/test_set/cats/cat.4073.jpg,1,1,2.7245022e-05,0.9999727
/data/Zeyu/Pooling/cat_dog_data/test_set/test_set/cats/cat.4074.jpg,1,1,0.0002605188,0.99973947
/data/Zeyu/Pooling/cat_dog_data/test_set/test_set/cats/cat.4075.jpg,1,1,7.0073416e-05,0.9999299
/data/Zeyu/Pooling/cat_dog_data/test_set/test_set/cats/cat.4076.jpg,1,1,8.3115225e-07,0.99999917
/data/Zeyu/Pooling/cat_dog_data/test_set/test_set/cats/cat.4077.jpg,1,1,4.006591e-05,0.99995995
/data/Zeyu/Pooling/cat_dog_data/test_set/test_set/cats/cat.4078.jpg,1,1,7.222486e-05,0.99992776
/data/Zeyu/Pooling/cat_dog_data/test_set/test_set/cats/cat.4079.jpg,1,1,0.00016228623,0.99983764
/data/Zeyu/Pooling/cat_dog_data/test_set/test_set/cats/cat.4080.jpg,1,1,3.7297787e-06,0.9999963
/data/Zeyu/Pooling/cat_dog_data/test_set/test_set/cats/cat.4081.jpg,1,1,0.00034812852,0.9996519
/data/Zeyu/Pooling/cat_dog_data/test_set/test_set/cats/cat.4082.jpg,1,1,0.00020923329,0.9997907
/data/Zeyu/Pooling/cat_dog_data/test_set/test_set/cats/cat.4083.jpg,1,1,9.368986e-05,0.9999063
/data/Zeyu/Pooling/cat_dog_data/test_set/test_set/cats/cat.4084.jpg,1,1,0.00065853575,0.9993414
/data/Zeyu/Pooling/cat_dog_data/test_set/test_set/cats/cat.4085.jpg,1,1,2.2495016e-05,0.99997747
/data/Zeyu/Pooling/cat_dog_data/test_set/test_set/cats/cat.4086.jpg,1,1,0.04787289,0.95212644
/data/Zeyu/Pooling/cat_dog_data/test_set/test_set/cats/cat.4087.jpg,1,1,0.0023622268,0.99763775
/data/Zeyu/Pooling/cat_dog_data/test_set/test_set/cats/cat.4088.jpg,1,1,3.4081422e-05,0.9999659
/data/Zeyu/Pooling/cat_dog_data/test_set/test_set/cats/cat.4089.jpg,1,1,0.0003354571,0.99966455
/data/Zeyu/Pooling/cat_dog_data/test_set/test_set/cats/cat.4090.jpg,1,1,0.0002526023,0.99974734
/data/Zeyu/Pooling/cat_dog_data/test_set/test_set/cats/cat.4091.jpg,1,1,0.00039319324,0.9996068
/data/Zeyu/Pooling/cat_dog_data/test_set/test_set/cats/cat.4092.jpg,1,1,6.0209408e-05,0.9999398
/data/Zeyu/Pooling/cat_dog_data/test_set/test_set/cats/cat.4093.jpg,1,1,6.287799e-05,0.9999372
/data/Zeyu/Pooling/cat_dog_data/test_set/test_set/cats/cat.4094.jpg,1,1,4.1121162e-05,0.9999589
/data/Zeyu/Pooling/cat_dog_data/test_set/test_set/cats/cat.4095.jpg,1,1,8.476811e-05,0.99991524
/data/Zeyu/Pooling/cat_dog_data/test_set/test_set/cats/cat.4096.jpg,1,1,0.00019401955,0.999806
/data/Zeyu/Pooling/cat_dog_data/test_set/test_set/cats/cat.4097.jpg,1,1,0.00017047375,0.99982953
/data/Zeyu/Pooling/cat_dog_data/test_set/test_set/cats/cat.4098.jpg,1,1,4.4044344e-05,0.999956
/data/Zeyu/Pooling/cat_dog_data/test_set/test_set/cats/cat.4099.jpg,1,1,6.974449e-05,0.99993026
/data/Zeyu/Pooling/cat_dog_data/test_set/test_set/cats/cat.4100.jpg,1,1,0.007931399,0.99206865
/data/Zeyu/Pooling/cat_dog_data/test_set/test_set/cats/cat.4101.jpg,1,1,0.0023909044,0.99760914
/data/Zeyu/Pooling/cat_dog_data/test_set/test_set/cats/cat.4102.jpg,1,1,7.467602e-07,0.9999993
/data/Zeyu/Pooling/cat_dog_data/test_set/test_set/cats/cat.4103.jpg,1,1,0.00017691341,0.99982315
/data/Zeyu/Pooling/cat_dog_data/test_set/test_set/cats/cat.4104.jpg,1,1,0.00010781818,0.9998921
/data/Zeyu/Pooling/cat_dog_data/test_set/test_set/cats/cat.4105.jpg,1,1,0.00014324798,0.9998567
/data/Zeyu/Pooling/cat_dog_data/test_set/test_set/cats/cat.4106.jpg,1,1,4.427521e-06,0.9999956
/data/Zeyu/Pooling/cat_dog_data/test_set/test_set/cats/cat.4107.jpg,1,1,0.00022917478,0.9997708
/data/Zeyu/Pooling/cat_dog_data/test_set/test_set/cats/cat.4108.jpg,1,1,0.0005090517,0.999491
/data/Zeyu/Pooling/cat_dog_data/test_set/test_set/cats/cat.4109.jpg,1,1,0.0009247041,0.9990753
/data/Zeyu/Pooling/cat_dog_data/test_set/test_set/cats/cat.4110.jpg,1,1,7.728439e-05,0.99992275
/data/Zeyu/Pooling/cat_dog_data/test_set/test_set/cats/cat.4111.jpg,1,1,0.0006812467,0.9993187
/data/Zeyu/Pooling/cat_dog_data/test_set/test_set/cats/cat.4112.jpg,1,1,4.22074e-06,0.9999958
/data/Zeyu/Pooling/cat_dog_data/test_set/test_set/cats/cat.4113.jpg,1,1,9.1504815e-05,0.99990845
/data/Zeyu/Pooling/cat_dog_data/test_set/test_set/cats/cat.4114.jpg,1,1,0.00020134926,0.9997987
/data/Zeyu/Pooling/cat_dog_data/test_set/test_set/cats/cat.4115.jpg,1,1,7.8937715e-05,0.9999211
/data/Zeyu/Pooling/cat_dog_data/test_set/test_set/cats/cat.4116.jpg,1,1,7.1875555e-05,0.9999281
/data/Zeyu/Pooling/cat_dog_data/test_set/test_set/cats/cat.4117.jpg,1,1,0.00016327496,0.9998367
/data/Zeyu/Pooling/cat_dog_data/test_set/test_set/cats/cat.4118.jpg,1,0,0.96019036,0.039809622
/data/Zeyu/Pooling/cat_dog_data/test_set/test_set/cats/cat.4119.jpg,1,1,1.2173679e-06,0.9999988
/data/Zeyu/Pooling/cat_dog_data/test_set/test_set/cats/cat.4120.jpg,1,1,0.012038009,0.98796195
/data/Zeyu/Pooling/cat_dog_data/test_set/test_set/cats/cat.4121.jpg,1,1,0.00011577551,0.99988425
/data/Zeyu/Pooling/cat_dog_data/test_set/test_set/cats/cat.4122.jpg,1,1,0.00010388551,0.99989605
/data/Zeyu/Pooling/cat_dog_data/test_set/test_set/cats/cat.4123.jpg,1,1,4.6491023e-05,0.9999535
/data/Zeyu/Pooling/cat_dog_data/test_set/test_set/cats/cat.4124.jpg,1,0,0.8698073,0.13018517
/data/Zeyu/Pooling/cat_dog_data/test_set/test_set/cats/cat.4125.jpg,1,1,6.306453e-07,0.9999994
/data/Zeyu/Pooling/cat_dog_data/test_set/test_set/cats/cat.4126.jpg,1,1,0.00022898018,0.99977106
/data/Zeyu/Pooling/cat_dog_data/test_set/test_set/cats/cat.4127.jpg,1,0,0.99936527,0.0006348024
/data/Zeyu/Pooling/cat_dog_data/test_set/test_set/cats/cat.4128.jpg,1,1,0.00013066373,0.99986935
/data/Zeyu/Pooling/cat_dog_data/test_set/test_set/cats/cat.4001.jpg,1,1,0.00025992288,0.99974006
/data/Zeyu/Pooling/cat_dog_data/test_set/test_set/cats/cat.4002.jpg,1,1,2.176936e-05,0.9999782
/data/Zeyu/Pooling/cat_dog_data/test_set/test_set/cats/cat.4003.jpg,1,1,4.2143474e-05,0.9999578
/data/Zeyu/Pooling/cat_dog_data/test_set/test_set/cats/cat.4004.jpg,1,1,0.02555463,0.97444534
/data/Zeyu/Pooling/cat_dog_data/test_set/test_set/cats/cat.4005.jpg,1,1,7.97291e-05,0.99992025
/data/Zeyu/Pooling/cat_dog_data/test_set/test_set/cats/cat.4006.jpg,1,1,0.0001301859,0.9998698
/data/Zeyu/Pooling/cat_dog_data/test_set/test_set/cats/cat.4007.jpg,1,1,5.0894345e-05,0.9999491
/data/Zeyu/Pooling/cat_dog_data/test_set/test_set/cats/cat.4008.jpg,1,1,1.6764678e-05,0.9999832
/data/Zeyu/Pooling/cat_dog_data/test_set/test_set/cats/cat.4009.jpg,1,1,0.0001281787,0.99987185
/data/Zeyu/Pooling/cat_dog_data/test_set/test_set/cats/cat.4010.jpg,1,1,7.077439e-05,0.9999292
/data/Zeyu/Pooling/cat_dog_data/test_set/test_set/cats/cat.4011.jpg,1,1,0.00094689743,0.99905306
/data/Zeyu/Pooling/cat_dog_data/test_set/test_set/cats/cat.4012.jpg,1,1,0.32044077,0.6794822
/data/Zeyu/Pooling/cat_dog_data/test_set/test_set/cats/cat.4013.jpg,1,1,9.604433e-05,0.9999039
/data/Zeyu/Pooling/cat_dog_data/test_set/test_set/cats/cat.4014.jpg,1,1,0.0020843758,0.99791557
/data/Zeyu/Pooling/cat_dog_data/test_set/test_set/cats/cat.4015.jpg,1,1,0.00014090621,0.9998591
/data/Zeyu/Pooling/cat_dog_data/test_set/test_set/cats/cat.4016.jpg,1,1,1.0026269e-05,0.99999
/data/Zeyu/Pooling/cat_dog_data/test_set/test_set/cats/cat.4017.jpg,1,0,0.9948094,0.005190555
/data/Zeyu/Pooling/cat_dog_data/test_set/test_set/cats/cat.4018.jpg,1,1,0.057128355,0.9428715
/data/Zeyu/Pooling/cat_dog_data/test_set/test_set/cats/cat.4019.jpg,1,1,0.00010937771,0.99989057
/data/Zeyu/Pooling/cat_dog_data/test_set/test_set/cats/cat.4020.jpg,1,1,0.015277964,0.9847221
/data/Zeyu/Pooling/cat_dog_data/test_set/test_set/cats/cat.4021.jpg,1,1,1.5653159e-05,0.9999844
/data/Zeyu/Pooling/cat_dog_data/test_set/test_set/cats/cat.4022.jpg,1,1,0.00020015427,0.9997999
/data/Zeyu/Pooling/cat_dog_data/test_set/test_set/cats/cat.4023.jpg,1,1,2.378327e-05,0.99997616
/data/Zeyu/Pooling/cat_dog_data/test_set/test_set/cats/cat.4024.jpg,1,1,0.000102266495,0.9998977
/data/Zeyu/Pooling/cat_dog_data/test_set/test_set/cats/cat.4025.jpg,1,1,0.0002891744,0.99971086
/data/Zeyu/Pooling/cat_dog_data/test_set/test_set/cats/cat.4026.jpg,1,1,6.354564e-05,0.99993646
/data/Zeyu/Pooling/cat_dog_data/test_set/test_set/cats/cat.4027.jpg,1,1,0.00014342349,0.9998566
/data/Zeyu/Pooling/cat_dog_data/test_set/test_set/cats/cat.4028.jpg,1,1,8.888458e-05,0.99991107
/data/Zeyu/Pooling/cat_dog_data/test_set/test_set/cats/cat.4029.jpg,1,1,0.4928848,0.5069937
/data/Zeyu/Pooling/cat_dog_data/test_set/test_set/cats/cat.4030.jpg,1,1,2.4838633e-05,0.9999752
/data/Zeyu/Pooling/cat_dog_data/test_set/test_set/cats/cat.4031.jpg,1,1,5.4612603e-05,0.9999454
/data/Zeyu/Pooling/cat_dog_data/test_set/test_set/cats/cat.4032.jpg,1,0,0.99917847,0.00082153385
/data/Zeyu/Pooling/cat_dog_data/test_set/test_set/cats/cat.4033.jpg,1,1,6.7243665e-05,0.99993277
/data/Zeyu/Pooling/cat_dog_data/test_set/test_set/cats/cat.4034.jpg,1,1,8.166518e-06,0.9999918
/data/Zeyu/Pooling/cat_dog_data/test_set/test_set/cats/cat.4035.jpg,1,1,0.0013478493,0.99865216
/data/Zeyu/Pooling/cat_dog_data/test_set/test_set/cats/cat.4036.jpg,1,1,0.23950526,0.7604899
/data/Zeyu/Pooling/cat_dog_data/test_set/test_set/cats/cat.4037.jpg,1,1,7.354778e-05,0.99992645
/data/Zeyu/Pooling/cat_dog_data/test_set/test_set/cats/cat.4038.jpg,1,1,0.0007580822,0.99924195
/data/Zeyu/Pooling/cat_dog_data/test_set/test_set/cats/cat.4039.jpg,1,1,0.11120739,0.8887894
/data/Zeyu/Pooling/cat_dog_data/test_set/test_set/cats/cat.4040.jpg,1,1,0.0006384605,0.9993616
/data/Zeyu/Pooling/cat_dog_data/test_set/test_set/cats/cat.4041.jpg,1,0,0.8921134,0.10788366
/data/Zeyu/Pooling/cat_dog_data/test_set/test_set/cats/cat.4042.jpg,1,1,0.00011119535,0.9998888
/data/Zeyu/Pooling/cat_dog_data/test_set/test_set/cats/cat.4043.jpg,1,1,0.000109527275,0.99989045
/data/Zeyu/Pooling/cat_dog_data/test_set/test_set/cats/cat.4044.jpg,1,1,9.2642964e-05,0.9999074
/data/Zeyu/Pooling/cat_dog_data/test_set/test_set/cats/cat.4045.jpg,1,1,3.4436318e-05,0.99996555
/data/Zeyu/Pooling/cat_dog_data/test_set/test_set/cats/cat.4046.jpg,1,1,0.00066344684,0.99933654
/data/Zeyu/Pooling/cat_dog_data/test_set/test_set/cats/cat.4047.jpg,1,1,8.757595e-05,0.9999124
/data/Zeyu/Pooling/cat_dog_data/test_set/test_set/cats/cat.4048.jpg,1,1,0.00013923775,0.99986076
/data/Zeyu/Pooling/cat_dog_data/test_set/test_set/cats/cat.4049.jpg,1,1,0.006648358,0.99335164
/data/Zeyu/Pooling/cat_dog_data/test_set/test_set/cats/cat.4050.jpg,1,1,0.2752652,0.7244301
/data/Zeyu/Pooling/cat_dog_data/test_set/test_set/cats/cat.4051.jpg,1,1,8.227437e-05,0.99991775
/data/Zeyu/Pooling/cat_dog_data/test_set/test_set/cats/cat.4052.jpg,1,1,1.3390508e-05,0.99998665
/data/Zeyu/Pooling/cat_dog_data/test_set/test_set/cats/cat.4053.jpg,1,1,0.0030777287,0.9969222
/data/Zeyu/Pooling/cat_dog_data/test_set/test_set/cats/cat.4054.jpg,1,1,4.0549694e-05,0.99995947
/data/Zeyu/Pooling/cat_dog_data/test_set/test_set/cats/cat.4055.jpg,1,1,0.40392148,0.5959101
/data/Zeyu/Pooling/cat_dog_data/test_set/test_set/cats/cat.4056.jpg,1,1,0.00020072187,0.9997993
/data/Zeyu/Pooling/cat_dog_data/test_set/test_set/cats/cat.4057.jpg,1,1,1.6736052e-05,0.9999833
/data/Zeyu/Pooling/cat_dog_data/test_set/test_set/cats/cat.4058.jpg,1,1,0.015461186,0.9845388
/data/Zeyu/Pooling/cat_dog_data/test_set/test_set/cats/cat.4059.jpg,1,1,0.0066414303,0.99335855
/data/Zeyu/Pooling/cat_dog_data/test_set/test_set/cats/cat.4060.jpg,1,1,4.4659046e-05,0.9999553
/data/Zeyu/Pooling/cat_dog_data/test_set/test_set/cats/cat.4061.jpg,1,1,3.1903582e-07,0.99999964
/data/Zeyu/Pooling/cat_dog_data/test_set/test_set/cats/cat.4062.jpg,1,1,4.6404428e-05,0.9999536
/data/Zeyu/Pooling/cat_dog_data/test_set/test_set/cats/cat.4063.jpg,1,1,0.00014926116,0.99985075
/data/Zeyu/Pooling/cat_dog_data/test_set/test_set/cats/cat.4064.jpg,1,1,0.074326985,0.9256726
/data/Zeyu/Pooling/cat_dog_data/test_set/test_set/cats/cat.4065.jpg,1,1,0.00017017037,0.99982977
/data/Zeyu/Pooling/cat_dog_data/test_set/test_set/cats/cat.4066.jpg,1,1,9.892683e-05,0.99990106
/data/Zeyu/Pooling/cat_dog_data/test_set/test_set/cats/cat.4067.jpg,1,1,3.1836582e-06,0.9999968
/data/Zeyu/Pooling/cat_dog_data/test_set/test_set/cats/cat.4068.jpg,1,1,7.8838115e-05,0.9999212
/data/Zeyu/Pooling/cat_dog_data/test_set/test_set/cats/cat.4069.jpg,1,0,0.9919783,0.00802047
/data/Zeyu/Pooling/cat_dog_data/test_set/test_set/cats/cat.4070.jpg,1,1,0.00012482703,0.9998752
/data/Zeyu/Pooling/cat_dog_data/test_set/test_set/cats/cat.4071.jpg,1,1,2.554926e-05,0.9999745
/data/Zeyu/Pooling/cat_dog_data/test_set/test_set/cats/cat.4072.jpg,1,1,7.613434e-05,0.9999238
/data/Zeyu/Pooling/cat_dog_data/test_set/test_set/cats/cat.4073.jpg,1,1,0.0004629691,0.9995371
/data/Zeyu/Pooling/cat_dog_data/test_set/test_set/cats/cat.4074.jpg,1,1,6.286492e-05,0.9999372
/data/Zeyu/Pooling/cat_dog_data/test_set/test_set/cats/cat.4075.jpg,1,1,0.027265396,0.9727346
/data/Zeyu/Pooling/cat_dog_data/test_set/test_set/cats/cat.4076.jpg,1,1,7.948409e-06,0.999992
/data/Zeyu/Pooling/cat_dog_data/test_set/test_set/cats/cat.4077.jpg,1,1,0.00026334423,0.9997366
/data/Zeyu/Pooling/cat_dog_data/test_set/test_set/cats/cat.4078.jpg,1,1,1.4487373e-05,0.99998546
/data/Zeyu/Pooling/cat_dog_data/test_set/test_set/cats/cat.4079.jpg,1,1,0.31513956,0.68485767
/data/Zeyu/Pooling/cat_dog_data/test_set/test_set/cats/cat.4080.jpg,1,1,3.765447e-05,0.99996233
/data/Zeyu/Pooling/cat_dog_data/test_set/test_set/cats/cat.4081.jpg,1,1,4.4424327e-05,0.99995553
/data/Zeyu/Pooling/cat_dog_data/test_set/test_set/cats/cat.4082.jpg,1,1,0.017658602,0.9823414
/data/Zeyu/Pooling/cat_dog_data/test_set/test_set/cats/cat.4083.jpg,1,1,0.0001255272,0.9998745
/data/Zeyu/Pooling/cat_dog_data/test_set/test_set/cats/cat.4084.jpg,1,1,3.8617844e-05,0.9999614
/data/Zeyu/Pooling/cat_dog_data/test_set/test_set/cats/cat.4085.jpg,1,1,0.000118887925,0.99988115
/data/Zeyu/Pooling/cat_dog_data/test_set/test_set/cats/cat.4086.jpg,1,1,0.0008615231,0.9991385
/data/Zeyu/Pooling/cat_dog_data/test_set/test_set/cats/cat.4087.jpg,1,1,8.903252e-05,0.99991095
/data/Zeyu/Pooling/cat_dog_data/test_set/test_set/cats/cat.4088.jpg,1,1,2.9953671e-05,0.9999701
/data/Zeyu/Pooling/cat_dog_data/test_set/test_set/cats/cat.4089.jpg,1,1,3.381788e-05,0.99996614
/data/Zeyu/Pooling/cat_dog_data/test_set/test_set/cats/cat.4090.jpg,1,1,9.265886e-05,0.9999074
/data/Zeyu/Pooling/cat_dog_data/test_set/test_set/cats/cat.4091.jpg,1,1,0.41417804,0.585819
/data/Zeyu/Pooling/cat_dog_data/test_set/test_set/cats/cat.4092.jpg,1,1,0.00025725822,0.9997427
/data/Zeyu/Pooling/cat_dog_data/test_set/test_set/cats/cat.4093.jpg,1,1,7.29696e-07,0.9999993
/data/Zeyu/Pooling/cat_dog_data/test_set/test_set/cats/cat.4094.jpg,1,1,0.11836643,0.88162935
/data/Zeyu/Pooling/cat_dog_data/test_set/test_set/cats/cat.4095.jpg,1,1,0.0024349159,0.99756515
/data/Zeyu/Pooling/cat_dog_data/test_set/test_set/cats/cat.4096.jpg,1,1,7.3521956e-06,0.9999926
/data/Zeyu/Pooling/cat_dog_data/test_set/test_set/cats/cat.4097.jpg,1,1,2.0640502e-06,0.999998
/data/Zeyu/Pooling/cat_dog_data/test_set/test_set/cats/cat.4098.jpg,1,1,0.0010359496,0.9989641
/data/Zeyu/Pooling/cat_dog_data/test_set/test_set/cats/cat.4099.jpg,1,1,0.00016422443,0.9998357
/data/Zeyu/Pooling/cat_dog_data/test_set/test_set/cats/cat.4100.jpg,1,1,2.707692e-05,0.99997294
/data/Zeyu/Pooling/cat_dog_data/test_set/test_set/cats/cat.4101.jpg,1,0,0.99939406,0.0006059374
/data/Zeyu/Pooling/cat_dog_data/test_set/test_set/cats/cat.4102.jpg,1,0,0.9942345,0.0057654507
/data/Zeyu/Pooling/cat_dog_data/test_set/test_set/cats/cat.4103.jpg,1,0,0.7931772,0.206822
/data/Zeyu/Pooling/cat_dog_data/test_set/test_set/cats/cat.4104.jpg,1,1,0.0012084605,0.9987915
/data/Zeyu/Pooling/cat_dog_data/test_set/test_set/cats/cat.4105.jpg,1,0,0.90594053,0.094059184
/data/Zeyu/Pooling/cat_dog_data/test_set/test_set/cats/cat.4106.jpg,1,1,1.0415282e-06,0.9999989
/data/Zeyu/Pooling/cat_dog_data/test_set/test_set/cats/cat.4107.jpg,1,1,7.388704e-06,0.9999926
/data/Zeyu/Pooling/cat_dog_data/test_set/test_set/cats/cat.4108.jpg,1,1,0.00016928837,0.9998307
/data/Zeyu/Pooling/cat_dog_data/test_set/test_set/cats/cat.4109.jpg,1,1,0.00016928837,0.9998307
/data/Zeyu/Pooling/cat_dog_data/test_set/test_set/cats/cat.4110.jpg,1,1,0.00012121884,0.99987876
/data/Zeyu/Pooling/cat_dog_data/test_set/test_set/cats/cat.4111.jpg,1,1,9.5750795e-05,0.9999043
/data/Zeyu/Pooling/cat_dog_data/test_set/test_set/cats/cat.4112.jpg,1,1,0.014724718,0.98527527
/data/Zeyu/Pooling/cat_dog_data/test_set/test_set/cats/cat.4113.jpg,1,1,8.594335e-05,0.99991405
/data/Zeyu/Pooling/cat_dog_data/test_set/test_set/cats/cat.4114.jpg,1,1,2.6096226e-05,0.9999739
/data/Zeyu/Pooling/cat_dog_data/test_set/test_set/cats/cat.4115.jpg,1,1,4.055572e-06,0.99999595
/data/Zeyu/Pooling/cat_dog_data/test_set/test_set/cats/cat.4116.jpg,1,1,0.008685469,0.9913146
/data/Zeyu/Pooling/cat_dog_data/test_set/test_set/cats/cat.4117.jpg,1,1,0.00012396822,0.999876
/data/Zeyu/Pooling/cat_dog_data/test_set/test_set/cats/cat.4118.jpg,1,1,0.00011686719,0.9998832
/data/Zeyu/Pooling/cat_dog_data/test_set/test_set/cats/cat.4119.jpg,1,1,6.390515e-05,0.9999361
/data/Zeyu/Pooling/cat_dog_data/test_set/test_set/cats/cat.4120.jpg,1,0,0.9580859,0.04190338
/data/Zeyu/Pooling/cat_dog_data/test_set/test_set/cats/cat.4121.jpg,1,1,6.451797e-05,0.9999355
/data/Zeyu/Pooling/cat_dog_data/test_set/test_set/cats/cat.4122.jpg,1,0,0.7511694,0.24882902
/data/Zeyu/Pooling/cat_dog_data/test_set/test_set/cats/cat.4123.jpg,1,1,0.00046399227,0.99953604
/data/Zeyu/Pooling/cat_dog_data/test_set/test_set/cats/cat.4124.jpg,1,1,0.10277425,0.8970668
/data/Zeyu/Pooling/cat_dog_data/test_set/test_set/cats/cat.4125.jpg,1,1,0.00028650014,0.9997135
/data/Zeyu/Pooling/cat_dog_data/test_set/test_set/cats/cat.4126.jpg,1,1,1.1814937e-05,0.9999882
/data/Zeyu/Pooling/cat_dog_data/test_set/test_set/cats/cat.4127.jpg,1,1,8.988448e-05,0.9999101
/data/Zeyu/Pooling/cat_dog_data/test_set/test_set/cats/cat.4128.jpg,1,1,4.8781712e-05,0.99995124
/data/Zeyu/Pooling/cat_dog_data/test_set/test_set/cats/cat.4001.jpg,1,1,0.16294493,0.8370334
/data/Zeyu/Pooling/cat_dog_data/test_set/test_set/cats/cat.4002.jpg,1,0,0.99936384,0.0006361782
/data/Zeyu/Pooling/cat_dog_data/test_set/test_set/cats/cat.4003.jpg,1,1,2.092279e-05,0.999979
/data/Zeyu/Pooling/cat_dog_data/test_set/test_set/cats/cat.4004.jpg,1,1,6.4168955e-05,0.99993587
/data/Zeyu/Pooling/cat_dog_data/test_set/test_set/cats/cat.4005.jpg,1,0,0.98999083,0.010009224
/data/Zeyu/Pooling/cat_dog_data/test_set/test_set/cats/cat.4006.jpg,1,1,0.02071702,0.9792829
/data/Zeyu/Pooling/cat_dog_data/test_set/test_set/cats/cat.4007.jpg,1,1,0.10533644,0.8946623
/data/Zeyu/Pooling/cat_dog_data/test_set/test_set/cats/cat.4008.jpg,1,1,0.058569655,0.9414303
/data/Zeyu/Pooling/cat_dog_data/test_set/test_set/cats/cat.4009.jpg,1,1,5.9539947e-05,0.9999405
/data/Zeyu/Pooling/cat_dog_data/test_set/test_set/cats/cat.4010.jpg,1,1,0.00012423474,0.9998758
/data/Zeyu/Pooling/cat_dog_data/test_set/test_set/cats/cat.4011.jpg,1,1,2.0412492e-05,0.9999796
/data/Zeyu/Pooling/cat_dog_data/test_set/test_set/cats/cat.4012.jpg,1,1,0.00018372797,0.99981624
/data/Zeyu/Pooling/cat_dog_data/test_set/test_set/cats/cat.4013.jpg,1,1,1.4127156e-05,0.9999858
/data/Zeyu/Pooling/cat_dog_data/test_set/test_set/cats/cat.4014.jpg,1,1,4.6954e-05,0.99995303
/data/Zeyu/Pooling/cat_dog_data/test_set/test_set/cats/cat.4015.jpg,1,1,0.0024338067,0.9975662
/data/Zeyu/Pooling/cat_dog_data/test_set/test_set/cats/cat.4016.jpg,1,1,0.0013187572,0.99868125
/data/Zeyu/Pooling/cat_dog_data/test_set/test_set/cats/cat.4017.jpg,1,1,9.621988e-05,0.9999038
/data/Zeyu/Pooling/cat_dog_data/test_set/test_set/cats/cat.4018.jpg,1,1,9.685867e-05,0.9999031
/data/Zeyu/Pooling/cat_dog_data/test_set/test_set/cats/cat.4019.jpg,1,1,0.00020436129,0.9997956
/data/Zeyu/Pooling/cat_dog_data/test_set/test_set/cats/cat.4020.jpg,1,1,0.01011888,0.9898811
/data/Zeyu/Pooling/cat_dog_data/test_set/test_set/cats/cat.4021.jpg,1,1,0.18687026,0.8131166
/data/Zeyu/Pooling/cat_dog_data/test_set/test_set/cats/cat.4022.jpg,1,1,0.2360563,0.7639404
/data/Zeyu/Pooling/cat_dog_data/test_set/test_set/cats/cat.4023.jpg,1,1,0.0001085703,0.9998914
/data/Zeyu/Pooling/cat_dog_data/test_set/test_set/cats/cat.4024.jpg,1,1,4.323221e-05,0.9999567
/data/Zeyu/Pooling/cat_dog_data/test_set/test_set/cats/cat.4025.jpg,1,1,0.09189912,0.9080231
/data/Zeyu/Pooling/cat_dog_data/test_set/test_set/cats/cat.4026.jpg,1,1,4.146145e-05,0.9999585
/data/Zeyu/Pooling/cat_dog_data/test_set/test_set/cats/cat.4027.jpg,1,1,6.8164763e-06,0.9999932
/data/Zeyu/Pooling/cat_dog_data/test_set/test_set/cats/cat.4028.jpg,1,1,0.01684894,0.98315096
/data/Zeyu/Pooling/cat_dog_data/test_set/test_set/cats/cat.4029.jpg,1,1,0.0017034139,0.99829656
/data/Zeyu/Pooling/cat_dog_data/test_set/test_set/cats/cat.4030.jpg,1,1,9.0680034e-05,0.9999093
/data/Zeyu/Pooling/cat_dog_data/test_set/test_set/cats/cat.4031.jpg,1,1,0.0007293643,0.9992706
/data/Zeyu/Pooling/cat_dog_data/test_set/test_set/cats/cat.4032.jpg,1,1,0.00018055507,0.99981946
/data/Zeyu/Pooling/cat_dog_data/test_set/test_set/cats/cat.4033.jpg,1,1,1.5428277e-05,0.9999846
/data/Zeyu/Pooling/cat_dog_data/test_set/test_set/cats/cat.4034.jpg,1,1,0.00013311097,0.99986684
/data/Zeyu/Pooling/cat_dog_data/test_set/test_set/cats/cat.4035.jpg,1,0,0.7560819,0.24384764
/data/Zeyu/Pooling/cat_dog_data/test_set/test_set/cats/cat.4036.jpg,1,1,0.00066309574,0.9993369
/data/Zeyu/Pooling/cat_dog_data/test_set/test_set/cats/cat.4037.jpg,1,1,4.42603e-05,0.9999558
/data/Zeyu/Pooling/cat_dog_data/test_set/test_set/cats/cat.4038.jpg,1,1,4.42603e-05,0.9999558
/data/Zeyu/Pooling/cat_dog_data/test_set/test_set/cats/cat.4039.jpg,1,1,0.16100897,0.8389884
/data/Zeyu/Pooling/cat_dog_data/test_set/test_set/cats/cat.4040.jpg,1,1,5.5435932e-05,0.99994457
/data/Zeyu/Pooling/cat_dog_data/test_set/test_set/cats/cat.4041.jpg,1,1,0.06844206,0.9315575
/data/Zeyu/Pooling/cat_dog_data/test_set/test_set/cats/cat.4042.jpg,1,1,1.0965946e-06,0.9999989
/data/Zeyu/Pooling/cat_dog_data/test_set/test_set/cats/cat.4043.jpg,1,1,0.00025176798,0.9997482
/data/Zeyu/Pooling/cat_dog_data/test_set/test_set/cats/cat.4044.jpg,1,1,0.00017427327,0.9998258
/data/Zeyu/Pooling/cat_dog_data/test_set/test_set/cats/cat.4045.jpg,1,1,1.65171e-05,0.99998343
/data/Zeyu/Pooling/cat_dog_data/test_set/test_set/cats/cat.4046.jpg,1,1,5.38441e-05,0.9999461
/data/Zeyu/Pooling/cat_dog_data/test_set/test_set/cats/cat.4047.jpg,1,1,0.0002726933,0.9997273
/data/Zeyu/Pooling/cat_dog_data/test_set/test_set/cats/cat.4048.jpg,1,1,6.0226343e-05,0.9999398
/data/Zeyu/Pooling/cat_dog_data/test_set/test_set/cats/cat.4049.jpg,1,1,0.00014245752,0.99985754
/data/Zeyu/Pooling/cat_dog_data/test_set/test_set/cats/cat.4050.jpg,1,1,0.000120979355,0.999879
/data/Zeyu/Pooling/cat_dog_data/test_set/test_set/cats/cat.4051.jpg,1,1,0.013091075,0.98690885
/data/Zeyu/Pooling/cat_dog_data/test_set/test_set/cats/cat.4052.jpg,1,1,8.3356106e-05,0.9999167
/data/Zeyu/Pooling/cat_dog_data/test_set/test_set/cats/cat.4053.jpg,1,1,3.378462e-05,0.99996626
/data/Zeyu/Pooling/cat_dog_data/test_set/test_set/cats/cat.4054.jpg,1,1,7.5136275e-05,0.9999249
/data/Zeyu/Pooling/cat_dog_data/test_set/test_set/cats/cat.4055.jpg,1,1,3.0887826e-05,0.9999691
/data/Zeyu/Pooling/cat_dog_data/test_set/test_set/cats/cat.4056.jpg,1,1,0.0003048492,0.9996952
/data/Zeyu/Pooling/cat_dog_data/test_set/test_set/cats/cat.4057.jpg,1,1,0.01965955,0.98034036
/data/Zeyu/Pooling/cat_dog_data/test_set/test_set/cats/cat.4058.jpg,1,1,5.004029e-06,0.999995
/data/Zeyu/Pooling/cat_dog_data/test_set/test_set/cats/cat.4059.jpg,1,1,0.017145045,0.9828545
/data/Zeyu/Pooling/cat_dog_data/test_set/test_set/cats/cat.4060.jpg,1,1,1.2640969e-05,0.99998736
/data/Zeyu/Pooling/cat_dog_data/test_set/test_set/cats/cat.4061.jpg,1,1,6.1437684e-05,0.9999386
/data/Zeyu/Pooling/cat_dog_data/test_set/test_set/cats/cat.4062.jpg,1,1,0.037470117,0.9625298
/data/Zeyu/Pooling/cat_dog_data/test_set/test_set/cats/cat.4063.jpg,1,1,0.02305031,0.9769494
/data/Zeyu/Pooling/cat_dog_data/test_set/test_set/cats/cat.4064.jpg,1,1,5.601073e-05,0.999944
/data/Zeyu/Pooling/cat_dog_data/test_set/test_set/cats/cat.4065.jpg,1,1,3.7522197e-05,0.99996245
/data/Zeyu/Pooling/cat_dog_data/test_set/test_set/cats/cat.4066.jpg,1,1,1.9097558e-06,0.9999981
/data/Zeyu/Pooling/cat_dog_data/test_set/test_set/cats/cat.4067.jpg,1,1,0.00024033629,0.9997596
/data/Zeyu/Pooling/cat_dog_data/test_set/test_set/cats/cat.4068.jpg,1,1,8.15334e-05,0.99991846
/data/Zeyu/Pooling/cat_dog_data/test_set/test_set/cats/cat.4069.jpg,1,1,2.5348549e-05,0.9999746
/data/Zeyu/Pooling/cat_dog_data/test_set/test_set/cats/cat.4070.jpg,1,1,9.8131124e-05,0.9999019
/data/Zeyu/Pooling/cat_dog_data/test_set/test_set/cats/cat.4071.jpg,1,1,0.0013827907,0.9986172
/data/Zeyu/Pooling/cat_dog_data/test_set/test_set/cats/cat.4072.jpg,1,0,0.9940211,0.005978853
/data/Zeyu/Pooling/cat_dog_data/test_set/test_set/cats/cat.4073.jpg,1,1,0.000103668586,0.9998963
/data/Zeyu/Pooling/cat_dog_data/test_set/test_set/cats/cat.4074.jpg,1,1,9.923843e-05,0.9999007
/data/Zeyu/Pooling/cat_dog_data/test_set/test_set/cats/cat.4075.jpg,1,1,3.8299975e-05,0.99996173
/data/Zeyu/Pooling/cat_dog_data/test_set/test_set/cats/cat.4076.jpg,1,1,3.0366633e-05,0.9999696
/data/Zeyu/Pooling/cat_dog_data/test_set/test_set/cats/cat.4077.jpg,1,1,0.00014659223,0.9998534
/data/Zeyu/Pooling/cat_dog_data/test_set/test_set/cats/cat.4078.jpg,1,1,1.4150603e-05,0.9999858
/data/Zeyu/Pooling/cat_dog_data/test_set/test_set/cats/cat.4079.jpg,1,1,0.3739627,0.6186813
/data/Zeyu/Pooling/cat_dog_data/test_set/test_set/cats/cat.4080.jpg,1,1,0.00023769782,0.99976236
/data/Zeyu/Pooling/cat_dog_data/test_set/test_set/cats/cat.4081.jpg,1,1,0.00012896027,0.999871
/data/Zeyu/Pooling/cat_dog_data/test_set/test_set/cats/cat.4082.jpg,1,1,0.0063861758,0.9936139
/data/Zeyu/Pooling/cat_dog_data/test_set/test_set/cats/cat.4083.jpg,1,1,0.016600424,0.98339957
/data/Zeyu/Pooling/cat_dog_data/test_set/test_set/cats/cat.4084.jpg,1,1,0.1185976,0.8811632
/data/Zeyu/Pooling/cat_dog_data/test_set/test_set/cats/cat.4085.jpg,1,1,0.005055962,0.99494404
/data/Zeyu/Pooling/cat_dog_data/test_set/test_set/cats/cat.4086.jpg,1,1,0.00016361939,0.9998363
/data/Zeyu/Pooling/cat_dog_data/test_set/test_set/cats/cat.4087.jpg,1,1,0.00040416967,0.9995958
/data/Zeyu/Pooling/cat_dog_data/test_set/test_set/cats/cat.4088.jpg,1,1,4.638863e-07,0.9999995
/data/Zeyu/Pooling/cat_dog_data/test_set/test_set/cats/cat.4089.jpg,1,1,1.6078939e-06,0.99999845
/data/Zeyu/Pooling/cat_dog_data/test_set/test_set/cats/cat.4090.jpg,1,1,0.0004954523,0.99950457
/data/Zeyu/Pooling/cat_dog_data/test_set/test_set/cats/cat.4091.jpg,1,1,0.25318584,0.7467725
/data/Zeyu/Pooling/cat_dog_data/test_set/test_set/cats/cat.4092.jpg,1,1,4.1772644e-05,0.9999583
/data/Zeyu/Pooling/cat_dog_data/test_set/test_set/cats/cat.4093.jpg,1,1,4.742326e-05,0.99995255
/data/Zeyu/Pooling/cat_dog_data/test_set/test_set/cats/cat.4094.jpg,1,1,2.2426455e-05,0.9999776
/data/Zeyu/Pooling/cat_dog_data/test_set/test_set/cats/cat.4095.jpg,1,1,0.0005828817,0.9994172
/data/Zeyu/Pooling/cat_dog_data/test_set/test_set/cats/cat.4096.jpg,1,1,0.001555279,0.99844474
/data/Zeyu/Pooling/cat_dog_data/test_set/test_set/cats/cat.4097.jpg,1,1,0.00011779884,0.9998822
/data/Zeyu/Pooling/cat_dog_data/test_set/test_set/cats/cat.4098.jpg,1,1,0.0014343583,0.9985656
/data/Zeyu/Pooling/cat_dog_data/test_set/test_set/cats/cat.4099.jpg,1,1,0.00010840562,0.99989164
/data/Zeyu/Pooling/cat_dog_data/test_set/test_set/cats/cat.4100.jpg,1,1,0.00019357275,0.99980646
/data/Zeyu/Pooling/cat_dog_data/test_set/test_set/cats/cat.4101.jpg,1,1,2.4334171e-05,0.9999757
/data/Zeyu/Pooling/cat_dog_data/test_set/test_set/cats/cat.4102.jpg,1,1,0.00032408774,0.99967587
/data/Zeyu/Pooling/cat_dog_data/test_set/test_set/cats/cat.4103.jpg,1,0,0.996801,0.0031984614
/data/Zeyu/Pooling/cat_dog_data/test_set/test_set/cats/cat.4104.jpg,1,1,0.00016186805,0.9998381
/data/Zeyu/Pooling/cat_dog_data/test_set/test_set/cats/cat.4105.jpg,1,1,8.7348686e-05,0.9999126
/data/Zeyu/Pooling/cat_dog_data/test_set/test_set/cats/cat.4106.jpg,1,1,1.2454513e-05,0.9999876
/data/Zeyu/Pooling/cat_dog_data/test_set/test_set/cats/cat.4107.jpg,1,1,6.073238e-05,0.9999393
/data/Zeyu/Pooling/cat_dog_data/test_set/test_set/cats/cat.4108.jpg,1,1,0.004241257,0.9957587
/data/Zeyu/Pooling/cat_dog_data/test_set/test_set/cats/cat.4109.jpg,1,1,9.049328e-05,0.9999095
/data/Zeyu/Pooling/cat_dog_data/test_set/test_set/cats/cat.4110.jpg,1,1,0.19709238,0.8029058
/data/Zeyu/Pooling/cat_dog_data/test_set/test_set/cats/cat.4111.jpg,1,1,6.604774e-05,0.99993396
/data/Zeyu/Pooling/cat_dog_data/test_set/test_set/cats/cat.4112.jpg,1,1,1.1346802e-05,0.9999887
/data/Zeyu/Pooling/cat_dog_data/test_set/test_set/cats/cat.4113.jpg,1,1,5.4602033e-06,0.9999945
/data/Zeyu/Pooling/cat_dog_data/test_set/test_set/cats/cat.4114.jpg,1,1,6.136519e-05,0.9999386
/data/Zeyu/Pooling/cat_dog_data/test_set/test_set/cats/cat.4115.jpg,1,1,0.0033540225,0.996646
/data/Zeyu/Pooling/cat_dog_data/test_set/test_set/cats/cat.4116.jpg,1,1,0.07572834,0.9242629
/data/Zeyu/Pooling/cat_dog_data/test_set/test_set/cats/cat.4117.jpg,1,1,0.00031290593,0.9996871
/data/Zeyu/Pooling/cat_dog_data/test_set/test_set/cats/cat.4118.jpg,1,1,0.45443743,0.5454539
/data/Zeyu/Pooling/cat_dog_data/test_set/test_set/cats/cat.4119.jpg,1,1,0.00014139478,0.9998586
/data/Zeyu/Pooling/cat_dog_data/test_set/test_set/cats/cat.4120.jpg,1,1,0.0048566298,0.9951434
/data/Zeyu/Pooling/cat_dog_data/test_set/test_set/cats/cat.4121.jpg,1,1,0.0007993928,0.99920064
/data/Zeyu/Pooling/cat_dog_data/test_set/test_set/cats/cat.4122.jpg,1,1,8.2710474e-05,0.99991727
/data/Zeyu/Pooling/cat_dog_data/test_set/test_set/cats/cat.4123.jpg,1,1,5.155075e-06,0.9999949
/data/Zeyu/Pooling/cat_dog_data/test_set/test_set/cats/cat.4124.jpg,1,1,0.0026184097,0.9973816
/data/Zeyu/Pooling/cat_dog_data/test_set/test_set/cats/cat.4125.jpg,1,1,0.00020957516,0.9997905
/data/Zeyu/Pooling/cat_dog_data/test_set/test_set/cats/cat.4126.jpg,1,1,0.00031256306,0.99968743
/data/Zeyu/Pooling/cat_dog_data/test_set/test_set/cats/cat.4127.jpg,1,1,1.3306873e-06,0.9999987
/data/Zeyu/Pooling/cat_dog_data/test_set/test_set/cats/cat.4128.jpg,1,1,1.6124719e-05,0.9999839
/data/Zeyu/Pooling/cat_dog_data/test_set/test_set/cats/cat.4001.jpg,1,1,0.00023033842,0.9997696
/data/Zeyu/Pooling/cat_dog_data/test_set/test_set/cats/cat.4002.jpg,1,0,0.80245423,0.19751064
/data/Zeyu/Pooling/cat_dog_data/test_set/test_set/cats/cat.4003.jpg,1,1,0.00010715137,0.99989283
/data/Zeyu/Pooling/cat_dog_data/test_set/test_set/cats/cat.4004.jpg,1,1,0.00037244573,0.9996276
/data/Zeyu/Pooling/cat_dog_data/test_set/test_set/cats/cat.4005.jpg,1,1,0.1745586,0.82543844
/data/Zeyu/Pooling/cat_dog_data/test_set/test_set/cats/cat.4006.jpg,1,1,8.906971e-05,0.99991095
/data/Zeyu/Pooling/cat_dog_data/test_set/test_set/cats/cat.4007.jpg,1,1,0.0003879202,0.99961215
/data/Zeyu/Pooling/cat_dog_data/test_set/test_set/cats/cat.4008.jpg,1,1,3.8168753e-05,0.99996185
/data/Zeyu/Pooling/cat_dog_data/test_set/test_set/cats/cat.4009.jpg,1,0,0.99250823,0.007491788
/data/Zeyu/Pooling/cat_dog_data/test_set/test_set/cats/cat.4010.jpg,1,1,6.529013e-05,0.9999347
/data/Zeyu/Pooling/cat_dog_data/test_set/test_set/cats/cat.4011.jpg,1,1,2.7804208e-05,0.9999722
/data/Zeyu/Pooling/cat_dog_data/test_set/test_set/cats/cat.4012.jpg,1,1,0.00010990465,0.9998901
/data/Zeyu/Pooling/cat_dog_data/test_set/test_set/cats/cat.4013.jpg,1,1,1.5457537e-05,0.9999845
/data/Zeyu/Pooling/cat_dog_data/test_set/test_set/cats/cat.4014.jpg,1,0,0.5081278,0.49183306
/data/Zeyu/Pooling/cat_dog_data/test_set/test_set/cats/cat.4015.jpg,1,0,0.999897,0.00010302999
/data/Zeyu/Pooling/cat_dog_data/test_set/test_set/cats/cat.4016.jpg,1,1,0.019386152,0.9806138
/data/Zeyu/Pooling/cat_dog_data/test_set/test_set/cats/cat.4017.jpg,1,1,0.0005092257,0.99949074
/data/Zeyu/Pooling/cat_dog_data/test_set/test_set/cats/cat.4018.jpg,1,1,0.00010397511,0.99989605
/data/Zeyu/Pooling/cat_dog_data/test_set/test_set/cats/cat.4019.jpg,1,1,9.182606e-05,0.9999082
/data/Zeyu/Pooling/cat_dog_data/test_set/test_set/cats/cat.4020.jpg,1,1,5.310961e-05,0.99994683
/data/Zeyu/Pooling/cat_dog_data/test_set/test_set/cats/cat.4021.jpg,1,1,0.00012478442,0.9998752
/data/Zeyu/Pooling/cat_dog_data/test_set/test_set/cats/cat.4022.jpg,1,1,6.4980566e-05,0.99993503
/data/Zeyu/Pooling/cat_dog_data/test_set/test_set/cats/cat.4023.jpg,1,1,0.0005621653,0.99943787
/data/Zeyu/Pooling/cat_dog_data/test_set/test_set/cats/cat.4024.jpg,1,1,0.00951789,0.9904821
/data/Zeyu/Pooling/cat_dog_data/test_set/test_set/cats/cat.4025.jpg,1,1,3.2426753e-05,0.9999676
/data/Zeyu/Pooling/cat_dog_data/test_set/test_set/cats/cat.4026.jpg,1,0,0.6714948,0.32848957
/data/Zeyu/Pooling/cat_dog_data/test_set/test_set/cats/cat.4027.jpg,1,1,7.6221836e-06,0.9999924
/data/Zeyu/Pooling/cat_dog_data/test_set/test_set/cats/cat.4028.jpg,1,1,0.0035540946,0.99644595
/data/Zeyu/Pooling/cat_dog_data/test_set/test_set/cats/cat.4029.jpg,1,1,0.0001600164,0.9998399
/data/Zeyu/Pooling/cat_dog_data/test_set/test_set/cats/cat.4030.jpg,1,1,0.04290069,0.9570968
/data/Zeyu/Pooling/cat_dog_data/test_set/test_set/cats/cat.4031.jpg,1,1,0.00021029374,0.9997898
/data/Zeyu/Pooling/cat_dog_data/test_set/test_set/cats/cat.4032.jpg,1,1,0.00014467946,0.9998553
/data/Zeyu/Pooling/cat_dog_data/test_set/test_set/cats/cat.4033.jpg,1,1,0.0007287193,0.99927133
/data/Zeyu/Pooling/cat_dog_data/test_set/test_set/cats/cat.4034.jpg,1,1,9.484569e-05,0.9999051
/data/Zeyu/Pooling/cat_dog_data/test_set/test_set/cats/cat.4035.jpg,1,1,9.375788e-05,0.9999062
/data/Zeyu/Pooling/cat_dog_data/test_set/test_set/cats/cat.4036.jpg,1,1,0.000109093664,0.9998909
/data/Zeyu/Pooling/cat_dog_data/test_set/test_set/cats/cat.4037.jpg,1,1,0.00013437311,0.99986565
/data/Zeyu/Pooling/cat_dog_data/test_set/test_set/cats/cat.4038.jpg,1,1,0.19283177,0.8071667
/data/Zeyu/Pooling/cat_dog_data/test_set/test_set/cats/cat.4039.jpg,1,0,0.5838938,0.4161043
/data/Zeyu/Pooling/cat_dog_data/test_set/test_set/cats/cat.4040.jpg,1,1,2.7177215e-05,0.9999728
/data/Zeyu/Pooling/cat_dog_data/test_set/test_set/cats/cat.4041.jpg,1,1,6.443508e-05,0.9999355
/data/Zeyu/Pooling/cat_dog_data/test_set/test_set/cats/cat.4042.jpg,1,1,1.5739288e-05,0.99998426
/data/Zeyu/Pooling/cat_dog_data/test_set/test_set/cats/cat.4043.jpg,1,1,0.00017495874,0.99982506
/data/Zeyu/Pooling/cat_dog_data/test_set/test_set/cats/cat.4044.jpg,1,1,0.00069753977,0.9993025
/data/Zeyu/Pooling/cat_dog_data/test_set/test_set/cats/cat.4045.jpg,1,1,0.00069753977,0.9993025
/data/Zeyu/Pooling/cat_dog_data/test_set/test_set/cats/cat.4046.jpg,1,0,0.9881153,0.011884621
/data/Zeyu/Pooling/cat_dog_data/test_set/test_set/cats/cat.4047.jpg,1,0,0.99957365,0.00042635272
/data/Zeyu/Pooling/cat_dog_data/test_set/test_set/cats/cat.4048.jpg,1,1,0.0002170149,0.999783
/data/Zeyu/Pooling/cat_dog_data/test_set/test_set/cats/cat.4049.jpg,1,1,0.00026197542,0.99973804
/data/Zeyu/Pooling/cat_dog_data/test_set/test_set/cats/cat.4050.jpg,1,1,8.453716e-05,0.9999155
/data/Zeyu/Pooling/cat_dog_data/test_set/test_set/cats/cat.4051.jpg,1,1,4.63274e-07,0.9999995
/data/Zeyu/Pooling/cat_dog_data/test_set/test_set/cats/cat.4052.jpg,1,1,3.4381494e-05,0.99996567
/data/Zeyu/Pooling/cat_dog_data/test_set/test_set/cats/cat.4053.jpg,1,1,0.0019192785,0.99808073
/data/Zeyu/Pooling/cat_dog_data/test_set/test_set/cats/cat.4054.jpg,1,1,0.076514505,0.92340887
/data/Zeyu/Pooling/cat_dog_data/test_set/test_set/cats/cat.4055.jpg,1,1,7.299335e-05,0.99992704
/data/Zeyu/Pooling/cat_dog_data/test_set/test_set/cats/cat.4056.jpg,1,1,0.00025304008,0.999747
/data/Zeyu/Pooling/cat_dog_data/test_set/test_set/cats/cat.4057.jpg,1,1,2.9193316e-06,0.99999714
/data/Zeyu/Pooling/cat_dog_data/test_set/test_set/cats/cat.4058.jpg,1,1,8.377509e-05,0.9999162
/data/Zeyu/Pooling/cat_dog_data/test_set/test_set/cats/cat.4059.jpg,1,1,0.009643366,0.9903566
/data/Zeyu/Pooling/cat_dog_data/test_set/test_set/cats/cat.4060.jpg,1,1,5.70424e-06,0.9999943
/data/Zeyu/Pooling/cat_dog_data/test_set/test_set/cats/cat.4061.jpg,1,1,3.642959e-05,0.9999635
/data/Zeyu/Pooling/cat_dog_data/test_set/test_set/cats/cat.4062.jpg,1,1,6.704965e-05,0.999933
/data/Zeyu/Pooling/cat_dog_data/test_set/test_set/cats/cat.4063.jpg,1,1,6.18933e-05,0.99993813
/data/Zeyu/Pooling/cat_dog_data/test_set/test_set/cats/cat.4064.jpg,1,1,0.00019261483,0.9998074
/data/Zeyu/Pooling/cat_dog_data/test_set/test_set/cats/cat.4065.jpg,1,1,2.902379e-05,0.99997103
/data/Zeyu/Pooling/cat_dog_data/test_set/test_set/cats/cat.4066.jpg,1,0,0.80969167,0.19030641
/data/Zeyu/Pooling/cat_dog_data/test_set/test_set/cats/cat.4067.jpg,1,1,0.00012368694,0.99987626
/data/Zeyu/Pooling/cat_dog_data/test_set/test_set/cats/cat.4068.jpg,1,1,0.0035688707,0.9964311
/data/Zeyu/Pooling/cat_dog_data/test_set/test_set/cats/cat.4069.jpg,1,1,9.933615e-05,0.9999007
/data/Zeyu/Pooling/cat_dog_data/test_set/test_set/cats/cat.4070.jpg,1,1,0.0015298716,0.9984701
/data/Zeyu/Pooling/cat_dog_data/test_set/test_set/cats/cat.4071.jpg,1,1,8.055301e-05,0.9999194
/data/Zeyu/Pooling/cat_dog_data/test_set/test_set/cats/cat.4072.jpg,1,1,0.0002065991,0.99979347
/data/Zeyu/Pooling/cat_dog_data/test_set/test_set/cats/cat.4073.jpg,1,1,4.9947907e-05,0.99995005
/data/Zeyu/Pooling/cat_dog_data/test_set/test_set/cats/cat.4074.jpg,1,0,0.9990676,0.0009324725
/data/Zeyu/Pooling/cat_dog_data/test_set/test_set/cats/cat.4075.jpg,1,0,0.7373932,0.26257247
/data/Zeyu/Pooling/cat_dog_data/test_set/test_set/cats/cat.4076.jpg,1,1,0.00019285115,0.9998072
/data/Zeyu/Pooling/cat_dog_data/test_set/test_set/cats/cat.4077.jpg,1,1,2.5573072e-05,0.99997437
/data/Zeyu/Pooling/cat_dog_data/test_set/test_set/cats/cat.4078.jpg,1,1,2.393896e-05,0.99997604
/data/Zeyu/Pooling/cat_dog_data/test_set/test_set/cats/cat.4079.jpg,1,1,3.4301935e-05,0.99996567
/data/Zeyu/Pooling/cat_dog_data/test_set/test_set/cats/cat.4080.jpg,1,1,2.0685111e-05,0.99997926
/data/Zeyu/Pooling/cat_dog_data/test_set/test_set/cats/cat.4081.jpg,1,1,5.3649903e-05,0.99994636
/data/Zeyu/Pooling/cat_dog_data/test_set/test_set/cats/cat.4082.jpg,1,1,0.006387586,0.99361247
/data/Zeyu/Pooling/cat_dog_data/test_set/test_set/cats/cat.4083.jpg,1,1,0.0002093271,0.9997907
/data/Zeyu/Pooling/cat_dog_data/test_set/test_set/cats/cat.4084.jpg,1,1,0.00012773542,0.9998722
/data/Zeyu/Pooling/cat_dog_data/test_set/test_set/cats/cat.4085.jpg,1,1,0.00010694742,0.99989307
/data/Zeyu/Pooling/cat_dog_data/test_set/test_set/cats/cat.4086.jpg,1,1,0.00010694742,0.99989307
/data/Zeyu/Pooling/cat_dog_data/test_set/test_set/cats/cat.4087.jpg,1,1,6.437698e-05,0.9999356
/data/Zeyu/Pooling/cat_dog_data/test_set/test_set/cats/cat.4088.jpg,1,1,5.9412898e-05,0.99994063
/data/Zeyu/Pooling/cat_dog_data/test_set/test_set/cats/cat.4089.jpg,1,1,2.5691748e-05,0.99997425
/data/Zeyu/Pooling/cat_dog_data/test_set/test_set/cats/cat.4090.jpg,1,1,1.0145063e-05,0.99998987
/data/Zeyu/Pooling/cat_dog_data/test_set/test_set/cats/cat.4091.jpg,1,0,0.949834,0.05016593
/data/Zeyu/Pooling/cat_dog_data/test_set/test_set/cats/cat.4092.jpg,1,1,0.0028216532,0.9971783
/data/Zeyu/Pooling/cat_dog_data/test_set/test_set/cats/cat.4093.jpg,1,1,3.81622e-05,0.99996185
/data/Zeyu/Pooling/cat_dog_data/test_set/test_set/cats/cat.4094.jpg,1,1,0.12092035,0.87907356
/data/Zeyu/Pooling/cat_dog_data/test_set/test_set/cats/cat.4095.jpg,1,1,0.00014507955,0.9998549
/data/Zeyu/Pooling/cat_dog_data/test_set/test_set/cats/cat.4096.jpg,1,1,9.896929e-05,0.99990106
/data/Zeyu/Pooling/cat_dog_data/test_set/test_set/cats/cat.4097.jpg,1,1,6.0790666e-05,0.9999392
/data/Zeyu/Pooling/cat_dog_data/test_set/test_set/cats/cat.4098.jpg,1,1,0.00014654291,0.9998535
/data/Zeyu/Pooling/cat_dog_data/test_set/test_set/cats/cat.4099.jpg,1,0,0.99994147,5.8577585e-05
/data/Zeyu/Pooling/cat_dog_data/test_set/test_set/cats/cat.4100.jpg,1,1,0.00022079046,0.99977916
/data/Zeyu/Pooling/cat_dog_data/test_set/test_set/cats/cat.4101.jpg,1,1,0.00022079046,0.99977916
/data/Zeyu/Pooling/cat_dog_data/test_set/test_set/cats/cat.4102.jpg,1,1,2.0164614e-06,0.999998
/data/Zeyu/Pooling/cat_dog_data/test_set/test_set/cats/cat.4103.jpg,1,1,0.23603395,0.7589908
/data/Zeyu/Pooling/cat_dog_data/test_set/test_set/cats/cat.4104.jpg,1,0,0.9915684,0.008431486
/data/Zeyu/Pooling/cat_dog_data/test_set/test_set/cats/cat.4105.jpg,1,1,2.6475097e-06,0.9999974
/data/Zeyu/Pooling/cat_dog_data/test_set/test_set/cats/cat.4106.jpg,1,1,8.6381115e-05,0.9999136
/data/Zeyu/Pooling/cat_dog_data/test_set/test_set/cats/cat.4107.jpg,1,1,7.5918295e-05,0.99992406
/data/Zeyu/Pooling/cat_dog_data/test_set/test_set/cats/cat.4108.jpg,1,1,5.8140704e-05,0.9999418
/data/Zeyu/Pooling/cat_dog_data/test_set/test_set/cats/cat.4109.jpg,1,1,0.070349514,0.92963916
/data/Zeyu/Pooling/cat_dog_data/test_set/test_set/cats/cat.4110.jpg,1,1,0.00021452314,0.9997855
/data/Zeyu/Pooling/cat_dog_data/test_set/test_set/cats/cat.4111.jpg,1,1,2.6723083e-06,0.9999974
/data/Zeyu/Pooling/cat_dog_data/test_set/test_set/cats/cat.4112.jpg,1,1,0.00025755173,0.99974245
/data/Zeyu/Pooling/cat_dog_data/test_set/test_set/cats/cat.4113.jpg,1,1,1.92481e-05,0.9999808
/data/Zeyu/Pooling/cat_dog_data/test_set/test_set/cats/cat.4114.jpg,1,1,4.302956e-05,0.99995697
/data/Zeyu/Pooling/cat_dog_data/test_set/test_set/cats/cat.4115.jpg,1,1,0.011164416,0.98883563
/data/Zeyu/Pooling/cat_dog_data/test_set/test_set/cats/cat.4116.jpg,1,0,0.94855815,0.051435772
/data/Zeyu/Pooling/cat_dog_data/test_set/test_set/cats/cat.4117.jpg,1,1,0.000225003,0.999775
/data/Zeyu/Pooling/cat_dog_data/test_set/test_set/cats/cat.4118.jpg,1,1,9.001013e-05,0.99991
/data/Zeyu/Pooling/cat_dog_data/test_set/test_set/cats/cat.4119.jpg,1,1,3.0147454e-05,0.99996984
/data/Zeyu/Pooling/cat_dog_data/test_set/test_set/cats/cat.4120.jpg,1,1,0.0008464266,0.9991536
/data/Zeyu/Pooling/cat_dog_data/test_set/test_set/cats/cat.4121.jpg,1,1,0.00029935964,0.99970067
/data/Zeyu/Pooling/cat_dog_data/test_set/test_set/cats/cat.4122.jpg,1,1,4.9674585e-05,0.9999503
/data/Zeyu/Pooling/cat_dog_data/test_set/test_set/cats/cat.4123.jpg,1,1,0.000399369,0.9996007
/data/Zeyu/Pooling/cat_dog_data/test_set/test_set/cats/cat.4124.jpg,1,1,2.433345e-05,0.9999757
/data/Zeyu/Pooling/cat_dog_data/test_set/test_set/cats/cat.4125.jpg,1,1,0.000771046,0.99922895
/data/Zeyu/Pooling/cat_dog_data/test_set/test_set/cats/cat.4126.jpg,1,1,0.00017915347,0.9998209
/data/Zeyu/Pooling/cat_dog_data/test_set/test_set/cats/cat.4127.jpg,1,1,0.16452916,0.8354057
/data/Zeyu/Pooling/cat_dog_data/test_set/test_set/cats/cat.4128.jpg,1,1,1.1609358e-05,0.99998844
/data/Zeyu/Pooling/cat_dog_data/test_set/test_set/cats/cat.4001.jpg,1,1,7.609051e-05,0.99992394
/data/Zeyu/Pooling/cat_dog_data/test_set/test_set/cats/cat.4002.jpg,1,1,0.00012210729,0.9998779
/data/Zeyu/Pooling/cat_dog_data/test_set/test_set/cats/cat.4003.jpg,1,1,0.0009778431,0.9990221
/data/Zeyu/Pooling/cat_dog_data/test_set/test_set/cats/cat.4004.jpg,1,1,0.006565925,0.9934341
/data/Zeyu/Pooling/cat_dog_data/test_set/test_set/cats/cat.4005.jpg,1,0,0.88378656,0.11621316
/data/Zeyu/Pooling/cat_dog_data/test_set/test_set/cats/cat.4006.jpg,1,1,0.06620616,0.9337936
/data/Zeyu/Pooling/cat_dog_data/test_set/test_set/cats/cat.4007.jpg,1,1,8.606571e-05,0.99991393
/data/Zeyu/Pooling/cat_dog_data/test_set/test_set/cats/cat.4008.jpg,1,1,0.00016699683,0.999833
/data/Zeyu/Pooling/cat_dog_data/test_set/test_set/cats/cat.4009.jpg,1,0,0.99917656,0.000823443
/data/Zeyu/Pooling/cat_dog_data/test_set/test_set/cats/cat.4010.jpg,1,1,6.748494e-05,0.9999325
/data/Zeyu/Pooling/cat_dog_data/test_set/test_set/cats/cat.4011.jpg,1,1,5.385282e-07,0.9999994
/data/Zeyu/Pooling/cat_dog_data/test_set/test_set/cats/cat.4012.jpg,1,1,2.5909058e-05,0.99997413
/data/Zeyu/Pooling/cat_dog_data/test_set/test_set/cats/cat.4013.jpg,1,0,0.99979705,0.0002029796
/data/Zeyu/Pooling/cat_dog_data/test_set/test_set/cats/cat.4014.jpg,1,1,5.990032e-05,0.99994004
/data/Zeyu/Pooling/cat_dog_data/test_set/test_set/cats/cat.4015.jpg,1,1,0.00011321559,0.99988675
/data/Zeyu/Pooling/cat_dog_data/test_set/test_set/cats/cat.4016.jpg,1,1,0.023409052,0.9765909
/data/Zeyu/Pooling/cat_dog_data/test_set/test_set/cats/cat.4017.jpg,1,1,0.00014052085,0.99985945
/data/Zeyu/Pooling/cat_dog_data/test_set/test_set/cats/cat.4018.jpg,1,1,7.915563e-05,0.99992085
/data/Zeyu/Pooling/cat_dog_data/test_set/test_set/cats/cat.4019.jpg,1,1,0.00024228134,0.9997577
/data/Zeyu/Pooling/cat_dog_data/test_set/test_set/cats/cat.4020.jpg,1,0,0.96849054,0.03150944
/data/Zeyu/Pooling/cat_dog_data/test_set/test_set/cats/cat.4021.jpg,1,1,0.011465858,0.98853415
/data/Zeyu/Pooling/cat_dog_data/test_set/test_set/cats/cat.4022.jpg,1,0,0.9988927,0.0011072508
/data/Zeyu/Pooling/cat_dog_data/test_set/test_set/cats/cat.4023.jpg,1,1,0.0007990223,0.999201
/data/Zeyu/Pooling/cat_dog_data/test_set/test_set/cats/cat.4024.jpg,1,1,5.3320007e-05,0.9999467
/data/Zeyu/Pooling/cat_dog_data/test_set/test_set/cats/cat.4025.jpg,1,1,0.00034587175,0.9996542
/data/Zeyu/Pooling/cat_dog_data/test_set/test_set/cats/cat.4026.jpg,1,1,0.00045653022,0.9995435
/data/Zeyu/Pooling/cat_dog_data/test_set/test_set/cats/cat.4027.jpg,1,1,1.4189551e-05,0.9999858
/data/Zeyu/Pooling/cat_dog_data/test_set/test_set/cats/cat.4028.jpg,1,1,8.586766e-05,0.99991417
/data/Zeyu/Pooling/cat_dog_data/test_set/test_set/cats/cat.4029.jpg,1,1,2.7288994e-05,0.9999727
/data/Zeyu/Pooling/cat_dog_data/test_set/test_set/cats/cat.4030.jpg,1,1,7.1249137e-06,0.99999285
/data/Zeyu/Pooling/cat_dog_data/test_set/test_set/cats/cat.4031.jpg,1,1,0.018032482,0.98196757
/data/Zeyu/Pooling/cat_dog_data/test_set/test_set/cats/cat.4032.jpg,1,1,0.0019524188,0.9980476
/data/Zeyu/Pooling/cat_dog_data/test_set/test_set/cats/cat.4033.jpg,1,1,3.9490387e-05,0.99996054
/data/Zeyu/Pooling/cat_dog_data/test_set/test_set/cats/cat.4034.jpg,1,1,7.537985e-05,0.99992466
/data/Zeyu/Pooling/cat_dog_data/test_set/test_set/cats/cat.4035.jpg,1,1,0.00019902652,0.999801
/data/Zeyu/Pooling/cat_dog_data/test_set/test_set/cats/cat.4036.jpg,1,1,6.853806e-05,0.99993145
/data/Zeyu/Pooling/cat_dog_data/test_set/test_set/cats/cat.4037.jpg,1,1,0.00016307813,0.9998369
/data/Zeyu/Pooling/cat_dog_data/test_set/test_set/cats/cat.4038.jpg,1,1,0.22067925,0.7793138
/data/Zeyu/Pooling/cat_dog_data/test_set/test_set/cats/cat.4039.jpg,1,1,8.010037e-05,0.9999199
/data/Zeyu/Pooling/cat_dog_data/test_set/test_set/cats/cat.4040.jpg,1,1,0.0006704012,0.99932957
/data/Zeyu/Pooling/cat_dog_data/test_set/test_set/cats/cat.4041.jpg,1,1,0.00033510948,0.9996649
/data/Zeyu/Pooling/cat_dog_data/test_set/test_set/cats/cat.4042.jpg,1,1,0.00010897316,0.99989104
/data/Zeyu/Pooling/cat_dog_data/test_set/test_set/cats/cat.4043.jpg,1,1,4.54146e-06,0.99999547
/data/Zeyu/Pooling/cat_dog_data/test_set/test_set/cats/cat.4044.jpg,1,1,0.011735266,0.9882647
/data/Zeyu/Pooling/cat_dog_data/test_set/test_set/cats/cat.4045.jpg,1,1,0.013559642,0.98644036
/data/Zeyu/Pooling/cat_dog_data/test_set/test_set/cats/cat.4046.jpg,1,0,0.99996805,3.1910036e-05
/data/Zeyu/Pooling/cat_dog_data/test_set/test_set/cats/cat.4047.jpg,1,1,4.4551457e-06,0.9999956
/data/Zeyu/Pooling/cat_dog_data/test_set/test_set/cats/cat.4048.jpg,1,1,9.630994e-05,0.9999037
/data/Zeyu/Pooling/cat_dog_data/test_set/test_set/cats/cat.4049.jpg,1,1,2.1847332e-05,0.9999782
/data/Zeyu/Pooling/cat_dog_data/test_set/test_set/cats/cat.4050.jpg,1,1,0.069859736,0.93014
/data/Zeyu/Pooling/cat_dog_data/test_set/test_set/cats/cat.4051.jpg,1,1,0.00017049065,0.99982953
/data/Zeyu/Pooling/cat_dog_data/test_set/test_set/cats/cat.4052.jpg,1,1,2.1839582e-05,0.9999782
/data/Zeyu/Pooling/cat_dog_data/test_set/test_set/cats/cat.4053.jpg,1,1,6.4223937e-06,0.99999356
/data/Zeyu/Pooling/cat_dog_data/test_set/test_set/cats/cat.4054.jpg,1,1,0.000108881344,0.99989116
/data/Zeyu/Pooling/cat_dog_data/test_set/test_set/cats/cat.4055.jpg,1,1,0.00025599034,0.999744
/data/Zeyu/Pooling/cat_dog_data/test_set/test_set/cats/cat.4056.jpg,1,1,0.00011467437,0.9998853
/data/Zeyu/Pooling/cat_dog_data/test_set/test_set/cats/cat.4057.jpg,1,0,0.9669864,0.03301248
/data/Zeyu/Pooling/cat_dog_data/test_set/test_set/cats/cat.4058.jpg,1,1,4.2400054e-05,0.99995756
/data/Zeyu/Pooling/cat_dog_data/test_set/test_set/cats/cat.4059.jpg,1,1,3.431902e-05,0.99996567
/data/Zeyu/Pooling/cat_dog_data/test_set/test_set/cats/cat.4060.jpg,1,1,0.000379863,0.9996201
/data/Zeyu/Pooling/cat_dog_data/test_set/test_set/cats/cat.4061.jpg,1,1,2.2899429e-05,0.9999771
/data/Zeyu/Pooling/cat_dog_data/test_set/test_set/cats/cat.4062.jpg,1,0,0.9947024,0.005297594
/data/Zeyu/Pooling/cat_dog_data/test_set/test_set/cats/cat.4063.jpg,1,1,0.026771141,0.97322875
/data/Zeyu/Pooling/cat_dog_data/test_set/test_set/cats/cat.4064.jpg,1,0,0.97008485,0.029915154
/data/Zeyu/Pooling/cat_dog_data/test_set/test_set/cats/cat.4065.jpg,1,1,0.00021469625,0.99978536
/data/Zeyu/Pooling/cat_dog_data/test_set/test_set/cats/cat.4066.jpg,1,1,0.00016360644,0.9998363
/data/Zeyu/Pooling/cat_dog_data/test_set/test_set/cats/cat.4067.jpg,1,1,0.12024833,0.87974924
/data/Zeyu/Pooling/cat_dog_data/test_set/test_set/cats/cat.4068.jpg,1,1,0.00020497132,0.999795
/data/Zeyu/Pooling/cat_dog_data/test_set/test_set/cats/cat.4069.jpg,1,1,8.47121e-05,0.99991524
/data/Zeyu/Pooling/cat_dog_data/test_set/test_set/cats/cat.4070.jpg,1,1,0.0005186482,0.9994814
/data/Zeyu/Pooling/cat_dog_data/test_set/test_set/cats/cat.4071.jpg,1,1,0.00033772452,0.9996623
/data/Zeyu/Pooling/cat_dog_data/test_set/test_set/cats/cat.4072.jpg,1,1,0.00010235644,0.9998976
/data/Zeyu/Pooling/cat_dog_data/test_set/test_set/cats/cat.4073.jpg,1,1,6.75695e-05,0.9999324
/data/Zeyu/Pooling/cat_dog_data/test_set/test_set/cats/cat.4074.jpg,1,1,9.735159e-06,0.9999902
/data/Zeyu/Pooling/cat_dog_data/test_set/test_set/cats/cat.4075.jpg,1,1,7.250117e-07,0.9999993
/data/Zeyu/Pooling/cat_dog_data/test_set/test_set/cats/cat.4076.jpg,1,1,1.5205753e-05,0.99998474
/data/Zeyu/Pooling/cat_dog_data/test_set/test_set/cats/cat.4077.jpg,1,1,0.000104336825,0.9998957
/data/Zeyu/Pooling/cat_dog_data/test_set/test_set/cats/cat.4078.jpg,1,1,0.00016788837,0.99983203
/data/Zeyu/Pooling/cat_dog_data/test_set/test_set/cats/cat.4079.jpg,1,1,5.569967e-05,0.9999443
/data/Zeyu/Pooling/cat_dog_data/test_set/test_set/cats/cat.4080.jpg,1,1,0.00011131397,0.99988866
/data/Zeyu/Pooling/cat_dog_data/test_set/test_set/cats/cat.4081.jpg,1,1,0.00019749303,0.99980253
/data/Zeyu/Pooling/cat_dog_data/test_set/test_set/cats/cat.4082.jpg,1,1,0.00019962517,0.9998004
/data/Zeyu/Pooling/cat_dog_data/test_set/test_set/cats/cat.4083.jpg,1,1,0.00013041105,0.9998696
/data/Zeyu/Pooling/cat_dog_data/test_set/test_set/cats/cat.4084.jpg,1,1,0.00011295442,0.999887
/data/Zeyu/Pooling/cat_dog_data/test_set/test_set/cats/cat.4085.jpg,1,1,0.0017815137,0.9982185
/data/Zeyu/Pooling/cat_dog_data/test_set/test_set/cats/cat.4086.jpg,1,0,0.9991773,0.00082272687
/data/Zeyu/Pooling/cat_dog_data/test_set/test_set/cats/cat.4087.jpg,1,1,0.00015750356,0.9998425
/data/Zeyu/Pooling/cat_dog_data/test_set/test_set/cats/cat.4088.jpg,1,0,0.9934496,0.0065503796
/data/Zeyu/Pooling/cat_dog_data/test_set/test_set/cats/cat.4089.jpg,1,1,0.0013737438,0.99862623
/data/Zeyu/Pooling/cat_dog_data/test_set/test_set/cats/cat.4090.jpg,1,1,0.00360993,0.99639004
/data/Zeyu/Pooling/cat_dog_data/test_set/test_set/cats/cat.4091.jpg,1,1,0.00036175086,0.9996382
/data/Zeyu/Pooling/cat_dog_data/test_set/test_set/cats/cat.4092.jpg,1,1,0.000718624,0.99928135
/data/Zeyu/Pooling/cat_dog_data/test_set/test_set/cats/cat.4093.jpg,1,1,4.5595974e-05,0.99995434
/data/Zeyu/Pooling/cat_dog_data/test_set/test_set/cats/cat.4094.jpg,1,1,0.00904503,0.99095494
/data/Zeyu/Pooling/cat_dog_data/test_set/test_set/cats/cat.4095.jpg,1,1,0.014166458,0.98583347
/data/Zeyu/Pooling/cat_dog_data/test_set/test_set/cats/cat.4096.jpg,1,1,0.00075157563,0.99924845
/data/Zeyu/Pooling/cat_dog_data/test_set/test_set/cats/cat.4097.jpg,1,1,1.9032085e-06,0.9999981
/data/Zeyu/Pooling/cat_dog_data/test_set/test_set/cats/cat.4098.jpg,1,1,0.072349675,0.9276457
/data/Zeyu/Pooling/cat_dog_data/test_set/test_set/cats/cat.4099.jpg,1,1,0.14824767,0.8517132
/data/Zeyu/Pooling/cat_dog_data/test_set/test_set/cats/cat.4100.jpg,1,1,4.6151285e-06,0.99999535
/data/Zeyu/Pooling/cat_dog_data/test_set/test_set/cats/cat.4101.jpg,1,1,0.00016556986,0.9998344
/data/Zeyu/Pooling/cat_dog_data/test_set/test_set/cats/cat.4102.jpg,1,1,8.123525e-06,0.9999919
/data/Zeyu/Pooling/cat_dog_data/test_set/test_set/cats/cat.4103.jpg,1,1,6.751488e-05,0.9999325
/data/Zeyu/Pooling/cat_dog_data/test_set/test_set/cats/cat.4104.jpg,1,1,4.751778e-05,0.99995244
/data/Zeyu/Pooling/cat_dog_data/test_set/test_set/cats/cat.4105.jpg,1,1,0.37985253,0.6200608
/data/Zeyu/Pooling/cat_dog_data/test_set/test_set/cats/cat.4106.jpg,1,1,0.00012989662,0.99987006
/data/Zeyu/Pooling/cat_dog_data/test_set/test_set/cats/cat.4107.jpg,1,1,0.015375098,0.98462486
/data/Zeyu/Pooling/cat_dog_data/test_set/test_set/cats/cat.4108.jpg,1,1,0.0051018563,0.99489814
/data/Zeyu/Pooling/cat_dog_data/test_set/test_set/cats/cat.4109.jpg,1,1,0.00010590758,0.999894
/data/Zeyu/Pooling/cat_dog_data/test_set/test_set/cats/cat.4110.jpg,1,1,0.009785327,0.9902147
/data/Zeyu/Pooling/cat_dog_data/test_set/test_set/cats/cat.4111.jpg,1,1,0.00042351094,0.9995765
/data/Zeyu/Pooling/cat_dog_data/test_set/test_set/cats/cat.4112.jpg,1,1,3.0307296e-05,0.9999697
/data/Zeyu/Pooling/cat_dog_data/test_set/test_set/cats/cat.4113.jpg,1,0,0.98602366,0.013976303
/data/Zeyu/Pooling/cat_dog_data/test_set/test_set/cats/cat.4114.jpg,1,1,0.00011160403,0.9998884
/data/Zeyu/Pooling/cat_dog_data/test_set/test_set/cats/cat.4115.jpg,1,1,0.00015187857,0.9998481
/data/Zeyu/Pooling/cat_dog_data/test_set/test_set/cats/cat.4116.jpg,1,1,2.3105562e-05,0.9999769
/data/Zeyu/Pooling/cat_dog_data/test_set/test_set/cats/cat.4117.jpg,1,1,0.021362275,0.97863764
/data/Zeyu/Pooling/cat_dog_data/test_set/test_set/cats/cat.4118.jpg,1,1,0.0045654573,0.9954346
/data/Zeyu/Pooling/cat_dog_data/test_set/test_set/cats/cat.4119.jpg,1,1,0.00017252237,0.9998275
/data/Zeyu/Pooling/cat_dog_data/test_set/test_set/cats/cat.4120.jpg,1,1,0.0012928143,0.9987072
/data/Zeyu/Pooling/cat_dog_data/test_set/test_set/cats/cat.4121.jpg,1,1,0.00010346653,0.9998965
/data/Zeyu/Pooling/cat_dog_data/test_set/test_set/cats/cat.4122.jpg,1,1,0.0002327261,0.99976724
/data/Zeyu/Pooling/cat_dog_data/test_set/test_set/cats/cat.4123.jpg,1,1,1.629193e-06,0.99999833
/data/Zeyu/Pooling/cat_dog_data/test_set/test_set/cats/cat.4124.jpg,1,1,6.793759e-05,0.99993205
/data/Zeyu/Pooling/cat_dog_data/test_set/test_set/cats/cat.4125.jpg,1,1,0.0002868754,0.9997131
/data/Zeyu/Pooling/cat_dog_data/test_set/test_set/cats/cat.4126.jpg,1,1,8.896735e-05,0.99991107
/data/Zeyu/Pooling/cat_dog_data/test_set/test_set/cats/cat.4127.jpg,1,1,0.0003735933,0.9996264
/data/Zeyu/Pooling/cat_dog_data/test_set/test_set/cats/cat.4128.jpg,1,1,9.259685e-05,0.9999074
/data/Zeyu/Pooling/cat_dog_data/test_set/test_set/cats/cat.4001.jpg,1,1,0.0664627,0.93353707
/data/Zeyu/Pooling/cat_dog_data/test_set/test_set/cats/cat.4002.jpg,1,1,0.00022905854,0.99977094
/data/Zeyu/Pooling/cat_dog_data/test_set/test_set/cats/cat.4003.jpg,1,1,0.0010648405,0.99893516
/data/Zeyu/Pooling/cat_dog_data/test_set/test_set/cats/cat.4004.jpg,1,1,0.00011771899,0.9998822
/data/Zeyu/Pooling/cat_dog_data/test_set/test_set/cats/cat.4005.jpg,1,1,0.0003382362,0.9996618
/data/Zeyu/Pooling/cat_dog_data/test_set/test_set/cats/cat.4006.jpg,1,1,2.1684365e-05,0.9999783
/data/Zeyu/Pooling/cat_dog_data/test_set/test_set/cats/cat.4007.jpg,1,1,0.00012649955,0.9998735
/data/Zeyu/Pooling/cat_dog_data/test_set/test_set/cats/cat.4008.jpg,1,1,3.229248e-05,0.9999677
/data/Zeyu/Pooling/cat_dog_data/test_set/test_set/cats/cat.4009.jpg,1,1,0.00015080362,0.9998492
/data/Zeyu/Pooling/cat_dog_data/test_set/test_set/cats/cat.4010.jpg,1,1,0.00034123813,0.9996588
/data/Zeyu/Pooling/cat_dog_data/test_set/test_set/cats/cat.4011.jpg,1,1,0.00026936614,0.99973065
/data/Zeyu/Pooling/cat_dog_data/test_set/test_set/cats/cat.4012.jpg,1,1,0.000114805225,0.9998852
/data/Zeyu/Pooling/cat_dog_data/test_set/test_set/cats/cat.4013.jpg,1,1,0.0013706582,0.99862933
/data/Zeyu/Pooling/cat_dog_data/test_set/test_set/cats/cat.4014.jpg,1,0,0.7919856,0.20801376
/data/Zeyu/Pooling/cat_dog_data/test_set/test_set/cats/cat.4015.jpg,1,1,0.0005815856,0.9994184
/data/Zeyu/Pooling/cat_dog_data/test_set/test_set/cats/cat.4016.jpg,1,1,9.866586e-05,0.9999013
/data/Zeyu/Pooling/cat_dog_data/test_set/test_set/cats/cat.4017.jpg,1,1,3.7415248e-06,0.9999963
/data/Zeyu/Pooling/cat_dog_data/test_set/test_set/cats/cat.4018.jpg,1,1,0.0061871,0.9938129
/data/Zeyu/Pooling/cat_dog_data/test_set/test_set/cats/cat.4019.jpg,1,1,3.6869686e-05,0.99996316
/data/Zeyu/Pooling/cat_dog_data/test_set/test_set/cats/cat.4020.jpg,1,1,0.0015762512,0.9984238
/data/Zeyu/Pooling/cat_dog_data/test_set/test_set/cats/cat.4021.jpg,1,1,0.0070943353,0.9929056
/data/Zeyu/Pooling/cat_dog_data/test_set/test_set/cats/cat.4022.jpg,1,1,0.00041301284,0.999587
/data/Zeyu/Pooling/cat_dog_data/test_set/test_set/cats/cat.4023.jpg,1,1,3.1215688e-05,0.99996877
/data/Zeyu/Pooling/cat_dog_data/test_set/test_set/cats/cat.4024.jpg,1,1,4.0836997e-07,0.99999964
/data/Zeyu/Pooling/cat_dog_data/test_set/test_set/cats/cat.4025.jpg,1,1,6.392441e-05,0.9999361
/data/Zeyu/Pooling/cat_dog_data/test_set/test_set/cats/cat.4026.jpg,1,1,0.15664959,0.8433033
/data/Zeyu/Pooling/cat_dog_data/test_set/test_set/cats/cat.4027.jpg,1,1,1.9779762e-05,0.9999802
/data/Zeyu/Pooling/cat_dog_data/test_set/test_set/cats/cat.4028.jpg,1,1,8.074535e-05,0.9999193
/data/Zeyu/Pooling/cat_dog_data/test_set/test_set/cats/cat.4029.jpg,1,1,0.00012074425,0.99987924
/data/Zeyu/Pooling/cat_dog_data/test_set/test_set/cats/cat.4030.jpg,1,1,0.00026986792,0.99973017
/data/Zeyu/Pooling/cat_dog_data/test_set/test_set/cats/cat.4031.jpg,1,1,2.5896508e-05,0.99997413
/data/Zeyu/Pooling/cat_dog_data/test_set/test_set/cats/cat.4032.jpg,1,1,2.8521832e-05,0.9999715
/data/Zeyu/Pooling/cat_dog_data/test_set/test_set/cats/cat.4033.jpg,1,0,0.8237723,0.1762269
/data/Zeyu/Pooling/cat_dog_data/test_set/test_set/cats/cat.4034.jpg,1,1,0.0025848253,0.9974152
/data/Zeyu/Pooling/cat_dog_data/test_set/test_set/cats/cat.4035.jpg,1,1,3.5486974e-05,0.9999645
/data/Zeyu/Pooling/cat_dog_data/test_set/test_set/cats/cat.4036.jpg,1,1,0.055753388,0.9442461
/data/Zeyu/Pooling/cat_dog_data/test_set/test_set/cats/cat.4037.jpg,1,1,0.0041146157,0.9958853
/data/Zeyu/Pooling/cat_dog_data/test_set/test_set/cats/cat.4038.jpg,1,1,9.304617e-06,0.9999907
/data/Zeyu/Pooling/cat_dog_data/test_set/test_set/cats/cat.4039.jpg,1,1,7.2994067e-06,0.9999927
/data/Zeyu/Pooling/cat_dog_data/test_set/test_set/cats/cat.4040.jpg,1,1,0.00047878764,0.99952126
/data/Zeyu/Pooling/cat_dog_data/test_set/test_set/cats/cat.4041.jpg,1,1,6.6739653e-06,0.9999933
/data/Zeyu/Pooling/cat_dog_data/test_set/test_set/cats/cat.4042.jpg,1,1,9.88774e-05,0.99990106
/data/Zeyu/Pooling/cat_dog_data/test_set/test_set/cats/cat.4043.jpg,1,1,0.00012645396,0.9998735
/data/Zeyu/Pooling/cat_dog_data/test_set/test_set/cats/cat.4044.jpg,1,0,0.6357263,0.3642064
/data/Zeyu/Pooling/cat_dog_data/test_set/test_set/cats/cat.4045.jpg,1,1,0.0001446734,0.9998553
/data/Zeyu/Pooling/cat_dog_data/test_set/test_set/cats/cat.4046.jpg,1,1,0.0004707717,0.99952924
/data/Zeyu/Pooling/cat_dog_data/test_set/test_set/cats/cat.4047.jpg,1,1,0.0004707717,0.99952924
/data/Zeyu/Pooling/cat_dog_data/test_set/test_set/cats/cat.4048.jpg,1,1,0.00066698034,0.99933296
/data/Zeyu/Pooling/cat_dog_data/test_set/test_set/cats/cat.4049.jpg,1,1,8.269217e-05,0.99991727
/data/Zeyu/Pooling/cat_dog_data/test_set/test_set/cats/cat.4050.jpg,1,1,1.2283428e-05,0.9999877
/data/Zeyu/Pooling/cat_dog_data/test_set/test_set/cats/cat.4051.jpg,1,1,8.889762e-05,0.99991107
/data/Zeyu/Pooling/cat_dog_data/test_set/test_set/cats/cat.4052.jpg,1,1,0.04545717,0.9545417
/data/Zeyu/Pooling/cat_dog_data/test_set/test_set/cats/cat.4053.jpg,1,1,3.9767665e-06,0.99999607
/data/Zeyu/Pooling/cat_dog_data/test_set/test_set/cats/cat.4054.jpg,1,1,3.9767665e-06,0.99999607
/data/Zeyu/Pooling/cat_dog_data/test_set/test_set/cats/cat.4055.jpg,1,1,9.4126146e-05,0.9999058
/data/Zeyu/Pooling/cat_dog_data/test_set/test_set/cats/cat.4056.jpg,1,1,9.2860563e-07,0.99999905
/data/Zeyu/Pooling/cat_dog_data/test_set/test_set/cats/cat.4057.jpg,1,1,2.762259e-05,0.99997234
/data/Zeyu/Pooling/cat_dog_data/test_set/test_set/cats/cat.4058.jpg,1,1,0.097658895,0.9023181
/data/Zeyu/Pooling/cat_dog_data/test_set/test_set/cats/cat.4059.jpg,1,1,1.4807e-05,0.9999852
/data/Zeyu/Pooling/cat_dog_data/test_set/test_set/cats/cat.4060.jpg,1,1,0.0006712267,0.99932885
/data/Zeyu/Pooling/cat_dog_data/test_set/test_set/cats/cat.4061.jpg,1,1,0.0006712267,0.99932885
/data/Zeyu/Pooling/cat_dog_data/test_set/test_set/cats/cat.4062.jpg,1,1,8.0155856e-05,0.9999199
/data/Zeyu/Pooling/cat_dog_data/test_set/test_set/cats/cat.4063.jpg,1,1,8.509474e-05,0.9999149
/data/Zeyu/Pooling/cat_dog_data/test_set/test_set/cats/cat.4064.jpg,1,1,0.0018877742,0.9981122
/data/Zeyu/Pooling/cat_dog_data/test_set/test_set/cats/cat.4065.jpg,1,1,4.8492104e-05,0.9999515
/data/Zeyu/Pooling/cat_dog_data/test_set/test_set/cats/cat.4066.jpg,1,1,0.000108117994,0.9998919
/data/Zeyu/Pooling/cat_dog_data/test_set/test_set/cats/cat.4067.jpg,1,1,0.00021158133,0.99978846
/data/Zeyu/Pooling/cat_dog_data/test_set/test_set/cats/cat.4068.jpg,1,1,0.00024697158,0.99975306
/data/Zeyu/Pooling/cat_dog_data/test_set/test_set/cats/cat.4069.jpg,1,1,8.093791e-06,0.9999919
/data/Zeyu/Pooling/cat_dog_data/test_set/test_set/cats/cat.4070.jpg,1,1,3.0830615e-05,0.9999691
/data/Zeyu/Pooling/cat_dog_data/test_set/test_set/cats/cat.4071.jpg,1,1,3.1324325e-05,0.99996865
/data/Zeyu/Pooling/cat_dog_data/test_set/test_set/cats/cat.4072.jpg,1,1,5.875167e-06,0.99999416
/data/Zeyu/Pooling/cat_dog_data/test_set/test_set/cats/cat.4073.jpg,1,0,0.9432346,0.05676298
/data/Zeyu/Pooling/cat_dog_data/test_set/test_set/cats/cat.4074.jpg,1,0,0.9936367,0.0063625225
/data/Zeyu/Pooling/cat_dog_data/test_set/test_set/cats/cat.4075.jpg,1,1,0.00053910824,0.9994609
/data/Zeyu/Pooling/cat_dog_data/test_set/test_set/cats/cat.4076.jpg,1,1,0.00018648001,0.9998135
/data/Zeyu/Pooling/cat_dog_data/test_set/test_set/cats/cat.4077.jpg,1,1,0.0001992956,0.99980074
/data/Zeyu/Pooling/cat_dog_data/test_set/test_set/cats/cat.4078.jpg,1,1,0.00016234693,0.99983764
/data/Zeyu/Pooling/cat_dog_data/test_set/test_set/cats/cat.4079.jpg,1,1,0.0004203211,0.9995797
/data/Zeyu/Pooling/cat_dog_data/test_set/test_set/cats/cat.4080.jpg,1,0,0.8538579,0.14614113
/data/Zeyu/Pooling/cat_dog_data/test_set/test_set/cats/cat.4081.jpg,1,1,0.00015400643,0.999846
/data/Zeyu/Pooling/cat_dog_data/test_set/test_set/cats/cat.4082.jpg,1,1,0.08341743,0.91658163
/data/Zeyu/Pooling/cat_dog_data/test_set/test_set/cats/cat.4083.jpg,1,1,4.488641e-05,0.99995506
/data/Zeyu/Pooling/cat_dog_data/test_set/test_set/cats/cat.4084.jpg,1,1,6.752332e-05,0.9999325
/data/Zeyu/Pooling/cat_dog_data/test_set/test_set/cats/cat.4085.jpg,1,1,0.00012534253,0.9998746
/data/Zeyu/Pooling/cat_dog_data/test_set/test_set/cats/cat.4086.jpg,1,1,0.0017099126,0.9982901
/data/Zeyu/Pooling/cat_dog_data/test_set/test_set/cats/cat.4087.jpg,1,1,6.794678e-05,0.99993205
/data/Zeyu/Pooling/cat_dog_data/test_set/test_set/cats/cat.4088.jpg,1,1,3.1255158e-06,0.9999969
/data/Zeyu/Pooling/cat_dog_data/test_set/test_set/cats/cat.4089.jpg,1,1,0.004938285,0.9950617
/data/Zeyu/Pooling/cat_dog_data/test_set/test_set/cats/cat.4090.jpg,1,1,0.00012822564,0.99987173
/data/Zeyu/Pooling/cat_dog_data/test_set/test_set/cats/cat.4091.jpg,1,1,0.00035424935,0.9996457
/data/Zeyu/Pooling/cat_dog_data/test_set/test_set/cats/cat.4092.jpg,1,1,7.598928e-05,0.99992406
/data/Zeyu/Pooling/cat_dog_data/test_set/test_set/cats/cat.4093.jpg,1,1,0.0010294346,0.9989706
/data/Zeyu/Pooling/cat_dog_data/test_set/test_set/cats/cat.4094.jpg,1,1,0.001091712,0.9989083
/data/Zeyu/Pooling/cat_dog_data/test_set/test_set/cats/cat.4095.jpg,1,1,4.5503017e-05,0.99995446
/data/Zeyu/Pooling/cat_dog_data/test_set/test_set/cats/cat.4096.jpg,1,1,0.00044422285,0.99955577
/data/Zeyu/Pooling/cat_dog_data/test_set/test_set/cats/cat.4097.jpg,1,0,0.9958503,0.0041497224
/data/Zeyu/Pooling/cat_dog_data/test_set/test_set/cats/cat.4098.jpg,1,1,0.023630485,0.976369
/data/Zeyu/Pooling/cat_dog_data/test_set/test_set/cats/cat.4099.jpg,1,0,0.9951574,0.0048425267
/data/Zeyu/Pooling/cat_dog_data/test_set/test_set/cats/cat.4100.jpg,1,1,0.0086683,0.9913317
/data/Zeyu/Pooling/cat_dog_data/test_set/test_set/cats/cat.4101.jpg,1,1,0.0002711055,0.99972886
/data/Zeyu/Pooling/cat_dog_data/test_set/test_set/cats/cat.4102.jpg,1,0,0.9991586,0.0008413654
/data/Zeyu/Pooling/cat_dog_data/test_set/test_set/cats/cat.4103.jpg,1,1,8.953876e-07,0.99999905
/data/Zeyu/Pooling/cat_dog_data/test_set/test_set/cats/cat.4104.jpg,1,1,9.705829e-06,0.99999034
/data/Zeyu/Pooling/cat_dog_data/test_set/test_set/cats/cat.4105.jpg,1,1,0.0003668432,0.9996332
/data/Zeyu/Pooling/cat_dog_data/test_set/test_set/cats/cat.4106.jpg,1,1,0.00012934253,0.99987066
/data/Zeyu/Pooling/cat_dog_data/test_set/test_set/cats/cat.4107.jpg,1,0,0.9895782,0.01042178
/data/Zeyu/Pooling/cat_dog_data/test_set/test_set/cats/cat.4108.jpg,1,1,7.9544e-06,0.999992
/data/Zeyu/Pooling/cat_dog_data/test_set/test_set/cats/cat.4109.jpg,1,1,0.00014741854,0.99985254
/data/Zeyu/Pooling/cat_dog_data/test_set/test_set/cats/cat.4110.jpg,1,1,2.659663e-05,0.9999734
/data/Zeyu/Pooling/cat_dog_data/test_set/test_set/cats/cat.4111.jpg,1,1,8.337026e-05,0.9999167
/data/Zeyu/Pooling/cat_dog_data/test_set/test_set/cats/cat.4112.jpg,1,1,5.2470874e-05,0.99994755
/data/Zeyu/Pooling/cat_dog_data/test_set/test_set/cats/cat.4113.jpg,1,1,0.41858098,0.5807394
/data/Zeyu/Pooling/cat_dog_data/test_set/test_set/cats/cat.4114.jpg,1,1,0.0013649514,0.998635
/data/Zeyu/Pooling/cat_dog_data/test_set/test_set/cats/cat.4115.jpg,1,1,0.1167076,0.8832883
/data/Zeyu/Pooling/cat_dog_data/test_set/test_set/cats/cat.4116.jpg,1,1,0.00011824619,0.99988174
/data/Zeyu/Pooling/cat_dog_data/test_set/test_set/cats/cat.4117.jpg,1,1,0.08175728,0.9182423
/data/Zeyu/Pooling/cat_dog_data/test_set/test_set/cats/cat.4118.jpg,1,1,1.1176759e-05,0.9999888
/data/Zeyu/Pooling/cat_dog_data/test_set/test_set/cats/cat.4119.jpg,1,1,2.1241834e-05,0.9999788
/data/Zeyu/Pooling/cat_dog_data/test_set/test_set/cats/cat.4120.jpg,1,0,0.9988815,0.0011184738
/data/Zeyu/Pooling/cat_dog_data/test_set/test_set/cats/cat.4121.jpg,1,1,8.993633e-05,0.99991
/data/Zeyu/Pooling/cat_dog_data/test_set/test_set/cats/cat.4122.jpg,1,1,0.00013815668,0.99986184
/data/Zeyu/Pooling/cat_dog_data/test_set/test_set/cats/cat.4123.jpg,1,1,0.00037642213,0.99962354
/data/Zeyu/Pooling/cat_dog_data/test_set/test_set/cats/cat.4124.jpg,1,1,3.736965e-05,0.9999627
/data/Zeyu/Pooling/cat_dog_data/test_set/test_set/cats/cat.4125.jpg,1,0,0.7764583,0.2235143
/data/Zeyu/Pooling/cat_dog_data/test_set/test_set/cats/cat.4126.jpg,1,1,1.3159924e-05,0.9999869
/data/Zeyu/Pooling/cat_dog_data/test_set/test_set/cats/cat.4127.jpg,1,0,0.5591154,0.44086847
/data/Zeyu/Pooling/cat_dog_data/test_set/test_set/cats/cat.4128.jpg,1,1,0.0011219031,0.99887806
/data/Zeyu/Pooling/cat_dog_data/test_set/test_set/cats/cat.4001.jpg,1,1,0.00021986153,0.9997801
/data/Zeyu/Pooling/cat_dog_data/test_set/test_set/cats/cat.4002.jpg,1,1,0.0001738111,0.99982625
/data/Zeyu/Pooling/cat_dog_data/test_set/test_set/cats/cat.4003.jpg,1,1,0.00044541262,0.9995546
/data/Zeyu/Pooling/cat_dog_data/test_set/test_set/cats/cat.4004.jpg,1,1,8.0990576e-05,0.99991906
/data/Zeyu/Pooling/cat_dog_data/test_set/test_set/cats/cat.4005.jpg,1,1,0.000102089565,0.99989796
/data/Zeyu/Pooling/cat_dog_data/test_set/test_set/cats/cat.4006.jpg,1,0,0.9205101,0.07948067
/data/Zeyu/Pooling/cat_dog_data/test_set/test_set/cats/cat.4007.jpg,1,1,6.569653e-05,0.9999343
/data/Zeyu/Pooling/cat_dog_data/test_set/test_set/cats/cat.4008.jpg,1,1,0.00016227357,0.99983776
/data/Zeyu/Pooling/cat_dog_data/test_set/test_set/cats/cat.4009.jpg,1,1,3.0938558e-05,0.999969
/data/Zeyu/Pooling/cat_dog_data/test_set/test_set/cats/cat.4010.jpg,1,1,0.00013763153,0.9998623
/data/Zeyu/Pooling/cat_dog_data/test_set/test_set/cats/cat.4011.jpg,1,1,0.00019749097,0.99980253
/data/Zeyu/Pooling/cat_dog_data/test_set/test_set/cats/cat.4012.jpg,1,1,0.00033959027,0.9996604
/data/Zeyu/Pooling/cat_dog_data/test_set/test_set/cats/cat.4013.jpg,1,1,0.0001223273,0.9998777
/data/Zeyu/Pooling/cat_dog_data/test_set/test_set/cats/cat.4014.jpg,1,1,1.1439415e-05,0.99998856
/data/Zeyu/Pooling/cat_dog_data/test_set/test_set/cats/cat.4015.jpg,1,1,2.8788074e-05,0.9999713
/data/Zeyu/Pooling/cat_dog_data/test_set/test_set/cats/cat.4016.jpg,1,1,0.00014097178,0.999859
/data/Zeyu/Pooling/cat_dog_data/test_set/test_set/cats/cat.4017.jpg,1,1,0.00026223785,0.9997378
/data/Zeyu/Pooling/cat_dog_data/test_set/test_set/cats/cat.4018.jpg,1,1,8.0732876e-05,0.9999193
/data/Zeyu/Pooling/cat_dog_data/test_set/test_set/cats/cat.4019.jpg,1,1,0.0008482804,0.9991517
/data/Zeyu/Pooling/cat_dog_data/test_set/test_set/cats/cat.4020.jpg,1,1,0.0002191186,0.99978083
/data/Zeyu/Pooling/cat_dog_data/test_set/test_set/cats/cat.4021.jpg,1,1,5.2267023e-05,0.9999478
/data/Zeyu/Pooling/cat_dog_data/test_set/test_set/cats/cat.4022.jpg,1,1,6.678711e-05,0.99993324
/data/Zeyu/Pooling/cat_dog_data/test_set/test_set/cats/cat.4023.jpg,1,1,0.00014642431,0.9998536
/data/Zeyu/Pooling/cat_dog_data/test_set/test_set/cats/cat.4024.jpg,1,1,5.2251275e-05,0.9999478
/data/Zeyu/Pooling/cat_dog_data/test_set/test_set/cats/cat.4025.jpg,1,1,0.00014490052,0.99985504
/data/Zeyu/Pooling/cat_dog_data/test_set/test_set/cats/cat.4026.jpg,1,1,1.40493385e-05,0.99998593
/data/Zeyu/Pooling/cat_dog_data/test_set/test_set/cats/cat.4027.jpg,1,1,0.0035483472,0.9964516
/data/Zeyu/Pooling/cat_dog_data/test_set/test_set/cats/cat.4028.jpg,1,0,0.9355708,0.06442897
/data/Zeyu/Pooling/cat_dog_data/test_set/test_set/cats/cat.4029.jpg,1,1,6.9191476e-05,0.99993086
/data/Zeyu/Pooling/cat_dog_data/test_set/test_set/cats/cat.4030.jpg,1,1,0.20225199,0.79774743
/data/Zeyu/Pooling/cat_dog_data/test_set/test_set/cats/cat.4031.jpg,1,1,5.8718455e-05,0.99994123
/data/Zeyu/Pooling/cat_dog_data/test_set/test_set/cats/cat.4032.jpg,1,1,0.00015130069,0.9998487
/data/Zeyu/Pooling/cat_dog_data/test_set/test_set/cats/cat.4033.jpg,1,1,5.7115165e-05,0.9999429
/data/Zeyu/Pooling/cat_dog_data/test_set/test_set/cats/cat.4034.jpg,1,1,1.7884902e-05,0.9999821
/data/Zeyu/Pooling/cat_dog_data/test_set/test_set/cats/cat.4035.jpg,1,1,0.00013046863,0.99986947
/data/Zeyu/Pooling/cat_dog_data/test_set/test_set/cats/cat.4036.jpg,1,1,0.00021227603,0.99978775
/data/Zeyu/Pooling/cat_dog_data/test_set/test_set/cats/cat.4037.jpg,1,1,0.0003328339,0.99966717
/data/Zeyu/Pooling/cat_dog_data/test_set/test_set/cats/cat.4038.jpg,1,1,4.822445e-05,0.9999517
/data/Zeyu/Pooling/cat_dog_data/test_set/test_set/cats/cat.4039.jpg,1,1,7.501887e-05,0.999925
/data/Zeyu/Pooling/cat_dog_data/test_set/test_set/cats/cat.4040.jpg,1,1,3.6293834e-05,0.99996376
/data/Zeyu/Pooling/cat_dog_data/test_set/test_set/cats/cat.4041.jpg,1,1,0.00013360486,0.99986637
/data/Zeyu/Pooling/cat_dog_data/test_set/test_set/cats/cat.4042.jpg,1,1,1.646115e-05,0.99998355
/data/Zeyu/Pooling/cat_dog_data/test_set/test_set/cats/cat.4043.jpg,1,1,7.389788e-05,0.9999261
/data/Zeyu/Pooling/cat_dog_data/test_set/test_set/cats/cat.4044.jpg,1,1,9.9121346e-05,0.9999008
/data/Zeyu/Pooling/cat_dog_data/test_set/test_set/cats/cat.4045.jpg,1,1,2.1719197e-06,0.99999785
/data/Zeyu/Pooling/cat_dog_data/test_set/test_set/cats/cat.4046.jpg,1,1,0.039144505,0.9608554
/data/Zeyu/Pooling/cat_dog_data/test_set/test_set/cats/cat.4047.jpg,1,0,0.99948335,0.00051660475
/data/Zeyu/Pooling/cat_dog_data/test_set/test_set/cats/cat.4048.jpg,1,1,0.00021257781,0.9997874
/data/Zeyu/Pooling/cat_dog_data/test_set/test_set/cats/cat.4049.jpg,1,1,3.915335e-05,0.9999609
/data/Zeyu/Pooling/cat_dog_data/test_set/test_set/cats/cat.4050.jpg,1,1,0.06277264,0.937212
/data/Zeyu/Pooling/cat_dog_data/test_set/test_set/cats/cat.4051.jpg,1,1,0.00010042898,0.9998995
/data/Zeyu/Pooling/cat_dog_data/test_set/test_set/cats/cat.4052.jpg,1,0,0.92026544,0.079726495
/data/Zeyu/Pooling/cat_dog_data/test_set/test_set/cats/cat.4053.jpg,1,1,0.06157856,0.938419
/data/Zeyu/Pooling/cat_dog_data/test_set/test_set/cats/cat.4054.jpg,1,1,0.00039446357,0.9996056
/data/Zeyu/Pooling/cat_dog_data/test_set/test_set/cats/cat.4055.jpg,1,1,0.007727139,0.99227285
/data/Zeyu/Pooling/cat_dog_data/test_set/test_set/cats/cat.4056.jpg,1,1,0.000114653805,0.9998853
/data/Zeyu/Pooling/cat_dog_data/test_set/test_set/cats/cat.4057.jpg,1,1,3.824534e-05,0.99996173
/data/Zeyu/Pooling/cat_dog_data/test_set/test_set/cats/cat.4058.jpg,1,1,0.024910089,0.9750899
/data/Zeyu/Pooling/cat_dog_data/test_set/test_set/cats/cat.4059.jpg,1,0,0.9782615,0.02173703
/data/Zeyu/Pooling/cat_dog_data/test_set/test_set/cats/cat.4060.jpg,1,1,0.14246728,0.85753
/data/Zeyu/Pooling/cat_dog_data/test_set/test_set/cats/cat.4061.jpg,1,1,1.4905539e-05,0.9999851
/data/Zeyu/Pooling/cat_dog_data/test_set/test_set/cats/cat.4062.jpg,1,1,0.028476952,0.97152305
/data/Zeyu/Pooling/cat_dog_data/test_set/test_set/cats/cat.4063.jpg,1,1,5.5475437e-05,0.99994457
/data/Zeyu/Pooling/cat_dog_data/test_set/test_set/cats/cat.4064.jpg,1,1,5.9271366e-05,0.99994075
/data/Zeyu/Pooling/cat_dog_data/test_set/test_set/cats/cat.4065.jpg,1,0,0.9915861,0.008412946
/data/Zeyu/Pooling/cat_dog_data/test_set/test_set/cats/cat.4066.jpg,1,1,9.211581e-05,0.99990785
/data/Zeyu/Pooling/cat_dog_data/test_set/test_set/cats/cat.4067.jpg,1,1,4.4406195e-05,0.99995553
/data/Zeyu/Pooling/cat_dog_data/test_set/test_set/cats/cat.4068.jpg,1,1,3.255683e-05,0.99996746
/data/Zeyu/Pooling/cat_dog_data/test_set/test_set/cats/cat.4069.jpg,1,1,0.00010808542,0.9998919
/data/Zeyu/Pooling/cat_dog_data/test_set/test_set/cats/cat.4070.jpg,1,1,0.000101055906,0.9998989
/data/Zeyu/Pooling/cat_dog_data/test_set/test_set/cats/cat.4071.jpg,1,1,2.912627e-05,0.9999709
/data/Zeyu/Pooling/cat_dog_data/test_set/test_set/cats/cat.4072.jpg,1,1,0.021770133,0.9782299
/data/Zeyu/Pooling/cat_dog_data/test_set/test_set/cats/cat.4073.jpg,1,1,3.0245881e-05,0.9999697
/data/Zeyu/Pooling/cat_dog_data/test_set/test_set/cats/cat.4074.jpg,1,1,1.0944519e-05,0.99998903
/data/Zeyu/Pooling/cat_dog_data/test_set/test_set/cats/cat.4075.jpg,1,1,0.00014151238,0.9998585
/data/Zeyu/Pooling/cat_dog_data/test_set/test_set/cats/cat.4076.jpg,1,1,0.00025646496,0.9997435
/data/Zeyu/Pooling/cat_dog_data/test_set/test_set/cats/cat.4077.jpg,1,1,0.1047398,0.8952447
/data/Zeyu/Pooling/cat_dog_data/test_set/test_set/cats/cat.4078.jpg,1,1,0.0002298584,0.9997701
/data/Zeyu/Pooling/cat_dog_data/test_set/test_set/cats/cat.4079.jpg,1,1,1.8736213e-05,0.9999813
/data/Zeyu/Pooling/cat_dog_data/test_set/test_set/cats/cat.4080.jpg,1,1,0.00018675263,0.99981326
/data/Zeyu/Pooling/cat_dog_data/test_set/test_set/cats/cat.4081.jpg,1,1,0.00014007604,0.9998599
/data/Zeyu/Pooling/cat_dog_data/test_set/test_set/cats/cat.4082.jpg,1,1,0.00018885112,0.99981123
/data/Zeyu/Pooling/cat_dog_data/test_set/test_set/cats/cat.4083.jpg,1,1,0.00017419468,0.9998258
/data/Zeyu/Pooling/cat_dog_data/test_set/test_set/cats/cat.4084.jpg,1,1,0.00040188388,0.9995981
/data/Zeyu/Pooling/cat_dog_data/test_set/test_set/cats/cat.4085.jpg,1,1,0.007471339,0.9925287
/data/Zeyu/Pooling/cat_dog_data/test_set/test_set/cats/cat.4086.jpg,1,1,0.0005259425,0.9994741
/data/Zeyu/Pooling/cat_dog_data/test_set/test_set/cats/cat.4087.jpg,1,1,0.31914917,0.6808411
/data/Zeyu/Pooling/cat_dog_data/test_set/test_set/cats/cat.4088.jpg,1,1,1.552917e-05,0.9999845
/data/Zeyu/Pooling/cat_dog_data/test_set/test_set/cats/cat.4089.jpg,1,1,0.02373799,0.976262
/data/Zeyu/Pooling/cat_dog_data/test_set/test_set/cats/cat.4090.jpg,1,0,0.9999547,4.5238874e-05
/data/Zeyu/Pooling/cat_dog_data/test_set/test_set/cats/cat.4091.jpg,1,1,0.37875387,0.6210719
/data/Zeyu/Pooling/cat_dog_data/test_set/test_set/cats/cat.4092.jpg,1,1,0.00014376991,0.99985623
/data/Zeyu/Pooling/cat_dog_data/test_set/test_set/cats/cat.4093.jpg,1,1,2.838288e-05,0.9999716
/data/Zeyu/Pooling/cat_dog_data/test_set/test_set/cats/cat.4094.jpg,1,1,0.00025111498,0.9997489
/data/Zeyu/Pooling/cat_dog_data/test_set/test_set/cats/cat.4095.jpg,1,1,0.0015450661,0.9984549
/data/Zeyu/Pooling/cat_dog_data/test_set/test_set/cats/cat.4096.jpg,1,0,0.9995117,0.00048822418
/data/Zeyu/Pooling/cat_dog_data/test_set/test_set/cats/cat.4097.jpg,1,1,4.519873e-05,0.9999548
/data/Zeyu/Pooling/cat_dog_data/test_set/test_set/cats/cat.4098.jpg,1,1,0.0069963173,0.99300367
/data/Zeyu/Pooling/cat_dog_data/test_set/test_set/cats/cat.4099.jpg,1,1,8.585295e-06,0.9999914
/data/Zeyu/Pooling/cat_dog_data/test_set/test_set/cats/cat.4100.jpg,1,1,0.00013704223,0.9998629
/data/Zeyu/Pooling/cat_dog_data/test_set/test_set/cats/cat.4101.jpg,1,0,0.941924,0.058073584
/data/Zeyu/Pooling/cat_dog_data/test_set/test_set/cats/cat.4102.jpg,1,1,0.00021972782,0.99978024
/data/Zeyu/Pooling/cat_dog_data/test_set/test_set/cats/cat.4103.jpg,1,1,0.00010634335,0.99989367
