Filename,True_Label,Predicted_Label,ResNet34_NoGlobalPooling_class0_prob,ResNet34_NoGlobalPooling_class1_prob
/data/Zeyu/Pooling/cat_dog_data/test_set/test_set/cats/cat.4001.jpg,0,0,1.0,1.4156242e-11
/data/Zeyu/Pooling/cat_dog_data/test_set/test_set/cats/cat.4002.jpg,0,0,0.99983776,0.00016221122
/data/Zeyu/Pooling/cat_dog_data/test_set/test_set/cats/cat.4003.jpg,0,0,1.0,0.0
/data/Zeyu/Pooling/cat_dog_data/test_set/test_set/cats/cat.4004.jpg,0,0,1.0,0.0
/data/Zeyu/Pooling/cat_dog_data/test_set/test_set/cats/cat.4005.jpg,0,0,1.0,7.450226e-36
/data/Zeyu/Pooling/cat_dog_data/test_set/test_set/cats/cat.4006.jpg,0,0,0.79237473,0.20762533
/data/Zeyu/Pooling/cat_dog_data/test_set/test_set/cats/cat.4007.jpg,0,0,0.99941885,0.0005811063
/data/Zeyu/Pooling/cat_dog_data/test_set/test_set/cats/cat.4008.jpg,0,0,0.7675097,0.23249026
/data/Zeyu/Pooling/cat_dog_data/test_set/test_set/cats/cat.4009.jpg,0,0,0.9957825,0.0042174757
/data/Zeyu/Pooling/cat_dog_data/test_set/test_set/cats/cat.4010.jpg,0,0,1.0,0.0
/data/Zeyu/Pooling/cat_dog_data/test_set/test_set/cats/cat.4011.jpg,0,0,0.98710245,0.012897561
/data/Zeyu/Pooling/cat_dog_data/test_set/test_set/cats/cat.4012.jpg,0,0,0.75343627,0.24656348
/data/Zeyu/Pooling/cat_dog_data/test_set/test_set/cats/cat.4013.jpg,0,0,1.0,0.0
/data/Zeyu/Pooling/cat_dog_data/test_set/test_set/cats/cat.4014.jpg,0,0,1.0,0.0
/data/Zeyu/Pooling/cat_dog_data/test_set/test_set/cats/cat.4015.jpg,0,0,1.0,1.1533183e-22
/data/Zeyu/Pooling/cat_dog_data/test_set/test_set/cats/cat.4016.jpg,0,0,0.999998,1.9814613e-06
/data/Zeyu/Pooling/cat_dog_data/test_set/test_set/cats/cat.4017.jpg,0,0,0.99993396,6.605157e-05
/data/Zeyu/Pooling/cat_dog_data/test_set/test_set/cats/cat.4018.jpg,0,0,1.0,7.790921e-12
/data/Zeyu/Pooling/cat_dog_data/test_set/test_set/cats/cat.4019.jpg,0,0,1.0,0.0
/data/Zeyu/Pooling/cat_dog_data/test_set/test_set/cats/cat.4020.jpg,0,0,1.0,0.0
/data/Zeyu/Pooling/cat_dog_data/test_set/test_set/cats/cat.4021.jpg,0,0,1.0,0.0
/data/Zeyu/Pooling/cat_dog_data/test_set/test_set/cats/cat.4022.jpg,0,0,1.0,4.071234e-37
/data/Zeyu/Pooling/cat_dog_data/test_set/test_set/cats/cat.4023.jpg,0,0,1.0,0.0
/data/Zeyu/Pooling/cat_dog_data/test_set/test_set/cats/cat.4024.jpg,0,0,1.0,0.0
/data/Zeyu/Pooling/cat_dog_data/test_set/test_set/cats/cat.4025.jpg,0,0,1.0,8.993243e-20
/data/Zeyu/Pooling/cat_dog_data/test_set/test_set/cats/cat.4026.jpg,0,0,0.94243306,0.057565343
/data/Zeyu/Pooling/cat_dog_data/test_set/test_set/cats/cat.4027.jpg,0,0,1.0,0.0
/data/Zeyu/Pooling/cat_dog_data/test_set/test_set/cats/cat.4028.jpg,0,0,1.0,3.8365337e-13
/data/Zeyu/Pooling/cat_dog_data/test_set/test_set/cats/cat.4029.jpg,0,0,0.99999845,1.5394575e-06
/data/Zeyu/Pooling/cat_dog_data/test_set/test_set/cats/cat.4030.jpg,0,0,1.0,7.950595e-21
/data/Zeyu/Pooling/cat_dog_data/test_set/test_set/cats/cat.4031.jpg,0,0,0.99986446,0.0001354638
/data/Zeyu/Pooling/cat_dog_data/test_set/test_set/cats/cat.4032.jpg,0,0,1.0,0.0
/data/Zeyu/Pooling/cat_dog_data/test_set/test_set/cats/cat.4033.jpg,0,0,1.0,7.397989e-17
/data/Zeyu/Pooling/cat_dog_data/test_set/test_set/cats/cat.4034.jpg,0,0,1.0,7.877563e-37
/data/Zeyu/Pooling/cat_dog_data/test_set/test_set/cats/cat.4035.jpg,0,0,0.9999995,4.958913e-07
/data/Zeyu/Pooling/cat_dog_data/test_set/test_set/cats/cat.4036.jpg,0,0,1.0,5.424236e-13
/data/Zeyu/Pooling/cat_dog_data/test_set/test_set/cats/cat.4037.jpg,0,0,1.0,0.0
/data/Zeyu/Pooling/cat_dog_data/test_set/test_set/cats/cat.4038.jpg,0,0,0.9862024,0.013797604
/data/Zeyu/Pooling/cat_dog_data/test_set/test_set/cats/cat.4039.jpg,0,0,0.9999975,2.5140505e-06
/data/Zeyu/Pooling/cat_dog_data/test_set/test_set/cats/cat.4040.jpg,0,0,1.0,0.0
/data/Zeyu/Pooling/cat_dog_data/test_set/test_set/cats/cat.4041.jpg,0,0,1.0,0.0
/data/Zeyu/Pooling/cat_dog_data/test_set/test_set/cats/cat.4042.jpg,0,0,0.84541094,0.154589
/data/Zeyu/Pooling/cat_dog_data/test_set/test_set/cats/cat.4043.jpg,0,0,0.99998283,1.7126818e-05
/data/Zeyu/Pooling/cat_dog_data/test_set/test_set/cats/cat.4044.jpg,0,0,0.9886235,0.011376448
/data/Zeyu/Pooling/cat_dog_data/test_set/test_set/cats/cat.4045.jpg,0,0,1.0,0.0
/data/Zeyu/Pooling/cat_dog_data/test_set/test_set/cats/cat.4046.jpg,0,0,1.0,1.3301988e-14
/data/Zeyu/Pooling/cat_dog_data/test_set/test_set/cats/cat.4047.jpg,0,0,0.90959305,0.090406366
/data/Zeyu/Pooling/cat_dog_data/test_set/test_set/cats/cat.4048.jpg,0,0,1.0,0.0
/data/Zeyu/Pooling/cat_dog_data/test_set/test_set/cats/cat.4049.jpg,0,0,1.0,0.0
/data/Zeyu/Pooling/cat_dog_data/test_set/test_set/cats/cat.4050.jpg,0,0,0.99983275,0.00016717352
/data/Zeyu/Pooling/cat_dog_data/test_set/test_set/cats/cat.4051.jpg,0,0,1.0,0.0
/data/Zeyu/Pooling/cat_dog_data/test_set/test_set/cats/cat.4052.jpg,0,0,1.0,0.0
/data/Zeyu/Pooling/cat_dog_data/test_set/test_set/cats/cat.4053.jpg,0,0,0.99999964,3.9779619e-07
/data/Zeyu/Pooling/cat_dog_data/test_set/test_set/cats/cat.4054.jpg,0,0,0.9999999,1.0000115e-07
/data/Zeyu/Pooling/cat_dog_data/test_set/test_set/cats/cat.4055.jpg,0,0,1.0,0.0
/data/Zeyu/Pooling/cat_dog_data/test_set/test_set/cats/cat.4056.jpg,0,0,1.0,6.452418e-25
/data/Zeyu/Pooling/cat_dog_data/test_set/test_set/cats/cat.4057.jpg,0,0,1.0,0.0
/data/Zeyu/Pooling/cat_dog_data/test_set/test_set/cats/cat.4058.jpg,0,0,0.9122798,0.087720245
/data/Zeyu/Pooling/cat_dog_data/test_set/test_set/cats/cat.4059.jpg,0,0,0.9998042,0.00019579807
/data/Zeyu/Pooling/cat_dog_data/test_set/test_set/cats/cat.4060.jpg,0,0,1.0,2.8482772e-16
/data/Zeyu/Pooling/cat_dog_data/test_set/test_set/cats/cat.4061.jpg,0,0,0.9999001,9.987325e-05
/data/Zeyu/Pooling/cat_dog_data/test_set/test_set/cats/cat.4062.jpg,0,0,1.0,0.0
/data/Zeyu/Pooling/cat_dog_data/test_set/test_set/cats/cat.4063.jpg,0,0,1.0,0.0
/data/Zeyu/Pooling/cat_dog_data/test_set/test_set/cats/cat.4064.jpg,0,0,0.99947375,0.00052626885
/data/Zeyu/Pooling/cat_dog_data/test_set/test_set/cats/cat.4065.jpg,0,0,1.0,0.0
/data/Zeyu/Pooling/cat_dog_data/test_set/test_set/cats/cat.4066.jpg,0,0,0.99999344,6.6034377e-06
/data/Zeyu/Pooling/cat_dog_data/test_set/test_set/cats/cat.4067.jpg,0,0,1.0,0.0
/data/Zeyu/Pooling/cat_dog_data/test_set/test_set/cats/cat.4068.jpg,0,0,1.0,0.0
/data/Zeyu/Pooling/cat_dog_data/test_set/test_set/cats/cat.4069.jpg,0,0,0.9999914,8.642528e-06
/data/Zeyu/Pooling/cat_dog_data/test_set/test_set/cats/cat.4070.jpg,0,0,1.0,0.0
/data/Zeyu/Pooling/cat_dog_data/test_set/test_set/cats/cat.4071.jpg,0,0,0.9991042,0.0008957932
/data/Zeyu/Pooling/cat_dog_data/test_set/test_set/cats/cat.4072.jpg,0,0,0.99998903,1.0913189e-05
/data/Zeyu/Pooling/cat_dog_data/test_set/test_set/cats/cat.4073.jpg,0,0,0.94526356,0.054736175
/data/Zeyu/Pooling/cat_dog_data/test_set/test_set/cats/cat.4074.jpg,0,0,1.0,0.0
/data/Zeyu/Pooling/cat_dog_data/test_set/test_set/cats/cat.4075.jpg,0,0,0.9999554,4.4636403e-05
/data/Zeyu/Pooling/cat_dog_data/test_set/test_set/cats/cat.4076.jpg,0,0,0.7388613,0.26113868
/data/Zeyu/Pooling/cat_dog_data/test_set/test_set/cats/cat.4077.jpg,0,0,0.9999995,4.1878715e-07
/data/Zeyu/Pooling/cat_dog_data/test_set/test_set/cats/cat.4078.jpg,0,0,1.0,0.0
/data/Zeyu/Pooling/cat_dog_data/test_set/test_set/cats/cat.4079.jpg,0,0,1.0,4.865231e-32
/data/Zeyu/Pooling/cat_dog_data/test_set/test_set/cats/cat.4080.jpg,0,0,1.0,0.0
/data/Zeyu/Pooling/cat_dog_data/test_set/test_set/cats/cat.4081.jpg,0,0,1.0,3.2755285e-12
/data/Zeyu/Pooling/cat_dog_data/test_set/test_set/cats/cat.4082.jpg,0,0,1.0,6.7003915e-12
/data/Zeyu/Pooling/cat_dog_data/test_set/test_set/cats/cat.4083.jpg,0,0,1.0,0.0
/data/Zeyu/Pooling/cat_dog_data/test_set/test_set/cats/cat.4084.jpg,0,0,1.0,0.0
/data/Zeyu/Pooling/cat_dog_data/test_set/test_set/cats/cat.4085.jpg,0,1,0.00011297338,0.999887
/data/Zeyu/Pooling/cat_dog_data/test_set/test_set/cats/cat.4086.jpg,0,0,0.82679415,0.17320581
/data/Zeyu/Pooling/cat_dog_data/test_set/test_set/cats/cat.4087.jpg,0,0,0.9957318,0.0042682304
/data/Zeyu/Pooling/cat_dog_data/test_set/test_set/cats/cat.4088.jpg,0,0,0.99999964,3.6376082e-07
/data/Zeyu/Pooling/cat_dog_data/test_set/test_set/cats/cat.4089.jpg,0,0,0.9987404,0.001259621
/data/Zeyu/Pooling/cat_dog_data/test_set/test_set/cats/cat.4090.jpg,0,0,1.0,8.9293967e-10
/data/Zeyu/Pooling/cat_dog_data/test_set/test_set/cats/cat.4091.jpg,0,0,1.0,0.0
/data/Zeyu/Pooling/cat_dog_data/test_set/test_set/cats/cat.4092.jpg,0,0,1.0,0.0
/data/Zeyu/Pooling/cat_dog_data/test_set/test_set/cats/cat.4093.jpg,0,0,0.9999659,3.414704e-05
/data/Zeyu/Pooling/cat_dog_data/test_set/test_set/cats/cat.4094.jpg,0,0,0.99999917,7.7783653e-07
/data/Zeyu/Pooling/cat_dog_data/test_set/test_set/cats/cat.4095.jpg,0,0,1.0,0.0
/data/Zeyu/Pooling/cat_dog_data/test_set/test_set/cats/cat.4096.jpg,0,0,1.0,2.214014e-08
/data/Zeyu/Pooling/cat_dog_data/test_set/test_set/cats/cat.4097.jpg,0,0,1.0,0.0
/data/Zeyu/Pooling/cat_dog_data/test_set/test_set/cats/cat.4098.jpg,0,0,1.0,3.5444023e-11
/data/Zeyu/Pooling/cat_dog_data/test_set/test_set/cats/cat.4099.jpg,0,0,1.0,4.696032e-09
/data/Zeyu/Pooling/cat_dog_data/test_set/test_set/cats/cat.4100.jpg,0,0,0.9687663,0.031233698
/data/Zeyu/Pooling/cat_dog_data/test_set/test_set/cats/cat.4101.jpg,0,0,0.9867453,0.013254703
/data/Zeyu/Pooling/cat_dog_data/test_set/test_set/cats/cat.4102.jpg,0,0,1.0,0.0
/data/Zeyu/Pooling/cat_dog_data/test_set/test_set/cats/cat.4103.jpg,0,0,1.0,1.638561e-11
/data/Zeyu/Pooling/cat_dog_data/test_set/test_set/cats/cat.4104.jpg,0,0,0.99997306,2.6918193e-05
/data/Zeyu/Pooling/cat_dog_data/test_set/test_set/cats/cat.4105.jpg,0,0,0.8940838,0.105916195
/data/Zeyu/Pooling/cat_dog_data/test_set/test_set/cats/cat.4106.jpg,0,0,0.9999596,4.0468803e-05
/data/Zeyu/Pooling/cat_dog_data/test_set/test_set/cats/cat.4107.jpg,0,0,1.0,0.0
/data/Zeyu/Pooling/cat_dog_data/test_set/test_set/cats/cat.4108.jpg,0,0,1.0,8.4758145e-11
/data/Zeyu/Pooling/cat_dog_data/test_set/test_set/cats/cat.4109.jpg,0,0,1.0,2.068771e-09
/data/Zeyu/Pooling/cat_dog_data/test_set/test_set/cats/cat.4110.jpg,0,0,1.0,0.0
/data/Zeyu/Pooling/cat_dog_data/test_set/test_set/cats/cat.4111.jpg,0,0,1.0,0.0
/data/Zeyu/Pooling/cat_dog_data/test_set/test_set/cats/cat.4112.jpg,0,0,0.68195224,0.31804776
/data/Zeyu/Pooling/cat_dog_data/test_set/test_set/cats/cat.4113.jpg,0,0,1.0,0.0
/data/Zeyu/Pooling/cat_dog_data/test_set/test_set/cats/cat.4114.jpg,0,0,1.0,0.0
/data/Zeyu/Pooling/cat_dog_data/test_set/test_set/cats/cat.4115.jpg,0,0,1.0,0.0
/data/Zeyu/Pooling/cat_dog_data/test_set/test_set/cats/cat.4116.jpg,0,0,0.73780924,0.2621895
/data/Zeyu/Pooling/cat_dog_data/test_set/test_set/cats/cat.4117.jpg,0,0,1.0,2.0130967e-12
/data/Zeyu/Pooling/cat_dog_data/test_set/test_set/cats/cat.4118.jpg,0,0,1.0,4.149992e-09
/data/Zeyu/Pooling/cat_dog_data/test_set/test_set/cats/cat.4119.jpg,0,0,1.0,9.6504096e-11
/data/Zeyu/Pooling/cat_dog_data/test_set/test_set/cats/cat.4120.jpg,0,0,0.99999535,4.6156656e-06
/data/Zeyu/Pooling/cat_dog_data/test_set/test_set/cats/cat.4121.jpg,0,0,0.9999995,4.4107838e-07
/data/Zeyu/Pooling/cat_dog_data/test_set/test_set/cats/cat.4122.jpg,0,0,1.0,1.9891694e-38
/data/Zeyu/Pooling/cat_dog_data/test_set/test_set/cats/cat.4123.jpg,0,0,1.0,0.0
/data/Zeyu/Pooling/cat_dog_data/test_set/test_set/cats/cat.4124.jpg,0,0,1.0,0.0
/data/Zeyu/Pooling/cat_dog_data/test_set/test_set/cats/cat.4125.jpg,0,0,1.0,1.3311392e-12
/data/Zeyu/Pooling/cat_dog_data/test_set/test_set/cats/cat.4126.jpg,0,0,0.99997747,2.2547789e-05
/data/Zeyu/Pooling/cat_dog_data/test_set/test_set/cats/cat.4127.jpg,0,0,1.0,0.0
/data/Zeyu/Pooling/cat_dog_data/test_set/test_set/cats/cat.4128.jpg,0,0,1.0,0.0
/data/Zeyu/Pooling/cat_dog_data/test_set/test_set/cats/cat.4001.jpg,0,0,0.99565613,0.0043438603
/data/Zeyu/Pooling/cat_dog_data/test_set/test_set/cats/cat.4002.jpg,0,0,0.9999995,5.342483e-07
/data/Zeyu/Pooling/cat_dog_data/test_set/test_set/cats/cat.4003.jpg,0,0,1.0,0.0
/data/Zeyu/Pooling/cat_dog_data/test_set/test_set/cats/cat.4004.jpg,0,0,1.0,0.0
/data/Zeyu/Pooling/cat_dog_data/test_set/test_set/cats/cat.4005.jpg,0,0,0.9983741,0.0016258253
/data/Zeyu/Pooling/cat_dog_data/test_set/test_set/cats/cat.4006.jpg,0,0,1.0,1.565372e-16
/data/Zeyu/Pooling/cat_dog_data/test_set/test_set/cats/cat.4007.jpg,0,0,0.99999046,9.554072e-06
/data/Zeyu/Pooling/cat_dog_data/test_set/test_set/cats/cat.4008.jpg,0,1,0.17342637,0.8265736
/data/Zeyu/Pooling/cat_dog_data/test_set/test_set/cats/cat.4009.jpg,0,0,1.0,1.064259e-15
/data/Zeyu/Pooling/cat_dog_data/test_set/test_set/cats/cat.4010.jpg,0,0,1.0,2.2196265e-18
/data/Zeyu/Pooling/cat_dog_data/test_set/test_set/cats/cat.4011.jpg,0,0,1.0,0.0
/data/Zeyu/Pooling/cat_dog_data/test_set/test_set/cats/cat.4012.jpg,0,0,1.0,8.884825e-16
/data/Zeyu/Pooling/cat_dog_data/test_set/test_set/cats/cat.4013.jpg,0,0,1.0,0.0
/data/Zeyu/Pooling/cat_dog_data/test_set/test_set/cats/cat.4014.jpg,0,0,0.99212193,0.007878036
/data/Zeyu/Pooling/cat_dog_data/test_set/test_set/cats/cat.4015.jpg,0,0,0.99212193,0.007878036
/data/Zeyu/Pooling/cat_dog_data/test_set/test_set/cats/cat.4016.jpg,0,0,0.9996458,0.00035414958
/data/Zeyu/Pooling/cat_dog_data/test_set/test_set/cats/cat.4017.jpg,0,0,1.0,0.0
/data/Zeyu/Pooling/cat_dog_data/test_set/test_set/cats/cat.4018.jpg,0,0,1.0,8.96182e-09
/data/Zeyu/Pooling/cat_dog_data/test_set/test_set/cats/cat.4019.jpg,0,0,1.0,0.0
/data/Zeyu/Pooling/cat_dog_data/test_set/test_set/cats/cat.4020.jpg,0,0,0.9664623,0.033537693
/data/Zeyu/Pooling/cat_dog_data/test_set/test_set/cats/cat.4021.jpg,0,0,1.0,0.0
/data/Zeyu/Pooling/cat_dog_data/test_set/test_set/cats/cat.4022.jpg,0,0,0.9870117,0.012988347
/data/Zeyu/Pooling/cat_dog_data/test_set/test_set/cats/cat.4023.jpg,0,0,1.0,1.8704854e-11
/data/Zeyu/Pooling/cat_dog_data/test_set/test_set/cats/cat.4024.jpg,0,0,0.84525543,0.1547446
/data/Zeyu/Pooling/cat_dog_data/test_set/test_set/cats/cat.4025.jpg,0,0,1.0,0.0
/data/Zeyu/Pooling/cat_dog_data/test_set/test_set/cats/cat.4026.jpg,0,0,1.0,0.0
/data/Zeyu/Pooling/cat_dog_data/test_set/test_set/cats/cat.4027.jpg,0,0,0.9302078,0.06979223
/data/Zeyu/Pooling/cat_dog_data/test_set/test_set/cats/cat.4028.jpg,0,0,0.98255056,0.017449366
/data/Zeyu/Pooling/cat_dog_data/test_set/test_set/cats/cat.4029.jpg,0,0,0.9998086,0.00019140885
/data/Zeyu/Pooling/cat_dog_data/test_set/test_set/cats/cat.4030.jpg,0,0,0.9998086,0.00019140885
/data/Zeyu/Pooling/cat_dog_data/test_set/test_set/cats/cat.4031.jpg,0,0,0.99875677,0.0012431832
/data/Zeyu/Pooling/cat_dog_data/test_set/test_set/cats/cat.4032.jpg,0,0,1.0,0.0
/data/Zeyu/Pooling/cat_dog_data/test_set/test_set/cats/cat.4033.jpg,0,0,1.0,0.0
/data/Zeyu/Pooling/cat_dog_data/test_set/test_set/cats/cat.4034.jpg,0,0,1.0,0.0
/data/Zeyu/Pooling/cat_dog_data/test_set/test_set/cats/cat.4035.jpg,0,0,1.0,0.0
/data/Zeyu/Pooling/cat_dog_data/test_set/test_set/cats/cat.4036.jpg,0,0,0.9999987,1.33804e-06
/data/Zeyu/Pooling/cat_dog_data/test_set/test_set/cats/cat.4037.jpg,0,0,1.0,1.1624785e-38
/data/Zeyu/Pooling/cat_dog_data/test_set/test_set/cats/cat.4038.jpg,0,0,1.0,0.0
/data/Zeyu/Pooling/cat_dog_data/test_set/test_set/cats/cat.4039.jpg,0,0,1.0,1.1404883e-11
/data/Zeyu/Pooling/cat_dog_data/test_set/test_set/cats/cat.4040.jpg,0,0,1.0,0.0
/data/Zeyu/Pooling/cat_dog_data/test_set/test_set/cats/cat.4041.jpg,0,0,1.0,0.0
/data/Zeyu/Pooling/cat_dog_data/test_set/test_set/cats/cat.4042.jpg,0,0,1.0,0.0
/data/Zeyu/Pooling/cat_dog_data/test_set/test_set/cats/cat.4043.jpg,0,0,1.0,2.6463886e-19
/data/Zeyu/Pooling/cat_dog_data/test_set/test_set/cats/cat.4044.jpg,0,0,1.0,0.0
/data/Zeyu/Pooling/cat_dog_data/test_set/test_set/cats/cat.4045.jpg,0,0,1.0,6.6228994e-23
/data/Zeyu/Pooling/cat_dog_data/test_set/test_set/cats/cat.4046.jpg,0,0,1.0,0.0
/data/Zeyu/Pooling/cat_dog_data/test_set/test_set/cats/cat.4047.jpg,0,0,1.0,0.0
/data/Zeyu/Pooling/cat_dog_data/test_set/test_set/cats/cat.4048.jpg,0,0,1.0,2.679414e-14
/data/Zeyu/Pooling/cat_dog_data/test_set/test_set/cats/cat.4049.jpg,0,0,1.0,0.0
/data/Zeyu/Pooling/cat_dog_data/test_set/test_set/cats/cat.4050.jpg,0,0,0.9999999,1.3082136e-07
/data/Zeyu/Pooling/cat_dog_data/test_set/test_set/cats/cat.4051.jpg,0,0,1.0,0.0
/data/Zeyu/Pooling/cat_dog_data/test_set/test_set/cats/cat.4052.jpg,0,0,1.0,0.0
/data/Zeyu/Pooling/cat_dog_data/test_set/test_set/cats/cat.4053.jpg,0,0,1.0,5.9818316e-30
/data/Zeyu/Pooling/cat_dog_data/test_set/test_set/cats/cat.4054.jpg,0,0,1.0,1.0967557e-25
/data/Zeyu/Pooling/cat_dog_data/test_set/test_set/cats/cat.4055.jpg,0,0,1.0,2.3770761e-08
/data/Zeyu/Pooling/cat_dog_data/test_set/test_set/cats/cat.4056.jpg,0,0,1.0,2.3770761e-08
/data/Zeyu/Pooling/cat_dog_data/test_set/test_set/cats/cat.4057.jpg,0,0,1.0,0.0
/data/Zeyu/Pooling/cat_dog_data/test_set/test_set/cats/cat.4058.jpg,0,0,1.0,1.203959e-08
/data/Zeyu/Pooling/cat_dog_data/test_set/test_set/cats/cat.4059.jpg,0,0,1.0,0.0
/data/Zeyu/Pooling/cat_dog_data/test_set/test_set/cats/cat.4060.jpg,0,0,1.0,3.5920685e-08
/data/Zeyu/Pooling/cat_dog_data/test_set/test_set/cats/cat.4061.jpg,0,0,1.0,4.8298593e-38
/data/Zeyu/Pooling/cat_dog_data/test_set/test_set/cats/cat.4062.jpg,0,0,1.0,2.3966757e-11
/data/Zeyu/Pooling/cat_dog_data/test_set/test_set/cats/cat.4063.jpg,0,0,1.0,0.0
/data/Zeyu/Pooling/cat_dog_data/test_set/test_set/cats/cat.4064.jpg,0,0,1.0,0.0
/data/Zeyu/Pooling/cat_dog_data/test_set/test_set/cats/cat.4065.jpg,0,0,0.7538358,0.24616423
/data/Zeyu/Pooling/cat_dog_data/test_set/test_set/cats/cat.4066.jpg,0,0,1.0,1.6976074e-09
/data/Zeyu/Pooling/cat_dog_data/test_set/test_set/cats/cat.4067.jpg,0,0,1.0,2.728526e-37
/data/Zeyu/Pooling/cat_dog_data/test_set/test_set/cats/cat.4068.jpg,0,0,1.0,0.0
/data/Zeyu/Pooling/cat_dog_data/test_set/test_set/cats/cat.4069.jpg,0,0,0.999948,5.1961284e-05
/data/Zeyu/Pooling/cat_dog_data/test_set/test_set/cats/cat.4070.jpg,0,0,0.97011155,0.029888457
/data/Zeyu/Pooling/cat_dog_data/test_set/test_set/cats/cat.4071.jpg,0,0,0.97011155,0.029888457
/data/Zeyu/Pooling/cat_dog_data/test_set/test_set/cats/cat.4072.jpg,0,0,0.9999999,1.4538459e-07
/data/Zeyu/Pooling/cat_dog_data/test_set/test_set/cats/cat.4073.jpg,0,0,1.0,0.0
/data/Zeyu/Pooling/cat_dog_data/test_set/test_set/cats/cat.4074.jpg,0,0,0.99998736,1.2672568e-05
/data/Zeyu/Pooling/cat_dog_data/test_set/test_set/cats/cat.4075.jpg,0,0,0.99302447,0.006975577
/data/Zeyu/Pooling/cat_dog_data/test_set/test_set/cats/cat.4076.jpg,0,0,0.9998821,0.000117908974
/data/Zeyu/Pooling/cat_dog_data/test_set/test_set/cats/cat.4077.jpg,0,0,1.0,3.7021798e-30
/data/Zeyu/Pooling/cat_dog_data/test_set/test_set/cats/cat.4078.jpg,0,0,1.0,0.0
/data/Zeyu/Pooling/cat_dog_data/test_set/test_set/cats/cat.4079.jpg,0,0,1.0,0.0
/data/Zeyu/Pooling/cat_dog_data/test_set/test_set/cats/cat.4080.jpg,0,0,1.0,2.1812716e-21
/data/Zeyu/Pooling/cat_dog_data/test_set/test_set/cats/cat.4081.jpg,0,0,1.0,0.0
/data/Zeyu/Pooling/cat_dog_data/test_set/test_set/cats/cat.4082.jpg,0,0,1.0,1.81e-42
/data/Zeyu/Pooling/cat_dog_data/test_set/test_set/cats/cat.4083.jpg,0,0,0.9997937,0.00020631032
/data/Zeyu/Pooling/cat_dog_data/test_set/test_set/cats/cat.4084.jpg,0,0,1.0,0.0
/data/Zeyu/Pooling/cat_dog_data/test_set/test_set/cats/cat.4085.jpg,0,0,1.0,7.1020495e-13
/data/Zeyu/Pooling/cat_dog_data/test_set/test_set/cats/cat.4086.jpg,0,0,1.0,0.0
/data/Zeyu/Pooling/cat_dog_data/test_set/test_set/cats/cat.4087.jpg,0,1,1.9904198e-06,0.999998
/data/Zeyu/Pooling/cat_dog_data/test_set/test_set/cats/cat.4088.jpg,0,0,0.9999714,2.8618799e-05
/data/Zeyu/Pooling/cat_dog_data/test_set/test_set/cats/cat.4089.jpg,0,0,0.9999999,8.234882e-08
/data/Zeyu/Pooling/cat_dog_data/test_set/test_set/cats/cat.4090.jpg,0,0,0.9998087,0.00019130029
/data/Zeyu/Pooling/cat_dog_data/test_set/test_set/cats/cat.4091.jpg,0,0,1.0,0.0
/data/Zeyu/Pooling/cat_dog_data/test_set/test_set/cats/cat.4092.jpg,0,0,0.5974685,0.40253147
/data/Zeyu/Pooling/cat_dog_data/test_set/test_set/cats/cat.4093.jpg,0,0,1.0,0.0
/data/Zeyu/Pooling/cat_dog_data/test_set/test_set/cats/cat.4094.jpg,0,0,0.6474526,0.3525474
/data/Zeyu/Pooling/cat_dog_data/test_set/test_set/cats/cat.4095.jpg,0,0,1.0,2.0703281e-11
/data/Zeyu/Pooling/cat_dog_data/test_set/test_set/cats/cat.4096.jpg,0,0,0.9891205,0.01087949
/data/Zeyu/Pooling/cat_dog_data/test_set/test_set/cats/cat.4097.jpg,0,0,0.9891205,0.01087949
/data/Zeyu/Pooling/cat_dog_data/test_set/test_set/cats/cat.4098.jpg,0,0,1.0,0.0
/data/Zeyu/Pooling/cat_dog_data/test_set/test_set/cats/cat.4099.jpg,0,0,1.0,0.0
/data/Zeyu/Pooling/cat_dog_data/test_set/test_set/cats/cat.4100.jpg,0,0,0.9993298,0.00067017734
/data/Zeyu/Pooling/cat_dog_data/test_set/test_set/cats/cat.4101.jpg,0,0,1.0,0.0
/data/Zeyu/Pooling/cat_dog_data/test_set/test_set/cats/cat.4102.jpg,0,0,0.9999565,4.3476262e-05
/data/Zeyu/Pooling/cat_dog_data/test_set/test_set/cats/cat.4103.jpg,0,0,1.0,0.0
/data/Zeyu/Pooling/cat_dog_data/test_set/test_set/cats/cat.4104.jpg,0,0,0.9999975,2.4754609e-06
/data/Zeyu/Pooling/cat_dog_data/test_set/test_set/cats/cat.4105.jpg,0,0,0.9927977,0.0072023612
/data/Zeyu/Pooling/cat_dog_data/test_set/test_set/cats/cat.4106.jpg,0,0,1.0,0.0
/data/Zeyu/Pooling/cat_dog_data/test_set/test_set/cats/cat.4107.jpg,0,0,1.0,3.6446854e-15
/data/Zeyu/Pooling/cat_dog_data/test_set/test_set/cats/cat.4108.jpg,0,0,1.0,1.3195095e-37
/data/Zeyu/Pooling/cat_dog_data/test_set/test_set/cats/cat.4109.jpg,0,0,1.0,0.0
/data/Zeyu/Pooling/cat_dog_data/test_set/test_set/cats/cat.4110.jpg,0,0,1.0,0.0
/data/Zeyu/Pooling/cat_dog_data/test_set/test_set/cats/cat.4111.jpg,0,0,0.9996507,0.0003492869
/data/Zeyu/Pooling/cat_dog_data/test_set/test_set/cats/cat.4112.jpg,0,0,0.6139646,0.3860354
/data/Zeyu/Pooling/cat_dog_data/test_set/test_set/cats/cat.4113.jpg,0,0,0.9967771,0.0032228455
/data/Zeyu/Pooling/cat_dog_data/test_set/test_set/cats/cat.4114.jpg,0,0,0.99999976,2.4503638e-07
/data/Zeyu/Pooling/cat_dog_data/test_set/test_set/cats/cat.4115.jpg,0,0,1.0,2.5163413e-11
/data/Zeyu/Pooling/cat_dog_data/test_set/test_set/cats/cat.4116.jpg,0,0,1.0,2.8152208e-32
/data/Zeyu/Pooling/cat_dog_data/test_set/test_set/cats/cat.4117.jpg,0,0,0.99999607,3.87668e-06
/data/Zeyu/Pooling/cat_dog_data/test_set/test_set/cats/cat.4118.jpg,0,0,0.99999964,4.171605e-07
/data/Zeyu/Pooling/cat_dog_data/test_set/test_set/cats/cat.4119.jpg,0,0,1.0,0.0
/data/Zeyu/Pooling/cat_dog_data/test_set/test_set/cats/cat.4120.jpg,0,0,1.0,3.6190505e-25
/data/Zeyu/Pooling/cat_dog_data/test_set/test_set/cats/cat.4121.jpg,0,0,1.0,0.0
/data/Zeyu/Pooling/cat_dog_data/test_set/test_set/cats/cat.4122.jpg,0,0,0.99999475,5.233664e-06
/data/Zeyu/Pooling/cat_dog_data/test_set/test_set/cats/cat.4123.jpg,0,0,0.99978226,0.00021776358
/data/Zeyu/Pooling/cat_dog_data/test_set/test_set/cats/cat.4124.jpg,0,0,1.0,0.0
/data/Zeyu/Pooling/cat_dog_data/test_set/test_set/cats/cat.4125.jpg,0,0,1.0,0.0
/data/Zeyu/Pooling/cat_dog_data/test_set/test_set/cats/cat.4126.jpg,0,0,0.999995,5.0644057e-06
/data/Zeyu/Pooling/cat_dog_data/test_set/test_set/cats/cat.4127.jpg,0,0,1.0,0.0
/data/Zeyu/Pooling/cat_dog_data/test_set/test_set/cats/cat.4128.jpg,0,0,1.0,0.0
/data/Zeyu/Pooling/cat_dog_data/test_set/test_set/cats/cat.4001.jpg,0,0,1.0,0.0
/data/Zeyu/Pooling/cat_dog_data/test_set/test_set/cats/cat.4002.jpg,0,0,0.99995327,4.6781122e-05
/data/Zeyu/Pooling/cat_dog_data/test_set/test_set/cats/cat.4003.jpg,0,0,1.0,0.0
/data/Zeyu/Pooling/cat_dog_data/test_set/test_set/cats/cat.4004.jpg,0,0,1.0,0.0
/data/Zeyu/Pooling/cat_dog_data/test_set/test_set/cats/cat.4005.jpg,0,0,0.99988604,0.00011389234
/data/Zeyu/Pooling/cat_dog_data/test_set/test_set/cats/cat.4006.jpg,0,0,1.0,0.0
/data/Zeyu/Pooling/cat_dog_data/test_set/test_set/cats/cat.4007.jpg,0,0,0.99999857,1.3975435e-06
/data/Zeyu/Pooling/cat_dog_data/test_set/test_set/cats/cat.4008.jpg,0,0,1.0,5.2378495e-14
/data/Zeyu/Pooling/cat_dog_data/test_set/test_set/cats/cat.4009.jpg,0,0,1.0,0.0
/data/Zeyu/Pooling/cat_dog_data/test_set/test_set/cats/cat.4010.jpg,0,0,0.9992761,0.00072388764
/data/Zeyu/Pooling/cat_dog_data/test_set/test_set/cats/cat.4011.jpg,0,0,1.0,0.0
/data/Zeyu/Pooling/cat_dog_data/test_set/test_set/cats/cat.4012.jpg,0,0,1.0,0.0
/data/Zeyu/Pooling/cat_dog_data/test_set/test_set/cats/cat.4013.jpg,0,0,1.0,0.0
/data/Zeyu/Pooling/cat_dog_data/test_set/test_set/cats/cat.4014.jpg,0,0,1.0,0.0
/data/Zeyu/Pooling/cat_dog_data/test_set/test_set/cats/cat.4015.jpg,0,0,1.0,0.0
/data/Zeyu/Pooling/cat_dog_data/test_set/test_set/cats/cat.4016.jpg,0,0,1.0,0.0
/data/Zeyu/Pooling/cat_dog_data/test_set/test_set/cats/cat.4017.jpg,0,0,0.7157257,0.28427428
/data/Zeyu/Pooling/cat_dog_data/test_set/test_set/cats/cat.4018.jpg,0,0,0.99999976,2.4904614e-07
/data/Zeyu/Pooling/cat_dog_data/test_set/test_set/cats/cat.4019.jpg,0,0,1.0,0.0
/data/Zeyu/Pooling/cat_dog_data/test_set/test_set/cats/cat.4020.jpg,0,0,1.0,1.3852863e-26
/data/Zeyu/Pooling/cat_dog_data/test_set/test_set/cats/cat.4021.jpg,0,0,1.0,0.0
/data/Zeyu/Pooling/cat_dog_data/test_set/test_set/cats/cat.4022.jpg,0,0,1.0,1.02228e-40
/data/Zeyu/Pooling/cat_dog_data/test_set/test_set/cats/cat.4023.jpg,0,0,1.0,0.0
/data/Zeyu/Pooling/cat_dog_data/test_set/test_set/cats/cat.4024.jpg,0,0,1.0,0.0
/data/Zeyu/Pooling/cat_dog_data/test_set/test_set/cats/cat.4025.jpg,0,0,1.0,2.1629605e-09
/data/Zeyu/Pooling/cat_dog_data/test_set/test_set/cats/cat.4026.jpg,0,0,1.0,0.0
/data/Zeyu/Pooling/cat_dog_data/test_set/test_set/cats/cat.4027.jpg,0,0,1.0,3.1940928e-14
/data/Zeyu/Pooling/cat_dog_data/test_set/test_set/cats/cat.4028.jpg,0,0,1.0,3.922276e-12
/data/Zeyu/Pooling/cat_dog_data/test_set/test_set/cats/cat.4029.jpg,0,0,0.9999516,4.8436093e-05
/data/Zeyu/Pooling/cat_dog_data/test_set/test_set/cats/cat.4030.jpg,0,0,1.0,0.0
/data/Zeyu/Pooling/cat_dog_data/test_set/test_set/cats/cat.4031.jpg,0,0,1.0,2.5185144e-35
/data/Zeyu/Pooling/cat_dog_data/test_set/test_set/cats/cat.4032.jpg,0,0,0.59555036,0.4044496
/data/Zeyu/Pooling/cat_dog_data/test_set/test_set/cats/cat.4033.jpg,0,0,0.9994128,0.00058719254
/data/Zeyu/Pooling/cat_dog_data/test_set/test_set/cats/cat.4034.jpg,0,0,1.0,0.0
/data/Zeyu/Pooling/cat_dog_data/test_set/test_set/cats/cat.4035.jpg,0,0,1.0,6.425982e-34
/data/Zeyu/Pooling/cat_dog_data/test_set/test_set/cats/cat.4036.jpg,0,0,1.0,0.0
/data/Zeyu/Pooling/cat_dog_data/test_set/test_set/cats/cat.4037.jpg,0,0,1.0,0.0
/data/Zeyu/Pooling/cat_dog_data/test_set/test_set/cats/cat.4038.jpg,0,0,1.0,0.0
/data/Zeyu/Pooling/cat_dog_data/test_set/test_set/cats/cat.4039.jpg,0,0,1.0,1.6805393e-09
/data/Zeyu/Pooling/cat_dog_data/test_set/test_set/cats/cat.4040.jpg,0,0,0.9999999,1.0307522e-07
/data/Zeyu/Pooling/cat_dog_data/test_set/test_set/cats/cat.4041.jpg,0,0,1.0,4.5731694e-15
/data/Zeyu/Pooling/cat_dog_data/test_set/test_set/cats/cat.4042.jpg,0,0,1.0,0.0
/data/Zeyu/Pooling/cat_dog_data/test_set/test_set/cats/cat.4043.jpg,0,0,1.0,0.0
/data/Zeyu/Pooling/cat_dog_data/test_set/test_set/cats/cat.4044.jpg,0,0,1.0,0.0
/data/Zeyu/Pooling/cat_dog_data/test_set/test_set/cats/cat.4045.jpg,0,0,1.0,3.4369172e-12
/data/Zeyu/Pooling/cat_dog_data/test_set/test_set/cats/cat.4046.jpg,0,0,1.0,0.0
/data/Zeyu/Pooling/cat_dog_data/test_set/test_set/cats/cat.4047.jpg,0,0,1.0,2.1353518e-10
/data/Zeyu/Pooling/cat_dog_data/test_set/test_set/cats/cat.4048.jpg,0,0,1.0,0.0
/data/Zeyu/Pooling/cat_dog_data/test_set/test_set/cats/cat.4049.jpg,0,0,1.0,2.6727659e-12
/data/Zeyu/Pooling/cat_dog_data/test_set/test_set/cats/cat.4050.jpg,0,0,1.0,3.9379385e-18
/data/Zeyu/Pooling/cat_dog_data/test_set/test_set/cats/cat.4051.jpg,0,0,1.0,1.0084828e-20
/data/Zeyu/Pooling/cat_dog_data/test_set/test_set/cats/cat.4052.jpg,0,0,1.0,0.0
/data/Zeyu/Pooling/cat_dog_data/test_set/test_set/cats/cat.4053.jpg,0,0,1.0,1.1539203e-16
/data/Zeyu/Pooling/cat_dog_data/test_set/test_set/cats/cat.4054.jpg,0,0,1.0,4.292133e-29
/data/Zeyu/Pooling/cat_dog_data/test_set/test_set/cats/cat.4055.jpg,0,0,0.995046,0.004953943
/data/Zeyu/Pooling/cat_dog_data/test_set/test_set/cats/cat.4056.jpg,0,0,1.0,0.0
/data/Zeyu/Pooling/cat_dog_data/test_set/test_set/cats/cat.4057.jpg,0,0,0.92966056,0.070339456
/data/Zeyu/Pooling/cat_dog_data/test_set/test_set/cats/cat.4058.jpg,0,0,0.9999286,7.140069e-05
/data/Zeyu/Pooling/cat_dog_data/test_set/test_set/cats/cat.4059.jpg,0,0,1.0,0.0
/data/Zeyu/Pooling/cat_dog_data/test_set/test_set/cats/cat.4060.jpg,0,0,0.99963176,0.00036827812
/data/Zeyu/Pooling/cat_dog_data/test_set/test_set/cats/cat.4061.jpg,0,0,0.9999962,3.8718813e-06
/data/Zeyu/Pooling/cat_dog_data/test_set/test_set/cats/cat.4062.jpg,0,0,1.0,0.0
/data/Zeyu/Pooling/cat_dog_data/test_set/test_set/cats/cat.4063.jpg,0,0,0.99992955,7.042518e-05
/data/Zeyu/Pooling/cat_dog_data/test_set/test_set/cats/cat.4064.jpg,0,0,0.99999917,8.374626e-07
/data/Zeyu/Pooling/cat_dog_data/test_set/test_set/cats/cat.4065.jpg,0,0,1.0,0.0
/data/Zeyu/Pooling/cat_dog_data/test_set/test_set/cats/cat.4066.jpg,0,0,0.9999999,1.054552e-07
/data/Zeyu/Pooling/cat_dog_data/test_set/test_set/cats/cat.4067.jpg,0,0,0.9999925,7.476975e-06
/data/Zeyu/Pooling/cat_dog_data/test_set/test_set/cats/cat.4068.jpg,0,0,1.0,4.7782487e-14
/data/Zeyu/Pooling/cat_dog_data/test_set/test_set/cats/cat.4069.jpg,0,0,0.99942124,0.0005787345
/data/Zeyu/Pooling/cat_dog_data/test_set/test_set/cats/cat.4070.jpg,0,0,0.95677674,0.04322331
/data/Zeyu/Pooling/cat_dog_data/test_set/test_set/cats/cat.4071.jpg,0,0,1.0,0.0
/data/Zeyu/Pooling/cat_dog_data/test_set/test_set/cats/cat.4072.jpg,0,0,1.0,0.0
/data/Zeyu/Pooling/cat_dog_data/test_set/test_set/cats/cat.4073.jpg,0,0,1.0,0.0
/data/Zeyu/Pooling/cat_dog_data/test_set/test_set/cats/cat.4074.jpg,0,0,0.9992575,0.00074253476
/data/Zeyu/Pooling/cat_dog_data/test_set/test_set/cats/cat.4075.jpg,0,0,1.0,0.0
/data/Zeyu/Pooling/cat_dog_data/test_set/test_set/cats/cat.4076.jpg,0,0,1.0,0.0
/data/Zeyu/Pooling/cat_dog_data/test_set/test_set/cats/cat.4077.jpg,0,0,1.0,0.0
/data/Zeyu/Pooling/cat_dog_data/test_set/test_set/cats/cat.4078.jpg,0,0,1.0,3.6096166e-19
/data/Zeyu/Pooling/cat_dog_data/test_set/test_set/cats/cat.4079.jpg,0,0,1.0,0.0
/data/Zeyu/Pooling/cat_dog_data/test_set/test_set/cats/cat.4080.jpg,0,0,0.99627894,0.003721044
/data/Zeyu/Pooling/cat_dog_data/test_set/test_set/cats/cat.4081.jpg,0,0,0.99993837,6.168107e-05
/data/Zeyu/Pooling/cat_dog_data/test_set/test_set/cats/cat.4082.jpg,0,0,1.0,0.0
/data/Zeyu/Pooling/cat_dog_data/test_set/test_set/cats/cat.4083.jpg,0,0,1.0,1.0031686e-20
/data/Zeyu/Pooling/cat_dog_data/test_set/test_set/cats/cat.4084.jpg,0,0,1.0,6.044631e-17
/data/Zeyu/Pooling/cat_dog_data/test_set/test_set/cats/cat.4085.jpg,0,0,1.0,0.0
/data/Zeyu/Pooling/cat_dog_data/test_set/test_set/cats/cat.4086.jpg,0,0,1.0,0.0
/data/Zeyu/Pooling/cat_dog_data/test_set/test_set/cats/cat.4087.jpg,0,0,0.998078,0.0019220235
/data/Zeyu/Pooling/cat_dog_data/test_set/test_set/cats/cat.4088.jpg,0,0,1.0,0.0
/data/Zeyu/Pooling/cat_dog_data/test_set/test_set/cats/cat.4089.jpg,0,0,1.0,3.9005053e-09
/data/Zeyu/Pooling/cat_dog_data/test_set/test_set/cats/cat.4090.jpg,0,0,0.99999976,2.9168723e-07
/data/Zeyu/Pooling/cat_dog_data/test_set/test_set/cats/cat.4091.jpg,0,0,1.0,0.0
/data/Zeyu/Pooling/cat_dog_data/test_set/test_set/cats/cat.4092.jpg,0,0,1.0,3.0734364e-09
/data/Zeyu/Pooling/cat_dog_data/test_set/test_set/cats/cat.4093.jpg,0,0,1.0,0.0
/data/Zeyu/Pooling/cat_dog_data/test_set/test_set/cats/cat.4094.jpg,0,0,1.0,2.3164137e-13
/data/Zeyu/Pooling/cat_dog_data/test_set/test_set/cats/cat.4095.jpg,0,1,0.009649984,0.99035
/data/Zeyu/Pooling/cat_dog_data/test_set/test_set/cats/cat.4096.jpg,0,0,0.99999976,1.9998484e-07
/data/Zeyu/Pooling/cat_dog_data/test_set/test_set/cats/cat.4097.jpg,0,0,0.99999225,7.756722e-06
/data/Zeyu/Pooling/cat_dog_data/test_set/test_set/cats/cat.4098.jpg,0,0,0.99998415,1.5815602e-05
/data/Zeyu/Pooling/cat_dog_data/test_set/test_set/cats/cat.4099.jpg,0,0,1.0,0.0
/data/Zeyu/Pooling/cat_dog_data/test_set/test_set/cats/cat.4100.jpg,0,0,1.0,0.0
/data/Zeyu/Pooling/cat_dog_data/test_set/test_set/cats/cat.4101.jpg,0,0,1.0,0.0
/data/Zeyu/Pooling/cat_dog_data/test_set/test_set/cats/cat.4102.jpg,0,0,1.0,0.0
/data/Zeyu/Pooling/cat_dog_data/test_set/test_set/cats/cat.4103.jpg,0,0,1.0,0.0
/data/Zeyu/Pooling/cat_dog_data/test_set/test_set/cats/cat.4104.jpg,0,0,1.0,0.0
/data/Zeyu/Pooling/cat_dog_data/test_set/test_set/cats/cat.4105.jpg,0,0,1.0,0.0
/data/Zeyu/Pooling/cat_dog_data/test_set/test_set/cats/cat.4106.jpg,0,0,0.99999976,2.8690525e-07
/data/Zeyu/Pooling/cat_dog_data/test_set/test_set/cats/cat.4107.jpg,0,0,0.9153582,0.084641755
/data/Zeyu/Pooling/cat_dog_data/test_set/test_set/cats/cat.4108.jpg,0,0,0.9822441,0.017755948
/data/Zeyu/Pooling/cat_dog_data/test_set/test_set/cats/cat.4109.jpg,0,0,0.5929255,0.40707454
/data/Zeyu/Pooling/cat_dog_data/test_set/test_set/cats/cat.4110.jpg,0,0,1.0,0.0
/data/Zeyu/Pooling/cat_dog_data/test_set/test_set/cats/cat.4111.jpg,0,0,1.0,0.0
/data/Zeyu/Pooling/cat_dog_data/test_set/test_set/cats/cat.4112.jpg,0,0,0.99999976,1.7930013e-07
/data/Zeyu/Pooling/cat_dog_data/test_set/test_set/cats/cat.4113.jpg,0,0,0.9999963,3.6430001e-06
/data/Zeyu/Pooling/cat_dog_data/test_set/test_set/cats/cat.4114.jpg,0,0,1.0,0.0
/data/Zeyu/Pooling/cat_dog_data/test_set/test_set/cats/cat.4115.jpg,0,0,1.0,0.0
/data/Zeyu/Pooling/cat_dog_data/test_set/test_set/cats/cat.4116.jpg,0,0,1.0,0.0
/data/Zeyu/Pooling/cat_dog_data/test_set/test_set/cats/cat.4117.jpg,0,0,1.0,0.0
/data/Zeyu/Pooling/cat_dog_data/test_set/test_set/cats/cat.4118.jpg,0,0,0.99645495,0.0035451136
/data/Zeyu/Pooling/cat_dog_data/test_set/test_set/cats/cat.4119.jpg,0,0,1.0,0.0
/data/Zeyu/Pooling/cat_dog_data/test_set/test_set/cats/cat.4120.jpg,0,0,0.9055095,0.09449048
/data/Zeyu/Pooling/cat_dog_data/test_set/test_set/cats/cat.4121.jpg,0,0,1.0,6.596166e-10
/data/Zeyu/Pooling/cat_dog_data/test_set/test_set/cats/cat.4122.jpg,0,0,1.0,0.0
/data/Zeyu/Pooling/cat_dog_data/test_set/test_set/cats/cat.4123.jpg,0,0,1.0,1.373907e-28
/data/Zeyu/Pooling/cat_dog_data/test_set/test_set/cats/cat.4124.jpg,0,0,1.0,0.0
/data/Zeyu/Pooling/cat_dog_data/test_set/test_set/cats/cat.4125.jpg,0,0,0.9999863,1.368005e-05
/data/Zeyu/Pooling/cat_dog_data/test_set/test_set/cats/cat.4126.jpg,0,0,0.9999932,6.8515205e-06
/data/Zeyu/Pooling/cat_dog_data/test_set/test_set/cats/cat.4127.jpg,0,0,1.0,0.0
/data/Zeyu/Pooling/cat_dog_data/test_set/test_set/cats/cat.4128.jpg,0,0,1.0,4.0510675e-35
/data/Zeyu/Pooling/cat_dog_data/test_set/test_set/cats/cat.4001.jpg,0,0,1.0,0.0
/data/Zeyu/Pooling/cat_dog_data/test_set/test_set/cats/cat.4002.jpg,0,0,0.9999958,4.1187736e-06
/data/Zeyu/Pooling/cat_dog_data/test_set/test_set/cats/cat.4003.jpg,0,0,0.99997354,2.6452375e-05
/data/Zeyu/Pooling/cat_dog_data/test_set/test_set/cats/cat.4004.jpg,0,0,0.99323237,0.006767706
/data/Zeyu/Pooling/cat_dog_data/test_set/test_set/cats/cat.4005.jpg,0,0,1.0,5.187587e-19
/data/Zeyu/Pooling/cat_dog_data/test_set/test_set/cats/cat.4006.jpg,0,0,1.0,0.0
/data/Zeyu/Pooling/cat_dog_data/test_set/test_set/cats/cat.4007.jpg,0,0,1.0,3.585719e-29
/data/Zeyu/Pooling/cat_dog_data/test_set/test_set/cats/cat.4008.jpg,0,0,1.0,5.6355284e-24
/data/Zeyu/Pooling/cat_dog_data/test_set/test_set/cats/cat.4009.jpg,0,0,1.0,0.0
/data/Zeyu/Pooling/cat_dog_data/test_set/test_set/cats/cat.4010.jpg,0,0,1.0,1.5654774e-11
/data/Zeyu/Pooling/cat_dog_data/test_set/test_set/cats/cat.4011.jpg,0,0,0.9753414,0.024657559
/data/Zeyu/Pooling/cat_dog_data/test_set/test_set/cats/cat.4012.jpg,0,0,1.0,0.0
/data/Zeyu/Pooling/cat_dog_data/test_set/test_set/cats/cat.4013.jpg,0,0,1.0,0.0
/data/Zeyu/Pooling/cat_dog_data/test_set/test_set/cats/cat.4014.jpg,0,0,1.0,0.0
/data/Zeyu/Pooling/cat_dog_data/test_set/test_set/cats/cat.4015.jpg,0,0,0.9999999,1.5013727e-07
/data/Zeyu/Pooling/cat_dog_data/test_set/test_set/cats/cat.4016.jpg,0,0,1.0,0.0
/data/Zeyu/Pooling/cat_dog_data/test_set/test_set/cats/cat.4017.jpg,0,0,0.6943065,0.30569348
/data/Zeyu/Pooling/cat_dog_data/test_set/test_set/cats/cat.4018.jpg,0,0,0.9969542,0.003045826
/data/Zeyu/Pooling/cat_dog_data/test_set/test_set/cats/cat.4019.jpg,0,0,0.9969542,0.003045826
/data/Zeyu/Pooling/cat_dog_data/test_set/test_set/cats/cat.4020.jpg,0,0,1.0,2.0518177e-17
/data/Zeyu/Pooling/cat_dog_data/test_set/test_set/cats/cat.4021.jpg,0,0,1.0,0.0
/data/Zeyu/Pooling/cat_dog_data/test_set/test_set/cats/cat.4022.jpg,0,0,1.0,2.498071e-13
/data/Zeyu/Pooling/cat_dog_data/test_set/test_set/cats/cat.4023.jpg,0,0,1.0,3.855076e-10
/data/Zeyu/Pooling/cat_dog_data/test_set/test_set/cats/cat.4024.jpg,0,0,1.0,1.212818e-13
/data/Zeyu/Pooling/cat_dog_data/test_set/test_set/cats/cat.4025.jpg,0,0,1.0,3.730231e-17
/data/Zeyu/Pooling/cat_dog_data/test_set/test_set/cats/cat.4026.jpg,0,0,0.9829693,0.017030688
/data/Zeyu/Pooling/cat_dog_data/test_set/test_set/cats/cat.4027.jpg,0,0,0.9942345,0.0057655196
/data/Zeyu/Pooling/cat_dog_data/test_set/test_set/cats/cat.4028.jpg,0,0,1.0,0.0
/data/Zeyu/Pooling/cat_dog_data/test_set/test_set/cats/cat.4029.jpg,0,0,1.0,1.1629503e-09
/data/Zeyu/Pooling/cat_dog_data/test_set/test_set/cats/cat.4030.jpg,0,0,0.9998921,0.000107827844
/data/Zeyu/Pooling/cat_dog_data/test_set/test_set/cats/cat.4031.jpg,0,0,0.99999976,2.1442027e-07
/data/Zeyu/Pooling/cat_dog_data/test_set/test_set/cats/cat.4032.jpg,0,0,1.0,0.0
/data/Zeyu/Pooling/cat_dog_data/test_set/test_set/cats/cat.4033.jpg,0,0,1.0,0.0
/data/Zeyu/Pooling/cat_dog_data/test_set/test_set/cats/cat.4034.jpg,0,0,0.99999964,4.15378e-07
/data/Zeyu/Pooling/cat_dog_data/test_set/test_set/cats/cat.4035.jpg,0,0,0.85560095,0.14439899
/data/Zeyu/Pooling/cat_dog_data/test_set/test_set/cats/cat.4036.jpg,0,0,1.0,0.0
/data/Zeyu/Pooling/cat_dog_data/test_set/test_set/cats/cat.4037.jpg,0,0,1.0,0.0
/data/Zeyu/Pooling/cat_dog_data/test_set/test_set/cats/cat.4038.jpg,0,0,1.0,0.0
/data/Zeyu/Pooling/cat_dog_data/test_set/test_set/cats/cat.4039.jpg,0,0,1.0,0.0
/data/Zeyu/Pooling/cat_dog_data/test_set/test_set/cats/cat.4040.jpg,0,0,1.0,0.0
/data/Zeyu/Pooling/cat_dog_data/test_set/test_set/cats/cat.4041.jpg,0,0,1.0,3.5794945e-10
/data/Zeyu/Pooling/cat_dog_data/test_set/test_set/cats/cat.4042.jpg,0,0,0.9999827,1.7297958e-05
/data/Zeyu/Pooling/cat_dog_data/test_set/test_set/cats/cat.4043.jpg,0,0,1.0,0.0
/data/Zeyu/Pooling/cat_dog_data/test_set/test_set/cats/cat.4044.jpg,0,0,1.0,3.3513706e-38
/data/Zeyu/Pooling/cat_dog_data/test_set/test_set/cats/cat.4045.jpg,0,0,1.0,0.0
/data/Zeyu/Pooling/cat_dog_data/test_set/test_set/cats/cat.4046.jpg,0,0,0.9999945,5.438262e-06
/data/Zeyu/Pooling/cat_dog_data/test_set/test_set/cats/cat.4047.jpg,0,0,0.9983253,0.001674735
/data/Zeyu/Pooling/cat_dog_data/test_set/test_set/cats/cat.4048.jpg,0,0,1.0,1.9274294e-26
/data/Zeyu/Pooling/cat_dog_data/test_set/test_set/cats/cat.4049.jpg,0,0,1.0,3.2304376e-10
/data/Zeyu/Pooling/cat_dog_data/test_set/test_set/cats/cat.4050.jpg,0,0,0.9999993,7.3102143e-07
/data/Zeyu/Pooling/cat_dog_data/test_set/test_set/cats/cat.4051.jpg,0,0,0.9759375,0.024062578
/data/Zeyu/Pooling/cat_dog_data/test_set/test_set/cats/cat.4052.jpg,0,0,1.0,0.0
/data/Zeyu/Pooling/cat_dog_data/test_set/test_set/cats/cat.4053.jpg,0,0,1.0,1.28051294e-23
/data/Zeyu/Pooling/cat_dog_data/test_set/test_set/cats/cat.4054.jpg,0,0,0.9999449,5.5020497e-05
/data/Zeyu/Pooling/cat_dog_data/test_set/test_set/cats/cat.4055.jpg,0,0,1.0,0.0
/data/Zeyu/Pooling/cat_dog_data/test_set/test_set/cats/cat.4056.jpg,0,0,0.99999976,2.5669527e-07
/data/Zeyu/Pooling/cat_dog_data/test_set/test_set/cats/cat.4057.jpg,0,0,1.0,0.0
/data/Zeyu/Pooling/cat_dog_data/test_set/test_set/cats/cat.4058.jpg,0,0,1.0,0.0
/data/Zeyu/Pooling/cat_dog_data/test_set/test_set/cats/cat.4059.jpg,0,0,1.0,4.901598e-08
/data/Zeyu/Pooling/cat_dog_data/test_set/test_set/cats/cat.4060.jpg,0,0,0.99999,9.960623e-06
/data/Zeyu/Pooling/cat_dog_data/test_set/test_set/cats/cat.4061.jpg,0,0,0.910329,0.08967098
/data/Zeyu/Pooling/cat_dog_data/test_set/test_set/cats/cat.4062.jpg,0,0,0.9993124,0.00068765815
/data/Zeyu/Pooling/cat_dog_data/test_set/test_set/cats/cat.4063.jpg,0,0,0.9607929,0.039207086
/data/Zeyu/Pooling/cat_dog_data/test_set/test_set/cats/cat.4064.jpg,0,0,1.0,9.802444e-21
/data/Zeyu/Pooling/cat_dog_data/test_set/test_set/cats/cat.4065.jpg,0,0,1.0,1.6929261e-23
/data/Zeyu/Pooling/cat_dog_data/test_set/test_set/cats/cat.4066.jpg,0,0,1.0,3.405e-42
/data/Zeyu/Pooling/cat_dog_data/test_set/test_set/cats/cat.4067.jpg,0,0,1.0,0.0
/data/Zeyu/Pooling/cat_dog_data/test_set/test_set/cats/cat.4068.jpg,0,0,1.0,0.0
/data/Zeyu/Pooling/cat_dog_data/test_set/test_set/cats/cat.4069.jpg,0,0,0.9999912,8.822605e-06
/data/Zeyu/Pooling/cat_dog_data/test_set/test_set/cats/cat.4070.jpg,0,0,1.0,0.0
/data/Zeyu/Pooling/cat_dog_data/test_set/test_set/cats/cat.4071.jpg,0,0,1.0,1.10858455e-16
/data/Zeyu/Pooling/cat_dog_data/test_set/test_set/cats/cat.4072.jpg,0,0,0.99632347,0.0036764976
/data/Zeyu/Pooling/cat_dog_data/test_set/test_set/cats/cat.4073.jpg,0,0,0.98530954,0.014690466
/data/Zeyu/Pooling/cat_dog_data/test_set/test_set/cats/cat.4074.jpg,0,0,1.0,0.0
/data/Zeyu/Pooling/cat_dog_data/test_set/test_set/cats/cat.4075.jpg,0,0,0.9988267,0.0011733471
/data/Zeyu/Pooling/cat_dog_data/test_set/test_set/cats/cat.4076.jpg,0,0,0.999879,0.00012100474
/data/Zeyu/Pooling/cat_dog_data/test_set/test_set/cats/cat.4077.jpg,0,0,0.99492455,0.0050753974
/data/Zeyu/Pooling/cat_dog_data/test_set/test_set/cats/cat.4078.jpg,0,0,1.0,0.0
/data/Zeyu/Pooling/cat_dog_data/test_set/test_set/cats/cat.4079.jpg,0,0,1.0,6.907426e-17
/data/Zeyu/Pooling/cat_dog_data/test_set/test_set/cats/cat.4080.jpg,0,0,1.0,8.363948e-25
/data/Zeyu/Pooling/cat_dog_data/test_set/test_set/cats/cat.4081.jpg,0,0,1.0,0.0
/data/Zeyu/Pooling/cat_dog_data/test_set/test_set/cats/cat.4082.jpg,0,0,0.9999919,8.138389e-06
/data/Zeyu/Pooling/cat_dog_data/test_set/test_set/cats/cat.4083.jpg,0,0,0.9412188,0.058781184
/data/Zeyu/Pooling/cat_dog_data/test_set/test_set/cats/cat.4084.jpg,0,0,1.0,0.0
/data/Zeyu/Pooling/cat_dog_data/test_set/test_set/cats/cat.4085.jpg,0,0,1.0,8.7058027e-38
/data/Zeyu/Pooling/cat_dog_data/test_set/test_set/cats/cat.4086.jpg,0,0,0.9097404,0.09025956
/data/Zeyu/Pooling/cat_dog_data/test_set/test_set/cats/cat.4087.jpg,0,0,1.0,1.972354e-34
/data/Zeyu/Pooling/cat_dog_data/test_set/test_set/cats/cat.4088.jpg,0,0,0.99999917,8.8274095e-07
/data/Zeyu/Pooling/cat_dog_data/test_set/test_set/cats/cat.4089.jpg,0,0,1.0,0.0
/data/Zeyu/Pooling/cat_dog_data/test_set/test_set/cats/cat.4090.jpg,0,0,1.0,0.0
/data/Zeyu/Pooling/cat_dog_data/test_set/test_set/cats/cat.4091.jpg,0,0,0.99999964,3.302196e-07
/data/Zeyu/Pooling/cat_dog_data/test_set/test_set/cats/cat.4092.jpg,0,0,1.0,7.38e-43
/data/Zeyu/Pooling/cat_dog_data/test_set/test_set/cats/cat.4093.jpg,0,0,1.0,8.370686e-13
/data/Zeyu/Pooling/cat_dog_data/test_set/test_set/cats/cat.4094.jpg,0,0,0.9897657,0.010234276
/data/Zeyu/Pooling/cat_dog_data/test_set/test_set/cats/cat.4095.jpg,0,0,1.0,9.227173e-15
/data/Zeyu/Pooling/cat_dog_data/test_set/test_set/cats/cat.4096.jpg,0,0,0.9999939,6.0350435e-06
/data/Zeyu/Pooling/cat_dog_data/test_set/test_set/cats/cat.4097.jpg,0,0,1.0,0.0
/data/Zeyu/Pooling/cat_dog_data/test_set/test_set/cats/cat.4098.jpg,0,0,0.99455184,0.00544814
/data/Zeyu/Pooling/cat_dog_data/test_set/test_set/cats/cat.4099.jpg,0,0,0.95477617,0.045223825
/data/Zeyu/Pooling/cat_dog_data/test_set/test_set/cats/cat.4100.jpg,0,0,1.0,0.0
/data/Zeyu/Pooling/cat_dog_data/test_set/test_set/cats/cat.4101.jpg,0,0,1.0,3.9019378e-37
/data/Zeyu/Pooling/cat_dog_data/test_set/test_set/cats/cat.4102.jpg,0,0,1.0,0.0
/data/Zeyu/Pooling/cat_dog_data/test_set/test_set/cats/cat.4103.jpg,0,0,1.0,1.4588118e-27
/data/Zeyu/Pooling/cat_dog_data/test_set/test_set/cats/cat.4104.jpg,0,0,1.0,5.1484386e-25
/data/Zeyu/Pooling/cat_dog_data/test_set/test_set/cats/cat.4105.jpg,0,0,1.0,0.0
/data/Zeyu/Pooling/cat_dog_data/test_set/test_set/cats/cat.4106.jpg,0,0,1.0,0.0
/data/Zeyu/Pooling/cat_dog_data/test_set/test_set/cats/cat.4107.jpg,0,0,1.0,0.0
/data/Zeyu/Pooling/cat_dog_data/test_set/test_set/cats/cat.4108.jpg,0,0,1.0,0.0
/data/Zeyu/Pooling/cat_dog_data/test_set/test_set/cats/cat.4109.jpg,0,0,1.0,0.0
/data/Zeyu/Pooling/cat_dog_data/test_set/test_set/cats/cat.4110.jpg,0,0,1.0,0.0
/data/Zeyu/Pooling/cat_dog_data/test_set/test_set/cats/cat.4111.jpg,0,0,1.0,2.5779775e-32
/data/Zeyu/Pooling/cat_dog_data/test_set/test_set/cats/cat.4112.jpg,0,0,1.0,0.0
/data/Zeyu/Pooling/cat_dog_data/test_set/test_set/cats/cat.4113.jpg,0,0,0.9999995,4.3947446e-07
/data/Zeyu/Pooling/cat_dog_data/test_set/test_set/cats/cat.4114.jpg,0,0,1.0,0.0
/data/Zeyu/Pooling/cat_dog_data/test_set/test_set/cats/cat.4115.jpg,0,0,0.8605107,0.13948922
/data/Zeyu/Pooling/cat_dog_data/test_set/test_set/cats/cat.4116.jpg,0,0,1.0,0.0
/data/Zeyu/Pooling/cat_dog_data/test_set/test_set/cats/cat.4117.jpg,0,0,1.0,1.6270447e-18
/data/Zeyu/Pooling/cat_dog_data/test_set/test_set/cats/cat.4118.jpg,0,0,0.9999993,6.8710057e-07
/data/Zeyu/Pooling/cat_dog_data/test_set/test_set/cats/cat.4119.jpg,0,0,1.0,9.471916e-26
/data/Zeyu/Pooling/cat_dog_data/test_set/test_set/cats/cat.4120.jpg,0,0,0.9969073,0.0030927425
/data/Zeyu/Pooling/cat_dog_data/test_set/test_set/cats/cat.4121.jpg,0,0,1.0,0.0
/data/Zeyu/Pooling/cat_dog_data/test_set/test_set/cats/cat.4122.jpg,0,0,1.0,2.188929e-16
/data/Zeyu/Pooling/cat_dog_data/test_set/test_set/cats/cat.4123.jpg,0,0,0.99999905,9.618042e-07
/data/Zeyu/Pooling/cat_dog_data/test_set/test_set/cats/cat.4124.jpg,0,0,0.9999888,1.1187338e-05
/data/Zeyu/Pooling/cat_dog_data/test_set/test_set/cats/cat.4125.jpg,0,0,0.998882,0.0011179682
/data/Zeyu/Pooling/cat_dog_data/test_set/test_set/cats/cat.4126.jpg,0,0,1.0,0.0
/data/Zeyu/Pooling/cat_dog_data/test_set/test_set/cats/cat.4127.jpg,0,0,1.0,0.0
/data/Zeyu/Pooling/cat_dog_data/test_set/test_set/cats/cat.4128.jpg,0,0,1.0,0.0
/data/Zeyu/Pooling/cat_dog_data/test_set/test_set/cats/cat.4001.jpg,0,0,0.9999994,6.5104524e-07
/data/Zeyu/Pooling/cat_dog_data/test_set/test_set/cats/cat.4002.jpg,0,0,1.0,3.2417052e-08
/data/Zeyu/Pooling/cat_dog_data/test_set/test_set/cats/cat.4003.jpg,0,0,0.99999976,2.6435788e-07
/data/Zeyu/Pooling/cat_dog_data/test_set/test_set/cats/cat.4004.jpg,0,0,1.0,1.1496674e-08
/data/Zeyu/Pooling/cat_dog_data/test_set/test_set/cats/cat.4005.jpg,0,0,1.0,0.0
/data/Zeyu/Pooling/cat_dog_data/test_set/test_set/cats/cat.4006.jpg,0,0,1.0,1.618941e-39
/data/Zeyu/Pooling/cat_dog_data/test_set/test_set/cats/cat.4007.jpg,0,0,1.0,1.1913602e-28
/data/Zeyu/Pooling/cat_dog_data/test_set/test_set/cats/cat.4008.jpg,0,0,1.0,0.0
/data/Zeyu/Pooling/cat_dog_data/test_set/test_set/cats/cat.4009.jpg,0,0,1.0,0.0
/data/Zeyu/Pooling/cat_dog_data/test_set/test_set/cats/cat.4010.jpg,0,0,1.0,3.2285865e-12
/data/Zeyu/Pooling/cat_dog_data/test_set/test_set/cats/cat.4011.jpg,0,0,0.9999329,6.7122455e-05
/data/Zeyu/Pooling/cat_dog_data/test_set/test_set/cats/cat.4012.jpg,0,0,1.0,0.0
/data/Zeyu/Pooling/cat_dog_data/test_set/test_set/cats/cat.4013.jpg,0,0,1.0,9.492855e-12
/data/Zeyu/Pooling/cat_dog_data/test_set/test_set/cats/cat.4014.jpg,0,0,0.83390754,0.16609249
/data/Zeyu/Pooling/cat_dog_data/test_set/test_set/cats/cat.4015.jpg,0,0,1.0,2.9164264e-21
/data/Zeyu/Pooling/cat_dog_data/test_set/test_set/cats/cat.4016.jpg,0,0,0.9060426,0.09394761
/data/Zeyu/Pooling/cat_dog_data/test_set/test_set/cats/cat.4017.jpg,0,0,1.0,2.5074486e-15
/data/Zeyu/Pooling/cat_dog_data/test_set/test_set/cats/cat.4018.jpg,0,0,1.0,0.0
/data/Zeyu/Pooling/cat_dog_data/test_set/test_set/cats/cat.4019.jpg,0,0,0.98853266,0.011467343
/data/Zeyu/Pooling/cat_dog_data/test_set/test_set/cats/cat.4020.jpg,0,0,1.0,0.0
/data/Zeyu/Pooling/cat_dog_data/test_set/test_set/cats/cat.4021.jpg,0,0,1.0,0.0
/data/Zeyu/Pooling/cat_dog_data/test_set/test_set/cats/cat.4022.jpg,0,0,1.0,4.8803372e-08
/data/Zeyu/Pooling/cat_dog_data/test_set/test_set/cats/cat.4023.jpg,0,0,0.996795,0.0032050556
/data/Zeyu/Pooling/cat_dog_data/test_set/test_set/cats/cat.4024.jpg,0,0,0.99997365,2.635053e-05
/data/Zeyu/Pooling/cat_dog_data/test_set/test_set/cats/cat.4025.jpg,0,0,1.0,1.4285471e-32
/data/Zeyu/Pooling/cat_dog_data/test_set/test_set/cats/cat.4026.jpg,0,0,1.0,0.0
/data/Zeyu/Pooling/cat_dog_data/test_set/test_set/cats/cat.4027.jpg,0,0,1.0,0.0
/data/Zeyu/Pooling/cat_dog_data/test_set/test_set/cats/cat.4028.jpg,0,0,1.0,0.0
/data/Zeyu/Pooling/cat_dog_data/test_set/test_set/cats/cat.4029.jpg,0,0,0.99999917,8.847805e-07
/data/Zeyu/Pooling/cat_dog_data/test_set/test_set/cats/cat.4030.jpg,0,0,1.0,1.022296e-11
/data/Zeyu/Pooling/cat_dog_data/test_set/test_set/cats/cat.4031.jpg,0,0,1.0,0.0
/data/Zeyu/Pooling/cat_dog_data/test_set/test_set/cats/cat.4032.jpg,0,0,1.0,3.177173e-20
/data/Zeyu/Pooling/cat_dog_data/test_set/test_set/cats/cat.4033.jpg,0,0,1.0,5.4078124e-35
/data/Zeyu/Pooling/cat_dog_data/test_set/test_set/cats/cat.4034.jpg,0,0,0.9995363,0.0004636876
/data/Zeyu/Pooling/cat_dog_data/test_set/test_set/cats/cat.4035.jpg,0,0,1.0,0.0
/data/Zeyu/Pooling/cat_dog_data/test_set/test_set/cats/cat.4036.jpg,0,0,1.0,0.0
/data/Zeyu/Pooling/cat_dog_data/test_set/test_set/cats/cat.4037.jpg,0,0,1.0,0.0
/data/Zeyu/Pooling/cat_dog_data/test_set/test_set/cats/cat.4038.jpg,0,0,1.0,3.268089e-35
/data/Zeyu/Pooling/cat_dog_data/test_set/test_set/cats/cat.4039.jpg,0,0,1.0,1.601716e-14
/data/Zeyu/Pooling/cat_dog_data/test_set/test_set/cats/cat.4040.jpg,0,0,1.0,6.1492e-41
/data/Zeyu/Pooling/cat_dog_data/test_set/test_set/cats/cat.4041.jpg,0,0,0.9981159,0.0018840993
/data/Zeyu/Pooling/cat_dog_data/test_set/test_set/cats/cat.4042.jpg,0,0,1.0,0.0
/data/Zeyu/Pooling/cat_dog_data/test_set/test_set/cats/cat.4043.jpg,0,0,1.0,8.504542e-11
/data/Zeyu/Pooling/cat_dog_data/test_set/test_set/cats/cat.4044.jpg,0,0,1.0,1.0051948e-28
/data/Zeyu/Pooling/cat_dog_data/test_set/test_set/cats/cat.4045.jpg,0,0,0.99466264,0.0053373724
/data/Zeyu/Pooling/cat_dog_data/test_set/test_set/cats/cat.4046.jpg,0,0,1.0,7.7901615e-20
/data/Zeyu/Pooling/cat_dog_data/test_set/test_set/cats/cat.4047.jpg,0,0,1.0,0.0
/data/Zeyu/Pooling/cat_dog_data/test_set/test_set/cats/cat.4048.jpg,0,0,0.99258465,0.007415305
/data/Zeyu/Pooling/cat_dog_data/test_set/test_set/cats/cat.4049.jpg,0,0,1.0,0.0
/data/Zeyu/Pooling/cat_dog_data/test_set/test_set/cats/cat.4050.jpg,0,0,1.0,0.0
/data/Zeyu/Pooling/cat_dog_data/test_set/test_set/cats/cat.4051.jpg,0,0,0.99998045,1.9545634e-05
/data/Zeyu/Pooling/cat_dog_data/test_set/test_set/cats/cat.4052.jpg,0,0,0.99993026,6.977881e-05
/data/Zeyu/Pooling/cat_dog_data/test_set/test_set/cats/cat.4053.jpg,0,0,1.0,0.0
/data/Zeyu/Pooling/cat_dog_data/test_set/test_set/cats/cat.4054.jpg,0,0,1.0,0.0
/data/Zeyu/Pooling/cat_dog_data/test_set/test_set/cats/cat.4055.jpg,0,0,1.0,0.0
/data/Zeyu/Pooling/cat_dog_data/test_set/test_set/cats/cat.4056.jpg,0,0,1.0,1.6949961e-13
/data/Zeyu/Pooling/cat_dog_data/test_set/test_set/cats/cat.4057.jpg,0,0,0.8229383,0.17706163
/data/Zeyu/Pooling/cat_dog_data/test_set/test_set/cats/cat.4058.jpg,0,0,1.0,0.0
/data/Zeyu/Pooling/cat_dog_data/test_set/test_set/cats/cat.4059.jpg,0,0,1.0,0.0
/data/Zeyu/Pooling/cat_dog_data/test_set/test_set/cats/cat.4060.jpg,0,0,1.0,0.0
/data/Zeyu/Pooling/cat_dog_data/test_set/test_set/cats/cat.4061.jpg,0,0,1.0,7.147008e-15
/data/Zeyu/Pooling/cat_dog_data/test_set/test_set/cats/cat.4062.jpg,0,0,1.0,1.4635361e-15
/data/Zeyu/Pooling/cat_dog_data/test_set/test_set/cats/cat.4063.jpg,0,0,1.0,6.704953e-39
/data/Zeyu/Pooling/cat_dog_data/test_set/test_set/cats/cat.4064.jpg,0,0,1.0,0.0
/data/Zeyu/Pooling/cat_dog_data/test_set/test_set/cats/cat.4065.jpg,0,0,0.9999809,1.913202e-05
/data/Zeyu/Pooling/cat_dog_data/test_set/test_set/cats/cat.4066.jpg,0,0,1.0,0.0
/data/Zeyu/Pooling/cat_dog_data/test_set/test_set/cats/cat.4067.jpg,0,0,1.0,0.0
/data/Zeyu/Pooling/cat_dog_data/test_set/test_set/cats/cat.4068.jpg,0,0,1.0,1.10064865e-11
/data/Zeyu/Pooling/cat_dog_data/test_set/test_set/cats/cat.4069.jpg,0,0,0.99994874,5.1292078e-05
/data/Zeyu/Pooling/cat_dog_data/test_set/test_set/cats/cat.4070.jpg,0,0,0.9948637,0.005136262
/data/Zeyu/Pooling/cat_dog_data/test_set/test_set/cats/cat.4071.jpg,0,0,0.89538944,0.10460974
/data/Zeyu/Pooling/cat_dog_data/test_set/test_set/cats/cat.4072.jpg,0,0,1.0,2.94e-43
/data/Zeyu/Pooling/cat_dog_data/test_set/test_set/cats/cat.4073.jpg,0,0,0.9999939,6.0697334e-06
/data/Zeyu/Pooling/cat_dog_data/test_set/test_set/cats/cat.4074.jpg,0,0,1.0,0.0
/data/Zeyu/Pooling/cat_dog_data/test_set/test_set/cats/cat.4075.jpg,0,0,1.0,1.633918e-10
/data/Zeyu/Pooling/cat_dog_data/test_set/test_set/cats/cat.4076.jpg,0,0,0.98728544,0.012714535
/data/Zeyu/Pooling/cat_dog_data/test_set/test_set/cats/cat.4077.jpg,0,0,1.0,2.4973021e-22
/data/Zeyu/Pooling/cat_dog_data/test_set/test_set/cats/cat.4078.jpg,0,0,0.9997148,0.000285198
/data/Zeyu/Pooling/cat_dog_data/test_set/test_set/cats/cat.4079.jpg,0,0,1.0,0.0
/data/Zeyu/Pooling/cat_dog_data/test_set/test_set/cats/cat.4080.jpg,0,0,1.0,0.0
/data/Zeyu/Pooling/cat_dog_data/test_set/test_set/cats/cat.4081.jpg,0,0,1.0,7.1641004e-10
/data/Zeyu/Pooling/cat_dog_data/test_set/test_set/cats/cat.4082.jpg,0,0,1.0,2.0776374e-08
/data/Zeyu/Pooling/cat_dog_data/test_set/test_set/cats/cat.4083.jpg,0,0,0.99994814,5.189354e-05
/data/Zeyu/Pooling/cat_dog_data/test_set/test_set/cats/cat.4084.jpg,0,0,1.0,0.0
/data/Zeyu/Pooling/cat_dog_data/test_set/test_set/cats/cat.4085.jpg,0,0,0.9999995,4.7634126e-07
/data/Zeyu/Pooling/cat_dog_data/test_set/test_set/cats/cat.4086.jpg,0,0,1.0,0.0
/data/Zeyu/Pooling/cat_dog_data/test_set/test_set/cats/cat.4087.jpg,0,0,1.0,0.0
/data/Zeyu/Pooling/cat_dog_data/test_set/test_set/cats/cat.4088.jpg,0,0,1.0,0.0
/data/Zeyu/Pooling/cat_dog_data/test_set/test_set/cats/cat.4089.jpg,0,0,0.9999682,3.1808013e-05
/data/Zeyu/Pooling/cat_dog_data/test_set/test_set/cats/cat.4090.jpg,0,0,1.0,0.0
/data/Zeyu/Pooling/cat_dog_data/test_set/test_set/cats/cat.4091.jpg,0,0,0.93749064,0.06250939
/data/Zeyu/Pooling/cat_dog_data/test_set/test_set/cats/cat.4092.jpg,0,0,0.9999101,8.98621e-05
/data/Zeyu/Pooling/cat_dog_data/test_set/test_set/cats/cat.4093.jpg,0,0,1.0,1.11e-43
/data/Zeyu/Pooling/cat_dog_data/test_set/test_set/cats/cat.4094.jpg,0,0,1.0,0.0
/data/Zeyu/Pooling/cat_dog_data/test_set/test_set/cats/cat.4095.jpg,0,0,0.9973713,0.0026286505
/data/Zeyu/Pooling/cat_dog_data/test_set/test_set/cats/cat.4096.jpg,0,0,1.0,2.3221572e-08
/data/Zeyu/Pooling/cat_dog_data/test_set/test_set/cats/cat.4097.jpg,0,0,1.0,0.0
/data/Zeyu/Pooling/cat_dog_data/test_set/test_set/cats/cat.4098.jpg,0,0,1.0,0.0
/data/Zeyu/Pooling/cat_dog_data/test_set/test_set/cats/cat.4099.jpg,0,0,1.0,4.8642014e-28
/data/Zeyu/Pooling/cat_dog_data/test_set/test_set/cats/cat.4100.jpg,0,0,1.0,1.0373685e-20
/data/Zeyu/Pooling/cat_dog_data/test_set/test_set/cats/cat.4101.jpg,0,0,0.9999925,7.5539083e-06
/data/Zeyu/Pooling/cat_dog_data/test_set/test_set/cats/cat.4102.jpg,0,0,1.0,0.0
/data/Zeyu/Pooling/cat_dog_data/test_set/test_set/cats/cat.4103.jpg,0,0,1.0,0.0
/data/Zeyu/Pooling/cat_dog_data/test_set/test_set/cats/cat.4104.jpg,0,0,0.9993407,0.0006592932
/data/Zeyu/Pooling/cat_dog_data/test_set/test_set/cats/cat.4105.jpg,0,0,1.0,0.0
/data/Zeyu/Pooling/cat_dog_data/test_set/test_set/cats/cat.4106.jpg,0,0,1.0,0.0
/data/Zeyu/Pooling/cat_dog_data/test_set/test_set/cats/cat.4107.jpg,0,0,0.9999827,1.7304708e-05
/data/Zeyu/Pooling/cat_dog_data/test_set/test_set/cats/cat.4108.jpg,0,0,1.0,1.9086427e-12
/data/Zeyu/Pooling/cat_dog_data/test_set/test_set/cats/cat.4109.jpg,0,0,0.99346536,0.006534648
/data/Zeyu/Pooling/cat_dog_data/test_set/test_set/cats/cat.4110.jpg,0,0,0.95026666,0.049733378
/data/Zeyu/Pooling/cat_dog_data/test_set/test_set/cats/cat.4111.jpg,0,0,0.99999976,1.8079086e-07
/data/Zeyu/Pooling/cat_dog_data/test_set/test_set/cats/cat.4112.jpg,0,0,1.0,0.0
/data/Zeyu/Pooling/cat_dog_data/test_set/test_set/cats/cat.4113.jpg,0,0,1.0,0.0
/data/Zeyu/Pooling/cat_dog_data/test_set/test_set/cats/cat.4114.jpg,0,0,0.99999607,3.97012e-06
/data/Zeyu/Pooling/cat_dog_data/test_set/test_set/cats/cat.4115.jpg,0,0,1.0,3.029005e-08
/data/Zeyu/Pooling/cat_dog_data/test_set/test_set/cats/cat.4116.jpg,0,0,0.99998677,1.3179892e-05
/data/Zeyu/Pooling/cat_dog_data/test_set/test_set/cats/cat.4117.jpg,0,0,0.99820983,0.0017901148
/data/Zeyu/Pooling/cat_dog_data/test_set/test_set/cats/cat.4118.jpg,0,0,1.0,7.877235e-10
/data/Zeyu/Pooling/cat_dog_data/test_set/test_set/cats/cat.4119.jpg,0,0,1.0,8.772706e-09
/data/Zeyu/Pooling/cat_dog_data/test_set/test_set/cats/cat.4120.jpg,0,0,1.0,8.772706e-09
/data/Zeyu/Pooling/cat_dog_data/test_set/test_set/cats/cat.4121.jpg,0,0,0.9999982,1.8146573e-06
/data/Zeyu/Pooling/cat_dog_data/test_set/test_set/cats/cat.4122.jpg,0,0,0.9999999,1.78595e-07
/data/Zeyu/Pooling/cat_dog_data/test_set/test_set/cats/cat.4123.jpg,0,0,1.0,0.0
/data/Zeyu/Pooling/cat_dog_data/test_set/test_set/cats/cat.4124.jpg,0,0,1.0,1.911811e-10
/data/Zeyu/Pooling/cat_dog_data/test_set/test_set/cats/cat.4125.jpg,0,0,0.99057055,0.009429451
/data/Zeyu/Pooling/cat_dog_data/test_set/test_set/cats/cat.4126.jpg,0,0,1.0,0.0
/data/Zeyu/Pooling/cat_dog_data/test_set/test_set/cats/cat.4127.jpg,0,0,1.0,0.0
/data/Zeyu/Pooling/cat_dog_data/test_set/test_set/cats/cat.4128.jpg,0,0,1.0,1.0025484e-36
/data/Zeyu/Pooling/cat_dog_data/test_set/test_set/cats/cat.4001.jpg,0,0,0.9879816,0.012018404
/data/Zeyu/Pooling/cat_dog_data/test_set/test_set/cats/cat.4002.jpg,0,0,1.0,4.1121845e-10
/data/Zeyu/Pooling/cat_dog_data/test_set/test_set/cats/cat.4003.jpg,0,0,0.92039895,0.07951097
/data/Zeyu/Pooling/cat_dog_data/test_set/test_set/cats/cat.4004.jpg,0,0,0.9999604,3.9608738e-05
/data/Zeyu/Pooling/cat_dog_data/test_set/test_set/cats/cat.4005.jpg,0,0,0.9999976,2.387526e-06
/data/Zeyu/Pooling/cat_dog_data/test_set/test_set/cats/cat.4006.jpg,0,0,1.0,1.00410664e-35
/data/Zeyu/Pooling/cat_dog_data/test_set/test_set/cats/cat.4007.jpg,0,0,1.0,9.18316e-33
/data/Zeyu/Pooling/cat_dog_data/test_set/test_set/cats/cat.4008.jpg,0,0,0.9999845,1.5517518e-05
/data/Zeyu/Pooling/cat_dog_data/test_set/test_set/cats/cat.4009.jpg,0,0,0.99998856,1.1491463e-05
/data/Zeyu/Pooling/cat_dog_data/test_set/test_set/cats/cat.4010.jpg,0,0,0.87414694,0.12585306
/data/Zeyu/Pooling/cat_dog_data/test_set/test_set/cats/cat.4011.jpg,0,0,1.0,0.0
/data/Zeyu/Pooling/cat_dog_data/test_set/test_set/cats/cat.4012.jpg,0,0,1.0,0.0
/data/Zeyu/Pooling/cat_dog_data/test_set/test_set/cats/cat.4013.jpg,0,0,1.0,0.0
/data/Zeyu/Pooling/cat_dog_data/test_set/test_set/cats/cat.4014.jpg,0,0,0.98049724,0.019502718
/data/Zeyu/Pooling/cat_dog_data/test_set/test_set/cats/cat.4015.jpg,0,0,1.0,2.7358294e-24
/data/Zeyu/Pooling/cat_dog_data/test_set/test_set/cats/cat.4016.jpg,0,0,0.99999094,9.069398e-06
/data/Zeyu/Pooling/cat_dog_data/test_set/test_set/cats/cat.4017.jpg,0,0,1.0,0.0
/data/Zeyu/Pooling/cat_dog_data/test_set/test_set/cats/cat.4018.jpg,0,0,1.0,0.0
/data/Zeyu/Pooling/cat_dog_data/test_set/test_set/cats/cat.4019.jpg,0,0,0.7558696,0.24413039
/data/Zeyu/Pooling/cat_dog_data/test_set/test_set/cats/cat.4020.jpg,0,0,1.0,0.0
/data/Zeyu/Pooling/cat_dog_data/test_set/test_set/cats/cat.4021.jpg,0,0,1.0,0.0
/data/Zeyu/Pooling/cat_dog_data/test_set/test_set/cats/cat.4022.jpg,0,0,1.0,1.0406638e-17
/data/Zeyu/Pooling/cat_dog_data/test_set/test_set/cats/cat.4023.jpg,0,0,0.9999999,1.6641201e-07
/data/Zeyu/Pooling/cat_dog_data/test_set/test_set/cats/cat.4024.jpg,0,0,1.0,2.3743844e-08
/data/Zeyu/Pooling/cat_dog_data/test_set/test_set/cats/cat.4025.jpg,0,0,1.0,0.0
/data/Zeyu/Pooling/cat_dog_data/test_set/test_set/cats/cat.4026.jpg,0,0,0.9197071,0.08029293
/data/Zeyu/Pooling/cat_dog_data/test_set/test_set/cats/cat.4027.jpg,0,0,0.999995,4.960373e-06
/data/Zeyu/Pooling/cat_dog_data/test_set/test_set/cats/cat.4028.jpg,0,0,1.0,0.0
/data/Zeyu/Pooling/cat_dog_data/test_set/test_set/cats/cat.4029.jpg,0,0,1.0,4.8871055e-17
/data/Zeyu/Pooling/cat_dog_data/test_set/test_set/cats/cat.4030.jpg,0,0,1.0,0.0
/data/Zeyu/Pooling/cat_dog_data/test_set/test_set/cats/cat.4031.jpg,0,0,1.0,0.0
/data/Zeyu/Pooling/cat_dog_data/test_set/test_set/cats/cat.4032.jpg,0,0,1.0,1.784981e-13
/data/Zeyu/Pooling/cat_dog_data/test_set/test_set/cats/cat.4033.jpg,0,0,1.0,8.406696e-22
/data/Zeyu/Pooling/cat_dog_data/test_set/test_set/cats/cat.4034.jpg,0,0,0.9999968,3.2174312e-06
/data/Zeyu/Pooling/cat_dog_data/test_set/test_set/cats/cat.4035.jpg,0,0,0.9915849,0.008415119
/data/Zeyu/Pooling/cat_dog_data/test_set/test_set/cats/cat.4036.jpg,0,0,1.0,0.0
/data/Zeyu/Pooling/cat_dog_data/test_set/test_set/cats/cat.4037.jpg,0,0,1.0,5.863889e-17
/data/Zeyu/Pooling/cat_dog_data/test_set/test_set/cats/cat.4038.jpg,0,0,1.0,0.0
/data/Zeyu/Pooling/cat_dog_data/test_set/test_set/cats/cat.4039.jpg,0,0,0.9999883,1.1660864e-05
/data/Zeyu/Pooling/cat_dog_data/test_set/test_set/cats/cat.4040.jpg,0,0,1.0,0.0
/data/Zeyu/Pooling/cat_dog_data/test_set/test_set/cats/cat.4041.jpg,0,0,1.0,0.0
/data/Zeyu/Pooling/cat_dog_data/test_set/test_set/cats/cat.4042.jpg,0,0,0.99974173,0.00025822592
/data/Zeyu/Pooling/cat_dog_data/test_set/test_set/cats/cat.4043.jpg,0,0,1.0,2.7641953e-09
/data/Zeyu/Pooling/cat_dog_data/test_set/test_set/cats/cat.4044.jpg,0,0,0.9999931,6.9015896e-06
/data/Zeyu/Pooling/cat_dog_data/test_set/test_set/cats/cat.4045.jpg,0,0,1.0,0.0
/data/Zeyu/Pooling/cat_dog_data/test_set/test_set/cats/cat.4046.jpg,0,0,1.0,1.3685671e-08
/data/Zeyu/Pooling/cat_dog_data/test_set/test_set/cats/cat.4047.jpg,0,0,1.0,0.0
/data/Zeyu/Pooling/cat_dog_data/test_set/test_set/cats/cat.4048.jpg,0,0,1.0,0.0
/data/Zeyu/Pooling/cat_dog_data/test_set/test_set/cats/cat.4049.jpg,0,0,0.89569485,0.1043051
/data/Zeyu/Pooling/cat_dog_data/test_set/test_set/cats/cat.4050.jpg,0,0,1.0,6e-45
/data/Zeyu/Pooling/cat_dog_data/test_set/test_set/cats/cat.4051.jpg,0,0,0.9999685,3.143337e-05
/data/Zeyu/Pooling/cat_dog_data/test_set/test_set/cats/cat.4052.jpg,0,0,1.0,0.0
/data/Zeyu/Pooling/cat_dog_data/test_set/test_set/cats/cat.4053.jpg,0,0,1.0,1.14022636e-35
/data/Zeyu/Pooling/cat_dog_data/test_set/test_set/cats/cat.4054.jpg,0,0,0.9940456,0.0059544104
/data/Zeyu/Pooling/cat_dog_data/test_set/test_set/cats/cat.4055.jpg,0,0,0.9999616,3.83276e-05
/data/Zeyu/Pooling/cat_dog_data/test_set/test_set/cats/cat.4056.jpg,0,0,1.0,1.547e-42
/data/Zeyu/Pooling/cat_dog_data/test_set/test_set/cats/cat.4057.jpg,0,0,0.7435902,0.25640982
/data/Zeyu/Pooling/cat_dog_data/test_set/test_set/cats/cat.4058.jpg,0,0,0.9999999,1.1891888e-07
/data/Zeyu/Pooling/cat_dog_data/test_set/test_set/cats/cat.4059.jpg,0,0,1.0,0.0
/data/Zeyu/Pooling/cat_dog_data/test_set/test_set/cats/cat.4060.jpg,0,0,1.0,0.0
/data/Zeyu/Pooling/cat_dog_data/test_set/test_set/cats/cat.4061.jpg,0,0,1.0,0.0
/data/Zeyu/Pooling/cat_dog_data/test_set/test_set/cats/cat.4062.jpg,0,0,1.0,7.731051e-10
/data/Zeyu/Pooling/cat_dog_data/test_set/test_set/cats/cat.4063.jpg,0,0,1.0,0.0
/data/Zeyu/Pooling/cat_dog_data/test_set/test_set/cats/cat.4064.jpg,0,0,1.0,0.0
/data/Zeyu/Pooling/cat_dog_data/test_set/test_set/cats/cat.4065.jpg,0,0,1.0,6.3421884e-10
/data/Zeyu/Pooling/cat_dog_data/test_set/test_set/cats/cat.4066.jpg,0,0,1.0,1.0719211e-11
/data/Zeyu/Pooling/cat_dog_data/test_set/test_set/cats/cat.4067.jpg,0,0,1.0,0.0
/data/Zeyu/Pooling/cat_dog_data/test_set/test_set/cats/cat.4068.jpg,0,0,0.8937921,0.10620786
/data/Zeyu/Pooling/cat_dog_data/test_set/test_set/cats/cat.4069.jpg,0,0,1.0,1.8893201e-19
/data/Zeyu/Pooling/cat_dog_data/test_set/test_set/cats/cat.4070.jpg,0,0,0.9999932,6.7834035e-06
/data/Zeyu/Pooling/cat_dog_data/test_set/test_set/cats/cat.4071.jpg,0,0,1.0,0.0
/data/Zeyu/Pooling/cat_dog_data/test_set/test_set/cats/cat.4072.jpg,0,0,1.0,0.0
/data/Zeyu/Pooling/cat_dog_data/test_set/test_set/cats/cat.4073.jpg,0,0,1.0,0.0
/data/Zeyu/Pooling/cat_dog_data/test_set/test_set/cats/cat.4074.jpg,0,0,1.0,0.0
/data/Zeyu/Pooling/cat_dog_data/test_set/test_set/cats/cat.4075.jpg,0,0,0.9999913,8.700723e-06
/data/Zeyu/Pooling/cat_dog_data/test_set/test_set/cats/cat.4076.jpg,0,0,0.9987716,0.0012283718
/data/Zeyu/Pooling/cat_dog_data/test_set/test_set/cats/cat.4077.jpg,0,0,0.99862564,0.001374402
/data/Zeyu/Pooling/cat_dog_data/test_set/test_set/cats/cat.4078.jpg,0,0,1.0,0.0
/data/Zeyu/Pooling/cat_dog_data/test_set/test_set/cats/cat.4079.jpg,0,0,1.0,0.0
/data/Zeyu/Pooling/cat_dog_data/test_set/test_set/cats/cat.4080.jpg,0,0,1.0,0.0
/data/Zeyu/Pooling/cat_dog_data/test_set/test_set/cats/cat.4081.jpg,0,0,0.9999602,3.9841874e-05
/data/Zeyu/Pooling/cat_dog_data/test_set/test_set/cats/cat.4082.jpg,0,0,1.0,1.0494084e-09
/data/Zeyu/Pooling/cat_dog_data/test_set/test_set/cats/cat.4083.jpg,0,0,1.0,0.0
/data/Zeyu/Pooling/cat_dog_data/test_set/test_set/cats/cat.4084.jpg,0,0,1.0,0.0
/data/Zeyu/Pooling/cat_dog_data/test_set/test_set/cats/cat.4085.jpg,0,0,1.0,0.0
/data/Zeyu/Pooling/cat_dog_data/test_set/test_set/cats/cat.4086.jpg,0,0,1.0,3e-45
/data/Zeyu/Pooling/cat_dog_data/test_set/test_set/cats/cat.4087.jpg,0,0,1.0,0.0
/data/Zeyu/Pooling/cat_dog_data/test_set/test_set/cats/cat.4088.jpg,0,0,1.0,0.0
/data/Zeyu/Pooling/cat_dog_data/test_set/test_set/cats/cat.4089.jpg,0,0,1.0,0.0
/data/Zeyu/Pooling/cat_dog_data/test_set/test_set/cats/cat.4090.jpg,0,0,1.0,0.0
/data/Zeyu/Pooling/cat_dog_data/test_set/test_set/cats/cat.4091.jpg,0,0,0.99909174,0.00090827985
/data/Zeyu/Pooling/cat_dog_data/test_set/test_set/cats/cat.4092.jpg,0,0,0.99999964,3.3540508e-07
/data/Zeyu/Pooling/cat_dog_data/test_set/test_set/cats/cat.4093.jpg,0,0,1.0,6.3e-44
/data/Zeyu/Pooling/cat_dog_data/test_set/test_set/cats/cat.4094.jpg,0,0,0.9999207,7.924664e-05
/data/Zeyu/Pooling/cat_dog_data/test_set/test_set/cats/cat.4095.jpg,0,0,1.0,9.611156e-37
/data/Zeyu/Pooling/cat_dog_data/test_set/test_set/cats/cat.4096.jpg,0,0,1.0,0.0
/data/Zeyu/Pooling/cat_dog_data/test_set/test_set/cats/cat.4097.jpg,0,0,1.0,0.0
/data/Zeyu/Pooling/cat_dog_data/test_set/test_set/cats/cat.4098.jpg,0,0,0.9998747,0.00012529032
/data/Zeyu/Pooling/cat_dog_data/test_set/test_set/cats/cat.4099.jpg,0,0,1.0,0.0
/data/Zeyu/Pooling/cat_dog_data/test_set/test_set/cats/cat.4100.jpg,0,0,1.0,0.0
/data/Zeyu/Pooling/cat_dog_data/test_set/test_set/cats/cat.4101.jpg,0,0,1.0,0.0
/data/Zeyu/Pooling/cat_dog_data/test_set/test_set/cats/cat.4102.jpg,0,0,0.99971026,0.00028976196
/data/Zeyu/Pooling/cat_dog_data/test_set/test_set/cats/cat.4103.jpg,0,0,1.0,0.0
/data/Zeyu/Pooling/cat_dog_data/test_set/test_set/cats/cat.4104.jpg,0,0,1.0,0.0
/data/Zeyu/Pooling/cat_dog_data/test_set/test_set/cats/cat.4105.jpg,0,0,1.0,9.259886e-17
/data/Zeyu/Pooling/cat_dog_data/test_set/test_set/cats/cat.4106.jpg,0,0,1.0,0.0
/data/Zeyu/Pooling/cat_dog_data/test_set/test_set/cats/cat.4107.jpg,0,0,1.0,0.0
/data/Zeyu/Pooling/cat_dog_data/test_set/test_set/cats/cat.4108.jpg,0,0,0.9999999,1.0719885e-07
/data/Zeyu/Pooling/cat_dog_data/test_set/test_set/cats/cat.4109.jpg,0,0,1.0,0.0
/data/Zeyu/Pooling/cat_dog_data/test_set/test_set/cats/cat.4110.jpg,0,0,0.70355374,0.29644626
/data/Zeyu/Pooling/cat_dog_data/test_set/test_set/cats/cat.4111.jpg,0,0,0.9995859,0.00041403438
/data/Zeyu/Pooling/cat_dog_data/test_set/test_set/cats/cat.4112.jpg,0,0,1.0,0.0
/data/Zeyu/Pooling/cat_dog_data/test_set/test_set/cats/cat.4113.jpg,0,0,1.0,0.0
/data/Zeyu/Pooling/cat_dog_data/test_set/test_set/cats/cat.4114.jpg,0,0,0.99997365,2.6402173e-05
/data/Zeyu/Pooling/cat_dog_data/test_set/test_set/cats/cat.4115.jpg,0,0,1.0,0.0
/data/Zeyu/Pooling/cat_dog_data/test_set/test_set/cats/cat.4116.jpg,0,0,1.0,0.0
/data/Zeyu/Pooling/cat_dog_data/test_set/test_set/cats/cat.4117.jpg,0,0,1.0,1.3854435e-28
/data/Zeyu/Pooling/cat_dog_data/test_set/test_set/cats/cat.4118.jpg,0,0,1.0,0.0
/data/Zeyu/Pooling/cat_dog_data/test_set/test_set/cats/cat.4119.jpg,0,0,0.99862516,0.0013748589
/data/Zeyu/Pooling/cat_dog_data/test_set/test_set/cats/cat.4120.jpg,0,0,1.0,8.674952e-20
/data/Zeyu/Pooling/cat_dog_data/test_set/test_set/cats/cat.4121.jpg,0,0,1.0,4.521449e-12
/data/Zeyu/Pooling/cat_dog_data/test_set/test_set/cats/cat.4122.jpg,0,0,0.99999964,3.5785905e-07
/data/Zeyu/Pooling/cat_dog_data/test_set/test_set/cats/cat.4123.jpg,0,0,1.0,2.7460826e-27
/data/Zeyu/Pooling/cat_dog_data/test_set/test_set/cats/cat.4124.jpg,0,1,0.2703154,0.7296846
/data/Zeyu/Pooling/cat_dog_data/test_set/test_set/cats/cat.4125.jpg,0,0,0.99999964,3.789266e-07
/data/Zeyu/Pooling/cat_dog_data/test_set/test_set/cats/cat.4126.jpg,0,0,1.0,0.0
/data/Zeyu/Pooling/cat_dog_data/test_set/test_set/cats/cat.4127.jpg,0,1,0.10265891,0.8973411
/data/Zeyu/Pooling/cat_dog_data/test_set/test_set/cats/cat.4128.jpg,0,0,1.0,0.0
/data/Zeyu/Pooling/cat_dog_data/test_set/test_set/cats/cat.4001.jpg,0,0,1.0,8.329755e-39
/data/Zeyu/Pooling/cat_dog_data/test_set/test_set/cats/cat.4002.jpg,0,0,1.0,9.504638e-33
/data/Zeyu/Pooling/cat_dog_data/test_set/test_set/cats/cat.4003.jpg,0,0,0.8826174,0.11738252
/data/Zeyu/Pooling/cat_dog_data/test_set/test_set/cats/cat.4004.jpg,0,0,0.9848956,0.0151043385
/data/Zeyu/Pooling/cat_dog_data/test_set/test_set/cats/cat.4005.jpg,0,0,0.99979347,0.0002065463
/data/Zeyu/Pooling/cat_dog_data/test_set/test_set/cats/cat.4006.jpg,0,0,1.0,0.0
/data/Zeyu/Pooling/cat_dog_data/test_set/test_set/cats/cat.4007.jpg,0,0,0.99513185,0.004868229
/data/Zeyu/Pooling/cat_dog_data/test_set/test_set/cats/cat.4008.jpg,0,0,1.0,0.0
/data/Zeyu/Pooling/cat_dog_data/test_set/test_set/cats/cat.4009.jpg,0,0,1.0,1.19833134e-32
/data/Zeyu/Pooling/cat_dog_data/test_set/test_set/cats/cat.4010.jpg,0,0,1.0,1.2589964e-25
/data/Zeyu/Pooling/cat_dog_data/test_set/test_set/cats/cat.4011.jpg,0,0,0.9893355,0.010664584
/data/Zeyu/Pooling/cat_dog_data/test_set/test_set/cats/cat.4012.jpg,0,0,0.85864764,0.14135237
/data/Zeyu/Pooling/cat_dog_data/test_set/test_set/cats/cat.4013.jpg,0,0,1.0,0.0
/data/Zeyu/Pooling/cat_dog_data/test_set/test_set/cats/cat.4014.jpg,0,0,0.9998815,0.00011844672
/data/Zeyu/Pooling/cat_dog_data/test_set/test_set/cats/cat.4015.jpg,0,0,0.9999999,1.4422486e-07
/data/Zeyu/Pooling/cat_dog_data/test_set/test_set/cats/cat.4016.jpg,0,0,0.9999981,1.8634163e-06
/data/Zeyu/Pooling/cat_dog_data/test_set/test_set/cats/cat.4017.jpg,0,0,1.0,0.0
/data/Zeyu/Pooling/cat_dog_data/test_set/test_set/cats/cat.4018.jpg,0,0,1.0,0.0
/data/Zeyu/Pooling/cat_dog_data/test_set/test_set/cats/cat.4019.jpg,0,0,1.0,0.0
/data/Zeyu/Pooling/cat_dog_data/test_set/test_set/cats/cat.4020.jpg,0,0,0.9999999,1.4631178e-07
/data/Zeyu/Pooling/cat_dog_data/test_set/test_set/cats/cat.4021.jpg,0,0,0.9984187,0.0015813451
/data/Zeyu/Pooling/cat_dog_data/test_set/test_set/cats/cat.4022.jpg,0,0,0.9984962,0.0015038069
/data/Zeyu/Pooling/cat_dog_data/test_set/test_set/cats/cat.4023.jpg,0,0,1.0,0.0
/data/Zeyu/Pooling/cat_dog_data/test_set/test_set/cats/cat.4024.jpg,0,0,0.9999615,3.848612e-05
/data/Zeyu/Pooling/cat_dog_data/test_set/test_set/cats/cat.4025.jpg,0,0,1.0,3.11411e-17
/data/Zeyu/Pooling/cat_dog_data/test_set/test_set/cats/cat.4026.jpg,0,0,0.99996877,3.1214528e-05
/data/Zeyu/Pooling/cat_dog_data/test_set/test_set/cats/cat.4027.jpg,0,0,1.0,0.0
/data/Zeyu/Pooling/cat_dog_data/test_set/test_set/cats/cat.4028.jpg,0,0,1.0,0.0
/data/Zeyu/Pooling/cat_dog_data/test_set/test_set/cats/cat.4029.jpg,0,0,0.99625707,0.0037429626
/data/Zeyu/Pooling/cat_dog_data/test_set/test_set/cats/cat.4030.jpg,0,0,1.0,0.0
/data/Zeyu/Pooling/cat_dog_data/test_set/test_set/cats/cat.4031.jpg,0,0,1.0,8e-45
/data/Zeyu/Pooling/cat_dog_data/test_set/test_set/cats/cat.4032.jpg,0,0,0.9999485,5.1553154e-05
/data/Zeyu/Pooling/cat_dog_data/test_set/test_set/cats/cat.4033.jpg,0,0,1.0,0.0
/data/Zeyu/Pooling/cat_dog_data/test_set/test_set/cats/cat.4034.jpg,0,0,1.0,3.5671915e-14
/data/Zeyu/Pooling/cat_dog_data/test_set/test_set/cats/cat.4035.jpg,0,0,1.0,0.0
/data/Zeyu/Pooling/cat_dog_data/test_set/test_set/cats/cat.4036.jpg,0,0,1.0,0.0
/data/Zeyu/Pooling/cat_dog_data/test_set/test_set/cats/cat.4037.jpg,0,0,1.0,1.9429104e-10
/data/Zeyu/Pooling/cat_dog_data/test_set/test_set/cats/cat.4038.jpg,0,0,1.0,0.0
/data/Zeyu/Pooling/cat_dog_data/test_set/test_set/cats/cat.4039.jpg,0,0,1.0,0.0
/data/Zeyu/Pooling/cat_dog_data/test_set/test_set/cats/cat.4040.jpg,0,0,1.0,0.0
/data/Zeyu/Pooling/cat_dog_data/test_set/test_set/cats/cat.4041.jpg,0,0,1.0,0.0
/data/Zeyu/Pooling/cat_dog_data/test_set/test_set/cats/cat.4042.jpg,0,0,1.0,0.0
/data/Zeyu/Pooling/cat_dog_data/test_set/test_set/cats/cat.4043.jpg,0,0,0.99998426,1.5686197e-05
/data/Zeyu/Pooling/cat_dog_data/test_set/test_set/cats/cat.4044.jpg,0,0,1.0,2.0751635e-18
/data/Zeyu/Pooling/cat_dog_data/test_set/test_set/cats/cat.4045.jpg,0,0,1.0,2.0751635e-18
/data/Zeyu/Pooling/cat_dog_data/test_set/test_set/cats/cat.4046.jpg,0,0,1.0,0.0
/data/Zeyu/Pooling/cat_dog_data/test_set/test_set/cats/cat.4047.jpg,0,0,1.0,2.5467337e-13
/data/Zeyu/Pooling/cat_dog_data/test_set/test_set/cats/cat.4048.jpg,0,0,1.0,0.0
/data/Zeyu/Pooling/cat_dog_data/test_set/test_set/cats/cat.4049.jpg,0,0,0.95628995,0.04371007
/data/Zeyu/Pooling/cat_dog_data/test_set/test_set/cats/cat.4050.jpg,0,0,1.0,0.0
/data/Zeyu/Pooling/cat_dog_data/test_set/test_set/cats/cat.4051.jpg,0,0,0.95567834,0.044321608
/data/Zeyu/Pooling/cat_dog_data/test_set/test_set/cats/cat.4052.jpg,0,0,0.99999917,8.4658717e-07
/data/Zeyu/Pooling/cat_dog_data/test_set/test_set/cats/cat.4053.jpg,0,0,1.0,0.0
/data/Zeyu/Pooling/cat_dog_data/test_set/test_set/cats/cat.4054.jpg,0,0,1.0,0.0
/data/Zeyu/Pooling/cat_dog_data/test_set/test_set/cats/cat.4055.jpg,0,0,1.0,0.0
/data/Zeyu/Pooling/cat_dog_data/test_set/test_set/cats/cat.4056.jpg,0,0,0.99989974,0.00010020714
/data/Zeyu/Pooling/cat_dog_data/test_set/test_set/cats/cat.4057.jpg,0,0,0.5845359,0.41546407
/data/Zeyu/Pooling/cat_dog_data/test_set/test_set/cats/cat.4058.jpg,0,0,0.998548,0.0014519506
/data/Zeyu/Pooling/cat_dog_data/test_set/test_set/cats/cat.4059.jpg,0,0,0.98460567,0.015394312
/data/Zeyu/Pooling/cat_dog_data/test_set/test_set/cats/cat.4060.jpg,0,0,0.98460567,0.015394312
/data/Zeyu/Pooling/cat_dog_data/test_set/test_set/cats/cat.4061.jpg,0,0,0.9959223,0.0040776464
/data/Zeyu/Pooling/cat_dog_data/test_set/test_set/cats/cat.4062.jpg,0,0,0.99888486,0.0011151402
/data/Zeyu/Pooling/cat_dog_data/test_set/test_set/cats/cat.4063.jpg,0,0,1.0,0.0
/data/Zeyu/Pooling/cat_dog_data/test_set/test_set/cats/cat.4064.jpg,0,0,0.9985098,0.0014901181
/data/Zeyu/Pooling/cat_dog_data/test_set/test_set/cats/cat.4065.jpg,0,0,1.0,0.0
/data/Zeyu/Pooling/cat_dog_data/test_set/test_set/cats/cat.4066.jpg,0,0,1.0,0.0
/data/Zeyu/Pooling/cat_dog_data/test_set/test_set/cats/cat.4067.jpg,0,0,1.0,0.0
/data/Zeyu/Pooling/cat_dog_data/test_set/test_set/cats/cat.4068.jpg,0,0,1.0,1.2306555e-36
/data/Zeyu/Pooling/cat_dog_data/test_set/test_set/cats/cat.4069.jpg,0,0,1.0,0.0
/data/Zeyu/Pooling/cat_dog_data/test_set/test_set/cats/cat.4070.jpg,0,0,0.9879088,0.0120912
/data/Zeyu/Pooling/cat_dog_data/test_set/test_set/cats/cat.4071.jpg,0,0,1.0,2.2404785e-09
/data/Zeyu/Pooling/cat_dog_data/test_set/test_set/cats/cat.4072.jpg,0,0,1.0,1.13528024e-17
/data/Zeyu/Pooling/cat_dog_data/test_set/test_set/cats/cat.4073.jpg,0,0,1.0,0.0
/data/Zeyu/Pooling/cat_dog_data/test_set/test_set/cats/cat.4074.jpg,0,0,0.9999999,1.511272e-07
/data/Zeyu/Pooling/cat_dog_data/test_set/test_set/cats/cat.4075.jpg,0,0,1.0,0.0
/data/Zeyu/Pooling/cat_dog_data/test_set/test_set/cats/cat.4076.jpg,0,0,0.99711764,0.002882425
/data/Zeyu/Pooling/cat_dog_data/test_set/test_set/cats/cat.4077.jpg,0,0,1.0,0.0
/data/Zeyu/Pooling/cat_dog_data/test_set/test_set/cats/cat.4078.jpg,0,0,1.0,0.0
/data/Zeyu/Pooling/cat_dog_data/test_set/test_set/cats/cat.4079.jpg,0,0,0.99999964,4.089062e-07
/data/Zeyu/Pooling/cat_dog_data/test_set/test_set/cats/cat.4080.jpg,0,0,1.0,5.1096893e-36
/data/Zeyu/Pooling/cat_dog_data/test_set/test_set/cats/cat.4081.jpg,0,0,1.0,6.067135e-12
/data/Zeyu/Pooling/cat_dog_data/test_set/test_set/cats/cat.4082.jpg,0,0,1.0,1.5006354e-13
/data/Zeyu/Pooling/cat_dog_data/test_set/test_set/cats/cat.4083.jpg,0,0,0.9999931,6.9403272e-06
/data/Zeyu/Pooling/cat_dog_data/test_set/test_set/cats/cat.4084.jpg,0,0,1.0,4.1750815e-16
/data/Zeyu/Pooling/cat_dog_data/test_set/test_set/cats/cat.4085.jpg,0,0,0.9594078,0.04059195
/data/Zeyu/Pooling/cat_dog_data/test_set/test_set/cats/cat.4086.jpg,0,0,1.0,2.4669233e-14
/data/Zeyu/Pooling/cat_dog_data/test_set/test_set/cats/cat.4087.jpg,0,0,0.69801843,0.3019816
/data/Zeyu/Pooling/cat_dog_data/test_set/test_set/cats/cat.4088.jpg,0,0,0.9114121,0.088587835
/data/Zeyu/Pooling/cat_dog_data/test_set/test_set/cats/cat.4089.jpg,0,0,0.99999917,7.7877104e-07
/data/Zeyu/Pooling/cat_dog_data/test_set/test_set/cats/cat.4090.jpg,0,0,1.0,5.735298e-14
/data/Zeyu/Pooling/cat_dog_data/test_set/test_set/cats/cat.4091.jpg,0,0,1.0,0.0
/data/Zeyu/Pooling/cat_dog_data/test_set/test_set/cats/cat.4092.jpg,0,0,1.0,4.1232077e-08
/data/Zeyu/Pooling/cat_dog_data/test_set/test_set/cats/cat.4093.jpg,0,0,0.9999516,4.841979e-05
/data/Zeyu/Pooling/cat_dog_data/test_set/test_set/cats/cat.4094.jpg,0,0,1.0,0.0
/data/Zeyu/Pooling/cat_dog_data/test_set/test_set/cats/cat.4095.jpg,0,0,0.9999995,5.177366e-07
/data/Zeyu/Pooling/cat_dog_data/test_set/test_set/cats/cat.4096.jpg,0,0,0.9998815,0.00011844514
/data/Zeyu/Pooling/cat_dog_data/test_set/test_set/cats/cat.4097.jpg,0,0,1.0,3.2127775e-25
/data/Zeyu/Pooling/cat_dog_data/test_set/test_set/cats/cat.4098.jpg,0,0,1.0,8.925751e-18
/data/Zeyu/Pooling/cat_dog_data/test_set/test_set/cats/cat.4099.jpg,0,0,1.0,0.0
/data/Zeyu/Pooling/cat_dog_data/test_set/test_set/cats/cat.4100.jpg,0,0,0.99750525,0.0024947752
/data/Zeyu/Pooling/cat_dog_data/test_set/test_set/cats/cat.4101.jpg,0,0,1.0,0.0
/data/Zeyu/Pooling/cat_dog_data/test_set/test_set/cats/cat.4102.jpg,0,0,0.99999964,4.0001788e-07
/data/Zeyu/Pooling/cat_dog_data/test_set/test_set/cats/cat.4103.jpg,0,0,1.0,5.532771e-24
/data/Zeyu/Pooling/cat_dog_data/test_set/test_set/cats/cat.4104.jpg,0,0,0.9978878,0.0021121567
/data/Zeyu/Pooling/cat_dog_data/test_set/test_set/cats/cat.4105.jpg,0,0,1.0,0.0
/data/Zeyu/Pooling/cat_dog_data/test_set/test_set/cats/cat.4106.jpg,0,0,1.0,3.235969e-14
/data/Zeyu/Pooling/cat_dog_data/test_set/test_set/cats/cat.4107.jpg,0,0,1.0,0.0
/data/Zeyu/Pooling/cat_dog_data/test_set/test_set/cats/cat.4108.jpg,0,0,1.0,0.0
/data/Zeyu/Pooling/cat_dog_data/test_set/test_set/cats/cat.4109.jpg,0,0,1.0,0.0
/data/Zeyu/Pooling/cat_dog_data/test_set/test_set/cats/cat.4110.jpg,0,0,1.0,0.0
/data/Zeyu/Pooling/cat_dog_data/test_set/test_set/cats/cat.4111.jpg,0,0,0.9996517,0.00034827105
/data/Zeyu/Pooling/cat_dog_data/test_set/test_set/cats/cat.4112.jpg,0,0,0.99995923,4.0806382e-05
/data/Zeyu/Pooling/cat_dog_data/test_set/test_set/cats/cat.4113.jpg,0,0,1.0,0.0
/data/Zeyu/Pooling/cat_dog_data/test_set/test_set/cats/cat.4114.jpg,0,0,1.0,2.6851819e-09
/data/Zeyu/Pooling/cat_dog_data/test_set/test_set/cats/cat.4115.jpg,0,0,1.0,0.0
/data/Zeyu/Pooling/cat_dog_data/test_set/test_set/cats/cat.4116.jpg,0,0,0.9864411,0.013558908
/data/Zeyu/Pooling/cat_dog_data/test_set/test_set/cats/cat.4117.jpg,0,1,0.20444271,0.7955573
/data/Zeyu/Pooling/cat_dog_data/test_set/test_set/cats/cat.4118.jpg,0,0,0.9999974,2.6799187e-06
/data/Zeyu/Pooling/cat_dog_data/test_set/test_set/cats/cat.4119.jpg,0,0,1.0,3.3757814e-08
/data/Zeyu/Pooling/cat_dog_data/test_set/test_set/cats/cat.4120.jpg,0,0,1.0,0.0
/data/Zeyu/Pooling/cat_dog_data/test_set/test_set/cats/cat.4121.jpg,0,0,1.0,8.184274e-12
/data/Zeyu/Pooling/cat_dog_data/test_set/test_set/cats/cat.4122.jpg,0,0,0.9957326,0.004267363
/data/Zeyu/Pooling/cat_dog_data/test_set/test_set/cats/cat.4123.jpg,0,0,0.99590945,0.0040905396
/data/Zeyu/Pooling/cat_dog_data/test_set/test_set/cats/cat.4124.jpg,0,0,1.0,1.1408468e-08
/data/Zeyu/Pooling/cat_dog_data/test_set/test_set/cats/cat.4125.jpg,0,0,1.0,1.6459408e-11
/data/Zeyu/Pooling/cat_dog_data/test_set/test_set/cats/cat.4126.jpg,0,0,1.0,9.11689e-15
/data/Zeyu/Pooling/cat_dog_data/test_set/test_set/cats/cat.4127.jpg,0,0,0.99999607,3.95686e-06
/data/Zeyu/Pooling/cat_dog_data/test_set/test_set/cats/cat.4128.jpg,0,1,0.28067327,0.71932673
/data/Zeyu/Pooling/cat_dog_data/test_set/test_set/cats/cat.4001.jpg,0,0,1.0,1.8845344e-18
/data/Zeyu/Pooling/cat_dog_data/test_set/test_set/cats/cat.4002.jpg,0,0,1.0,0.0
/data/Zeyu/Pooling/cat_dog_data/test_set/test_set/cats/cat.4003.jpg,0,0,1.0,0.0
/data/Zeyu/Pooling/cat_dog_data/test_set/test_set/cats/cat.4004.jpg,0,0,0.9999858,1.4209185e-05
/data/Zeyu/Pooling/cat_dog_data/test_set/test_set/cats/cat.4005.jpg,0,0,1.0,3.375722e-09
/data/Zeyu/Pooling/cat_dog_data/test_set/test_set/cats/cat.4006.jpg,0,0,1.0,3.2865895e-14
/data/Zeyu/Pooling/cat_dog_data/test_set/test_set/cats/cat.4007.jpg,0,0,0.99999464,5.393997e-06
/data/Zeyu/Pooling/cat_dog_data/test_set/test_set/cats/cat.4008.jpg,0,0,1.0,5.442903e-16
/data/Zeyu/Pooling/cat_dog_data/test_set/test_set/cats/cat.4009.jpg,0,0,1.0,1.7227432e-24
/data/Zeyu/Pooling/cat_dog_data/test_set/test_set/cats/cat.4010.jpg,0,0,1.0,0.0
/data/Zeyu/Pooling/cat_dog_data/test_set/test_set/cats/cat.4011.jpg,0,0,1.0,5.413313e-31
/data/Zeyu/Pooling/cat_dog_data/test_set/test_set/cats/cat.4012.jpg,0,0,1.0,2.3176626e-26
/data/Zeyu/Pooling/cat_dog_data/test_set/test_set/cats/cat.4013.jpg,0,0,1.0,0.0
/data/Zeyu/Pooling/cat_dog_data/test_set/test_set/cats/cat.4014.jpg,0,0,1.0,8.582885e-20
/data/Zeyu/Pooling/cat_dog_data/test_set/test_set/cats/cat.4015.jpg,0,0,1.0,1.10849066e-10
/data/Zeyu/Pooling/cat_dog_data/test_set/test_set/cats/cat.4016.jpg,0,0,0.9922787,0.007721262
/data/Zeyu/Pooling/cat_dog_data/test_set/test_set/cats/cat.4017.jpg,0,0,1.0,0.0
/data/Zeyu/Pooling/cat_dog_data/test_set/test_set/cats/cat.4018.jpg,0,0,1.0,2.171154e-08
/data/Zeyu/Pooling/cat_dog_data/test_set/test_set/cats/cat.4019.jpg,0,0,1.0,7.549113e-09
/data/Zeyu/Pooling/cat_dog_data/test_set/test_set/cats/cat.4020.jpg,0,0,1.0,4.275266e-08
/data/Zeyu/Pooling/cat_dog_data/test_set/test_set/cats/cat.4021.jpg,0,0,1.0,0.0
/data/Zeyu/Pooling/cat_dog_data/test_set/test_set/cats/cat.4022.jpg,0,0,1.0,2.1111232e-13
/data/Zeyu/Pooling/cat_dog_data/test_set/test_set/cats/cat.4023.jpg,0,0,1.0,1.5838184e-08
/data/Zeyu/Pooling/cat_dog_data/test_set/test_set/cats/cat.4024.jpg,0,0,0.99338394,0.006616095
/data/Zeyu/Pooling/cat_dog_data/test_set/test_set/cats/cat.4025.jpg,0,0,1.0,2.0241064e-10
/data/Zeyu/Pooling/cat_dog_data/test_set/test_set/cats/cat.4026.jpg,0,0,1.0,0.0
/data/Zeyu/Pooling/cat_dog_data/test_set/test_set/cats/cat.4027.jpg,0,0,0.996687,0.003312967
/data/Zeyu/Pooling/cat_dog_data/test_set/test_set/cats/cat.4028.jpg,0,0,0.9150818,0.084918156
/data/Zeyu/Pooling/cat_dog_data/test_set/test_set/cats/cat.4029.jpg,0,0,1.0,1.4718409e-09
/data/Zeyu/Pooling/cat_dog_data/test_set/test_set/cats/cat.4030.jpg,0,0,0.9942847,0.005715302
/data/Zeyu/Pooling/cat_dog_data/test_set/test_set/cats/cat.4031.jpg,0,0,1.0,1.8185454e-09
/data/Zeyu/Pooling/cat_dog_data/test_set/test_set/cats/cat.4032.jpg,0,0,1.0,1.457624e-39
/data/Zeyu/Pooling/cat_dog_data/test_set/test_set/cats/cat.4033.jpg,0,0,1.0,0.0
/data/Zeyu/Pooling/cat_dog_data/test_set/test_set/cats/cat.4034.jpg,0,0,1.0,0.0
/data/Zeyu/Pooling/cat_dog_data/test_set/test_set/cats/cat.4035.jpg,0,0,1.0,0.0
/data/Zeyu/Pooling/cat_dog_data/test_set/test_set/cats/cat.4036.jpg,0,0,0.9999981,1.8776103e-06
/data/Zeyu/Pooling/cat_dog_data/test_set/test_set/cats/cat.4037.jpg,0,0,1.0,0.0
/data/Zeyu/Pooling/cat_dog_data/test_set/test_set/cats/cat.4038.jpg,0,0,1.0,1.3535322e-18
/data/Zeyu/Pooling/cat_dog_data/test_set/test_set/cats/cat.4039.jpg,0,0,1.0,0.0
/data/Zeyu/Pooling/cat_dog_data/test_set/test_set/cats/cat.4040.jpg,0,0,1.0,2.816757e-17
/data/Zeyu/Pooling/cat_dog_data/test_set/test_set/cats/cat.4041.jpg,0,0,0.99998975,1.022941e-05
/data/Zeyu/Pooling/cat_dog_data/test_set/test_set/cats/cat.4042.jpg,0,0,1.0,0.0
/data/Zeyu/Pooling/cat_dog_data/test_set/test_set/cats/cat.4043.jpg,0,0,1.0,3.4853742e-26
/data/Zeyu/Pooling/cat_dog_data/test_set/test_set/cats/cat.4044.jpg,0,0,0.9999994,5.693853e-07
/data/Zeyu/Pooling/cat_dog_data/test_set/test_set/cats/cat.4045.jpg,0,0,0.9999844,1.5665644e-05
/data/Zeyu/Pooling/cat_dog_data/test_set/test_set/cats/cat.4046.jpg,0,0,1.0,7.224119e-10
/data/Zeyu/Pooling/cat_dog_data/test_set/test_set/cats/cat.4047.jpg,0,0,1.0,1.1729086e-19
/data/Zeyu/Pooling/cat_dog_data/test_set/test_set/cats/cat.4048.jpg,0,0,1.0,5.0110584e-14
/data/Zeyu/Pooling/cat_dog_data/test_set/test_set/cats/cat.4049.jpg,0,0,1.0,2.59e-42
/data/Zeyu/Pooling/cat_dog_data/test_set/test_set/cats/cat.4050.jpg,0,0,1.0,0.0
/data/Zeyu/Pooling/cat_dog_data/test_set/test_set/cats/cat.4051.jpg,0,0,1.0,0.0
/data/Zeyu/Pooling/cat_dog_data/test_set/test_set/cats/cat.4052.jpg,0,0,0.5351902,0.46480787
/data/Zeyu/Pooling/cat_dog_data/test_set/test_set/cats/cat.4053.jpg,0,0,1.0,0.0
/data/Zeyu/Pooling/cat_dog_data/test_set/test_set/cats/cat.4054.jpg,0,0,1.0,1.86507e-15
/data/Zeyu/Pooling/cat_dog_data/test_set/test_set/cats/cat.4055.jpg,0,0,1.0,7.8821943e-10
/data/Zeyu/Pooling/cat_dog_data/test_set/test_set/cats/cat.4056.jpg,0,0,0.9999944,5.575233e-06
/data/Zeyu/Pooling/cat_dog_data/test_set/test_set/cats/cat.4057.jpg,0,0,1.0,0.0
/data/Zeyu/Pooling/cat_dog_data/test_set/test_set/cats/cat.4058.jpg,0,0,1.0,0.0
/data/Zeyu/Pooling/cat_dog_data/test_set/test_set/cats/cat.4059.jpg,0,0,1.0,1.9681342e-11
/data/Zeyu/Pooling/cat_dog_data/test_set/test_set/cats/cat.4060.jpg,0,0,1.0,0.0
/data/Zeyu/Pooling/cat_dog_data/test_set/test_set/cats/cat.4061.jpg,0,0,1.0,0.0
/data/Zeyu/Pooling/cat_dog_data/test_set/test_set/cats/cat.4062.jpg,0,0,0.5251206,0.4748785
/data/Zeyu/Pooling/cat_dog_data/test_set/test_set/cats/cat.4063.jpg,0,0,1.0,0.0
/data/Zeyu/Pooling/cat_dog_data/test_set/test_set/cats/cat.4064.jpg,0,0,1.0,6.3655885e-22
/data/Zeyu/Pooling/cat_dog_data/test_set/test_set/cats/cat.4065.jpg,0,0,0.9608661,0.039130364
/data/Zeyu/Pooling/cat_dog_data/test_set/test_set/cats/cat.4066.jpg,0,0,0.99961627,0.0003836861
/data/Zeyu/Pooling/cat_dog_data/test_set/test_set/cats/cat.4067.jpg,0,0,0.99533576,0.004664297
/data/Zeyu/Pooling/cat_dog_data/test_set/test_set/cats/cat.4068.jpg,0,0,1.0,0.0
/data/Zeyu/Pooling/cat_dog_data/test_set/test_set/cats/cat.4069.jpg,0,0,0.9999994,5.448793e-07
/data/Zeyu/Pooling/cat_dog_data/test_set/test_set/cats/cat.4070.jpg,0,0,1.0,3.2029418e-12
/data/Zeyu/Pooling/cat_dog_data/test_set/test_set/cats/cat.4071.jpg,0,0,0.9963972,0.0036027967
/data/Zeyu/Pooling/cat_dog_data/test_set/test_set/cats/cat.4072.jpg,0,0,1.0,0.0
/data/Zeyu/Pooling/cat_dog_data/test_set/test_set/cats/cat.4073.jpg,0,0,1.0,0.0
/data/Zeyu/Pooling/cat_dog_data/test_set/test_set/cats/cat.4074.jpg,0,0,1.0,0.0
/data/Zeyu/Pooling/cat_dog_data/test_set/test_set/cats/cat.4075.jpg,0,0,1.0,0.0
/data/Zeyu/Pooling/cat_dog_data/test_set/test_set/cats/cat.4076.jpg,0,0,1.0,0.0
/data/Zeyu/Pooling/cat_dog_data/test_set/test_set/cats/cat.4077.jpg,0,0,1.0,5.1649583e-34
/data/Zeyu/Pooling/cat_dog_data/test_set/test_set/cats/cat.4078.jpg,0,0,0.9999999,6.418509e-08
/data/Zeyu/Pooling/cat_dog_data/test_set/test_set/cats/cat.4079.jpg,0,0,1.0,1.0615591e-14
/data/Zeyu/Pooling/cat_dog_data/test_set/test_set/cats/cat.4080.jpg,0,0,0.9541605,0.04583951
/data/Zeyu/Pooling/cat_dog_data/test_set/test_set/cats/cat.4081.jpg,0,0,0.94906306,0.05093697
/data/Zeyu/Pooling/cat_dog_data/test_set/test_set/cats/cat.4082.jpg,0,0,0.9958878,0.004112147
/data/Zeyu/Pooling/cat_dog_data/test_set/test_set/cats/cat.4083.jpg,0,0,0.9962113,0.00378869
/data/Zeyu/Pooling/cat_dog_data/test_set/test_set/cats/cat.4084.jpg,0,0,1.0,0.0
/data/Zeyu/Pooling/cat_dog_data/test_set/test_set/cats/cat.4085.jpg,0,0,0.99999654,3.4786365e-06
/data/Zeyu/Pooling/cat_dog_data/test_set/test_set/cats/cat.4086.jpg,0,0,0.99999833,1.6207381e-06
/data/Zeyu/Pooling/cat_dog_data/test_set/test_set/cats/cat.4087.jpg,0,0,1.0,1.4411254e-09
/data/Zeyu/Pooling/cat_dog_data/test_set/test_set/cats/cat.4088.jpg,0,0,1.0,1.7837063e-15
/data/Zeyu/Pooling/cat_dog_data/test_set/test_set/cats/cat.4089.jpg,0,0,0.99973804,0.00026199143
/data/Zeyu/Pooling/cat_dog_data/test_set/test_set/cats/cat.4090.jpg,0,0,1.0,1.4500968e-10
/data/Zeyu/Pooling/cat_dog_data/test_set/test_set/cats/cat.4091.jpg,0,0,0.9989316,0.0010683927
/data/Zeyu/Pooling/cat_dog_data/test_set/test_set/cats/cat.4092.jpg,0,0,1.0,4.748762e-08
/data/Zeyu/Pooling/cat_dog_data/test_set/test_set/cats/cat.4093.jpg,0,0,1.0,1.836904e-08
/data/Zeyu/Pooling/cat_dog_data/test_set/test_set/cats/cat.4094.jpg,0,0,1.0,0.0
/data/Zeyu/Pooling/cat_dog_data/test_set/test_set/cats/cat.4095.jpg,0,0,1.0,0.0
/data/Zeyu/Pooling/cat_dog_data/test_set/test_set/cats/cat.4096.jpg,0,0,1.0,0.0
/data/Zeyu/Pooling/cat_dog_data/test_set/test_set/cats/cat.4097.jpg,0,0,1.0,0.0
/data/Zeyu/Pooling/cat_dog_data/test_set/test_set/cats/cat.4098.jpg,0,0,1.0,0.0
/data/Zeyu/Pooling/cat_dog_data/test_set/test_set/cats/cat.4099.jpg,0,0,1.0,0.0
/data/Zeyu/Pooling/cat_dog_data/test_set/test_set/cats/cat.4100.jpg,0,0,0.8550571,0.14494292
/data/Zeyu/Pooling/cat_dog_data/test_set/test_set/cats/cat.4101.jpg,0,0,0.9999987,1.2861756e-06
/data/Zeyu/Pooling/cat_dog_data/test_set/test_set/cats/cat.4102.jpg,0,0,1.0,5.6532407e-08
/data/Zeyu/Pooling/cat_dog_data/test_set/test_set/cats/cat.4103.jpg,0,0,1.0,0.0
/data/Zeyu/Pooling/cat_dog_data/test_set/test_set/cats/cat.4104.jpg,0,0,1.0,8.635482e-16
/data/Zeyu/Pooling/cat_dog_data/test_set/test_set/cats/cat.4105.jpg,0,0,1.0,0.0
/data/Zeyu/Pooling/cat_dog_data/test_set/test_set/cats/cat.4106.jpg,0,0,0.9999999,9.532081e-08
/data/Zeyu/Pooling/cat_dog_data/test_set/test_set/cats/cat.4107.jpg,0,0,0.9997539,0.00024605097
/data/Zeyu/Pooling/cat_dog_data/test_set/test_set/cats/cat.4108.jpg,0,0,0.99998987,1.00833795e-05
/data/Zeyu/Pooling/cat_dog_data/test_set/test_set/cats/cat.4109.jpg,0,0,0.99999845,1.5254785e-06
/data/Zeyu/Pooling/cat_dog_data/test_set/test_set/cats/cat.4110.jpg,0,0,0.9991947,0.00080530357
/data/Zeyu/Pooling/cat_dog_data/test_set/test_set/cats/cat.4111.jpg,0,0,1.0,0.0
/data/Zeyu/Pooling/cat_dog_data/test_set/test_set/cats/cat.4112.jpg,0,0,1.0,0.0
/data/Zeyu/Pooling/cat_dog_data/test_set/test_set/cats/cat.4113.jpg,0,0,0.9999988,1.2281275e-06
/data/Zeyu/Pooling/cat_dog_data/test_set/test_set/cats/cat.4114.jpg,0,0,1.0,5.433511e-29
/data/Zeyu/Pooling/cat_dog_data/test_set/test_set/cats/cat.4115.jpg,0,0,1.0,0.0
/data/Zeyu/Pooling/cat_dog_data/test_set/test_set/cats/cat.4116.jpg,1,0,0.99999833,1.645178e-06
/data/Zeyu/Pooling/cat_dog_data/test_set/test_set/cats/cat.4117.jpg,1,1,0.0011717572,0.99882823
/data/Zeyu/Pooling/cat_dog_data/test_set/test_set/cats/cat.4118.jpg,1,1,0.09482228,0.90517724
/data/Zeyu/Pooling/cat_dog_data/test_set/test_set/cats/cat.4119.jpg,1,1,0.006206007,0.99379396
/data/Zeyu/Pooling/cat_dog_data/test_set/test_set/cats/cat.4120.jpg,1,1,0.039240714,0.9607592
/data/Zeyu/Pooling/cat_dog_data/test_set/test_set/cats/cat.4121.jpg,1,1,0.08988646,0.9101135
/data/Zeyu/Pooling/cat_dog_data/test_set/test_set/cats/cat.4122.jpg,1,1,0.4128107,0.5871893
/data/Zeyu/Pooling/cat_dog_data/test_set/test_set/cats/cat.4123.jpg,1,1,2.1781195e-06,0.99999785
/data/Zeyu/Pooling/cat_dog_data/test_set/test_set/cats/cat.4124.jpg,1,1,1.0555344e-06,0.9999989
/data/Zeyu/Pooling/cat_dog_data/test_set/test_set/cats/cat.4125.jpg,1,1,7.033987e-07,0.9999993
/data/Zeyu/Pooling/cat_dog_data/test_set/test_set/cats/cat.4126.jpg,1,1,0.0006641206,0.9993358
/data/Zeyu/Pooling/cat_dog_data/test_set/test_set/cats/cat.4127.jpg,1,1,0.00027221662,0.9997278
/data/Zeyu/Pooling/cat_dog_data/test_set/test_set/cats/cat.4128.jpg,1,1,0.48502466,0.51497537
/data/Zeyu/Pooling/cat_dog_data/test_set/test_set/cats/cat.4001.jpg,1,0,0.57516843,0.42483157
/data/Zeyu/Pooling/cat_dog_data/test_set/test_set/cats/cat.4002.jpg,1,1,0.42980403,0.570196
/data/Zeyu/Pooling/cat_dog_data/test_set/test_set/cats/cat.4003.jpg,1,1,0.10148566,0.89851433
/data/Zeyu/Pooling/cat_dog_data/test_set/test_set/cats/cat.4004.jpg,1,1,0.10201761,0.89798236
/data/Zeyu/Pooling/cat_dog_data/test_set/test_set/cats/cat.4005.jpg,1,1,0.020870194,0.97912973
/data/Zeyu/Pooling/cat_dog_data/test_set/test_set/cats/cat.4006.jpg,1,0,0.56398714,0.43601283
/data/Zeyu/Pooling/cat_dog_data/test_set/test_set/cats/cat.4007.jpg,1,1,0.44985422,0.55014575
/data/Zeyu/Pooling/cat_dog_data/test_set/test_set/cats/cat.4008.jpg,1,1,0.00058508746,0.9994149
/data/Zeyu/Pooling/cat_dog_data/test_set/test_set/cats/cat.4009.jpg,1,1,0.006117186,0.9938828
/data/Zeyu/Pooling/cat_dog_data/test_set/test_set/cats/cat.4010.jpg,1,1,0.03934622,0.9606537
/data/Zeyu/Pooling/cat_dog_data/test_set/test_set/cats/cat.4011.jpg,1,1,0.0009424297,0.9990576
/data/Zeyu/Pooling/cat_dog_data/test_set/test_set/cats/cat.4012.jpg,1,1,0.00025585198,0.9997441
/data/Zeyu/Pooling/cat_dog_data/test_set/test_set/cats/cat.4013.jpg,1,1,0.38554958,0.6144504
/data/Zeyu/Pooling/cat_dog_data/test_set/test_set/cats/cat.4014.jpg,1,1,0.2854201,0.71457994
/data/Zeyu/Pooling/cat_dog_data/test_set/test_set/cats/cat.4015.jpg,1,1,0.008121098,0.991879
/data/Zeyu/Pooling/cat_dog_data/test_set/test_set/cats/cat.4016.jpg,1,1,0.00048324134,0.9995167
/data/Zeyu/Pooling/cat_dog_data/test_set/test_set/cats/cat.4017.jpg,1,1,0.2652961,0.7347039
/data/Zeyu/Pooling/cat_dog_data/test_set/test_set/cats/cat.4018.jpg,1,1,0.20812955,0.7918704
/data/Zeyu/Pooling/cat_dog_data/test_set/test_set/cats/cat.4019.jpg,1,1,0.004440793,0.9955592
/data/Zeyu/Pooling/cat_dog_data/test_set/test_set/cats/cat.4020.jpg,1,1,0.009918459,0.9900815
/data/Zeyu/Pooling/cat_dog_data/test_set/test_set/cats/cat.4021.jpg,1,0,0.89292395,0.107076
/data/Zeyu/Pooling/cat_dog_data/test_set/test_set/cats/cat.4022.jpg,1,1,0.09990459,0.90009534
/data/Zeyu/Pooling/cat_dog_data/test_set/test_set/cats/cat.4023.jpg,1,0,0.95339197,0.046607994
/data/Zeyu/Pooling/cat_dog_data/test_set/test_set/cats/cat.4024.jpg,1,1,0.0034441494,0.9965559
/data/Zeyu/Pooling/cat_dog_data/test_set/test_set/cats/cat.4025.jpg,1,1,0.09859493,0.90140504
/data/Zeyu/Pooling/cat_dog_data/test_set/test_set/cats/cat.4026.jpg,1,0,0.99412364,0.0058764066
/data/Zeyu/Pooling/cat_dog_data/test_set/test_set/cats/cat.4027.jpg,1,0,0.73248035,0.26751968
/data/Zeyu/Pooling/cat_dog_data/test_set/test_set/cats/cat.4028.jpg,1,1,6.106415e-05,0.99993896
/data/Zeyu/Pooling/cat_dog_data/test_set/test_set/cats/cat.4029.jpg,1,1,0.02488434,0.97511566
/data/Zeyu/Pooling/cat_dog_data/test_set/test_set/cats/cat.4030.jpg,1,0,0.81106466,0.18893535
/data/Zeyu/Pooling/cat_dog_data/test_set/test_set/cats/cat.4031.jpg,1,1,0.05720678,0.9427932
/data/Zeyu/Pooling/cat_dog_data/test_set/test_set/cats/cat.4032.jpg,1,1,1.0057113e-08,1.0
/data/Zeyu/Pooling/cat_dog_data/test_set/test_set/cats/cat.4033.jpg,1,1,0.007206174,0.9927938
/data/Zeyu/Pooling/cat_dog_data/test_set/test_set/cats/cat.4034.jpg,1,1,0.3769569,0.62304306
/data/Zeyu/Pooling/cat_dog_data/test_set/test_set/cats/cat.4035.jpg,1,1,0.008912909,0.99108714
/data/Zeyu/Pooling/cat_dog_data/test_set/test_set/cats/cat.4036.jpg,1,1,0.007159232,0.99284077
/data/Zeyu/Pooling/cat_dog_data/test_set/test_set/cats/cat.4037.jpg,1,1,0.00023089166,0.99976915
/data/Zeyu/Pooling/cat_dog_data/test_set/test_set/cats/cat.4038.jpg,1,1,0.08234555,0.91765445
/data/Zeyu/Pooling/cat_dog_data/test_set/test_set/cats/cat.4039.jpg,1,1,0.0008724253,0.99912757
/data/Zeyu/Pooling/cat_dog_data/test_set/test_set/cats/cat.4040.jpg,1,1,0.0004967826,0.99950325
/data/Zeyu/Pooling/cat_dog_data/test_set/test_set/cats/cat.4041.jpg,1,1,0.40813595,0.5918641
/data/Zeyu/Pooling/cat_dog_data/test_set/test_set/cats/cat.4042.jpg,1,1,0.0047497465,0.9952502
/data/Zeyu/Pooling/cat_dog_data/test_set/test_set/cats/cat.4043.jpg,1,1,0.00082419417,0.9991757
/data/Zeyu/Pooling/cat_dog_data/test_set/test_set/cats/cat.4044.jpg,1,1,1.7989489e-05,0.999982
/data/Zeyu/Pooling/cat_dog_data/test_set/test_set/cats/cat.4045.jpg,1,1,2.4030571e-06,0.9999976
/data/Zeyu/Pooling/cat_dog_data/test_set/test_set/cats/cat.4046.jpg,1,1,0.010783677,0.9892163
/data/Zeyu/Pooling/cat_dog_data/test_set/test_set/cats/cat.4047.jpg,1,1,0.083009556,0.9169904
/data/Zeyu/Pooling/cat_dog_data/test_set/test_set/cats/cat.4048.jpg,1,1,6.911212e-06,0.9999931
/data/Zeyu/Pooling/cat_dog_data/test_set/test_set/cats/cat.4049.jpg,1,1,0.26857919,0.7314208
/data/Zeyu/Pooling/cat_dog_data/test_set/test_set/cats/cat.4050.jpg,1,1,0.0011868469,0.99881315
/data/Zeyu/Pooling/cat_dog_data/test_set/test_set/cats/cat.4051.jpg,1,1,0.0019767822,0.9980233
/data/Zeyu/Pooling/cat_dog_data/test_set/test_set/cats/cat.4052.jpg,1,0,0.99984074,0.00015928465
/data/Zeyu/Pooling/cat_dog_data/test_set/test_set/cats/cat.4053.jpg,1,0,0.64317375,0.3568262
/data/Zeyu/Pooling/cat_dog_data/test_set/test_set/cats/cat.4054.jpg,1,1,0.00014458086,0.9998554
/data/Zeyu/Pooling/cat_dog_data/test_set/test_set/cats/cat.4055.jpg,1,1,0.004872342,0.9951277
/data/Zeyu/Pooling/cat_dog_data/test_set/test_set/cats/cat.4056.jpg,1,1,0.11166701,0.88833296
/data/Zeyu/Pooling/cat_dog_data/test_set/test_set/cats/cat.4057.jpg,1,1,0.0015294318,0.9984706
/data/Zeyu/Pooling/cat_dog_data/test_set/test_set/cats/cat.4058.jpg,1,1,0.28279993,0.7172001
/data/Zeyu/Pooling/cat_dog_data/test_set/test_set/cats/cat.4059.jpg,1,1,0.4438922,0.5561078
/data/Zeyu/Pooling/cat_dog_data/test_set/test_set/cats/cat.4060.jpg,1,1,0.0011793571,0.9988206
/data/Zeyu/Pooling/cat_dog_data/test_set/test_set/cats/cat.4061.jpg,1,1,0.0012693113,0.9987307
/data/Zeyu/Pooling/cat_dog_data/test_set/test_set/cats/cat.4062.jpg,1,1,2.1781987e-06,0.99999785
/data/Zeyu/Pooling/cat_dog_data/test_set/test_set/cats/cat.4063.jpg,1,1,0.019218743,0.9807812
/data/Zeyu/Pooling/cat_dog_data/test_set/test_set/cats/cat.4064.jpg,1,1,0.025580658,0.9744194
/data/Zeyu/Pooling/cat_dog_data/test_set/test_set/cats/cat.4065.jpg,1,1,0.016260574,0.98373944
/data/Zeyu/Pooling/cat_dog_data/test_set/test_set/cats/cat.4066.jpg,1,1,3.1804706e-05,0.9999682
/data/Zeyu/Pooling/cat_dog_data/test_set/test_set/cats/cat.4067.jpg,1,1,0.0005869838,0.999413
/data/Zeyu/Pooling/cat_dog_data/test_set/test_set/cats/cat.4068.jpg,1,1,0.008338616,0.9916613
/data/Zeyu/Pooling/cat_dog_data/test_set/test_set/cats/cat.4069.jpg,1,1,0.001269602,0.99873036
/data/Zeyu/Pooling/cat_dog_data/test_set/test_set/cats/cat.4070.jpg,1,1,0.46515036,0.5348497
/data/Zeyu/Pooling/cat_dog_data/test_set/test_set/cats/cat.4071.jpg,1,1,0.0017272966,0.99827266
/data/Zeyu/Pooling/cat_dog_data/test_set/test_set/cats/cat.4072.jpg,1,1,5.7893398e-05,0.99994206
/data/Zeyu/Pooling/cat_dog_data/test_set/test_set/cats/cat.4073.jpg,1,0,0.824359,0.17564096
/data/Zeyu/Pooling/cat_dog_data/test_set/test_set/cats/cat.4074.jpg,1,1,0.020177092,0.97982293
/data/Zeyu/Pooling/cat_dog_data/test_set/test_set/cats/cat.4075.jpg,1,1,0.012068063,0.9879319
/data/Zeyu/Pooling/cat_dog_data/test_set/test_set/cats/cat.4076.jpg,1,1,0.17294998,0.82705003
/data/Zeyu/Pooling/cat_dog_data/test_set/test_set/cats/cat.4077.jpg,1,0,0.9964349,0.0035650725
/data/Zeyu/Pooling/cat_dog_data/test_set/test_set/cats/cat.4078.jpg,1,1,0.11514259,0.88485736
/data/Zeyu/Pooling/cat_dog_data/test_set/test_set/cats/cat.4079.jpg,1,1,0.000449532,0.9995504
/data/Zeyu/Pooling/cat_dog_data/test_set/test_set/cats/cat.4080.jpg,1,1,0.39252195,0.6074781
/data/Zeyu/Pooling/cat_dog_data/test_set/test_set/cats/cat.4081.jpg,1,0,0.98924935,0.010750613
/data/Zeyu/Pooling/cat_dog_data/test_set/test_set/cats/cat.4082.jpg,1,1,0.08263265,0.91736734
/data/Zeyu/Pooling/cat_dog_data/test_set/test_set/cats/cat.4083.jpg,1,1,0.065923974,0.934076
/data/Zeyu/Pooling/cat_dog_data/test_set/test_set/cats/cat.4084.jpg,1,1,0.002686106,0.9973139
/data/Zeyu/Pooling/cat_dog_data/test_set/test_set/cats/cat.4085.jpg,1,0,0.98101735,0.018982595
/data/Zeyu/Pooling/cat_dog_data/test_set/test_set/cats/cat.4086.jpg,1,1,2.7546157e-06,0.99999726
/data/Zeyu/Pooling/cat_dog_data/test_set/test_set/cats/cat.4087.jpg,1,1,0.22862406,0.7713759
/data/Zeyu/Pooling/cat_dog_data/test_set/test_set/cats/cat.4088.jpg,1,0,0.91644734,0.08355263
/data/Zeyu/Pooling/cat_dog_data/test_set/test_set/cats/cat.4089.jpg,1,0,0.991789,0.008210975
/data/Zeyu/Pooling/cat_dog_data/test_set/test_set/cats/cat.4090.jpg,1,0,0.52605873,0.47394133
/data/Zeyu/Pooling/cat_dog_data/test_set/test_set/cats/cat.4091.jpg,1,0,0.98760366,0.01239627
/data/Zeyu/Pooling/cat_dog_data/test_set/test_set/cats/cat.4092.jpg,1,0,0.58994883,0.41005117
/data/Zeyu/Pooling/cat_dog_data/test_set/test_set/cats/cat.4093.jpg,1,0,0.8298718,0.17012821
/data/Zeyu/Pooling/cat_dog_data/test_set/test_set/cats/cat.4094.jpg,1,1,0.2733823,0.7266177
/data/Zeyu/Pooling/cat_dog_data/test_set/test_set/cats/cat.4095.jpg,1,1,0.032472555,0.96752745
/data/Zeyu/Pooling/cat_dog_data/test_set/test_set/cats/cat.4096.jpg,1,1,0.17315684,0.82684314
/data/Zeyu/Pooling/cat_dog_data/test_set/test_set/cats/cat.4097.jpg,1,0,0.7839778,0.2160222
/data/Zeyu/Pooling/cat_dog_data/test_set/test_set/cats/cat.4098.jpg,1,1,7.3707786e-05,0.9999263
/data/Zeyu/Pooling/cat_dog_data/test_set/test_set/cats/cat.4099.jpg,1,1,1.6172105e-05,0.9999838
/data/Zeyu/Pooling/cat_dog_data/test_set/test_set/cats/cat.4100.jpg,1,1,0.032091275,0.96790856
/data/Zeyu/Pooling/cat_dog_data/test_set/test_set/cats/cat.4101.jpg,1,1,0.0041315975,0.99586844
/data/Zeyu/Pooling/cat_dog_data/test_set/test_set/cats/cat.4102.jpg,1,0,0.97743464,0.022565406
/data/Zeyu/Pooling/cat_dog_data/test_set/test_set/cats/cat.4103.jpg,1,1,0.46918792,0.5308121
/data/Zeyu/Pooling/cat_dog_data/test_set/test_set/cats/cat.4104.jpg,1,1,0.24438713,0.7556129
/data/Zeyu/Pooling/cat_dog_data/test_set/test_set/cats/cat.4105.jpg,1,1,0.0673182,0.9326818
/data/Zeyu/Pooling/cat_dog_data/test_set/test_set/cats/cat.4106.jpg,1,1,0.038131345,0.9618687
/data/Zeyu/Pooling/cat_dog_data/test_set/test_set/cats/cat.4107.jpg,1,1,0.006479168,0.9935208
/data/Zeyu/Pooling/cat_dog_data/test_set/test_set/cats/cat.4108.jpg,1,1,0.13036261,0.8696374
/data/Zeyu/Pooling/cat_dog_data/test_set/test_set/cats/cat.4109.jpg,1,1,0.07077682,0.9292232
/data/Zeyu/Pooling/cat_dog_data/test_set/test_set/cats/cat.4110.jpg,1,0,0.5485287,0.45147133
/data/Zeyu/Pooling/cat_dog_data/test_set/test_set/cats/cat.4111.jpg,1,1,0.0023483012,0.99765176
/data/Zeyu/Pooling/cat_dog_data/test_set/test_set/cats/cat.4112.jpg,1,1,0.0020619622,0.997938
/data/Zeyu/Pooling/cat_dog_data/test_set/test_set/cats/cat.4113.jpg,1,1,0.48058242,0.51941764
/data/Zeyu/Pooling/cat_dog_data/test_set/test_set/cats/cat.4114.jpg,1,0,0.98243046,0.017568776
/data/Zeyu/Pooling/cat_dog_data/test_set/test_set/cats/cat.4115.jpg,1,1,4.5030295e-09,1.0
/data/Zeyu/Pooling/cat_dog_data/test_set/test_set/cats/cat.4116.jpg,1,0,0.94581944,0.054180495
/data/Zeyu/Pooling/cat_dog_data/test_set/test_set/cats/cat.4117.jpg,1,1,0.22744656,0.77255344
/data/Zeyu/Pooling/cat_dog_data/test_set/test_set/cats/cat.4118.jpg,1,1,0.16465907,0.8353409
/data/Zeyu/Pooling/cat_dog_data/test_set/test_set/cats/cat.4119.jpg,1,1,0.23599496,0.76400506
/data/Zeyu/Pooling/cat_dog_data/test_set/test_set/cats/cat.4120.jpg,1,1,0.0009566539,0.9990433
/data/Zeyu/Pooling/cat_dog_data/test_set/test_set/cats/cat.4121.jpg,1,1,0.110276885,0.88972306
/data/Zeyu/Pooling/cat_dog_data/test_set/test_set/cats/cat.4122.jpg,1,1,0.009572691,0.99042726
/data/Zeyu/Pooling/cat_dog_data/test_set/test_set/cats/cat.4123.jpg,1,1,0.24370712,0.7562929
/data/Zeyu/Pooling/cat_dog_data/test_set/test_set/cats/cat.4124.jpg,1,0,0.9881279,0.011872119
/data/Zeyu/Pooling/cat_dog_data/test_set/test_set/cats/cat.4125.jpg,1,1,0.00015712703,0.9998429
/data/Zeyu/Pooling/cat_dog_data/test_set/test_set/cats/cat.4126.jpg,1,1,0.00342624,0.9965738
/data/Zeyu/Pooling/cat_dog_data/test_set/test_set/cats/cat.4127.jpg,1,0,0.9505047,0.049495317
/data/Zeyu/Pooling/cat_dog_data/test_set/test_set/cats/cat.4128.jpg,1,1,0.002377876,0.9976221
/data/Zeyu/Pooling/cat_dog_data/test_set/test_set/cats/cat.4001.jpg,1,0,0.9314126,0.068587385
/data/Zeyu/Pooling/cat_dog_data/test_set/test_set/cats/cat.4002.jpg,1,1,0.005424648,0.9945754
/data/Zeyu/Pooling/cat_dog_data/test_set/test_set/cats/cat.4003.jpg,1,1,0.19356291,0.80643713
/data/Zeyu/Pooling/cat_dog_data/test_set/test_set/cats/cat.4004.jpg,1,1,0.006121725,0.9938783
/data/Zeyu/Pooling/cat_dog_data/test_set/test_set/cats/cat.4005.jpg,1,1,2.268244e-07,0.99999976
/data/Zeyu/Pooling/cat_dog_data/test_set/test_set/cats/cat.4006.jpg,1,1,0.28798416,0.71201587
/data/Zeyu/Pooling/cat_dog_data/test_set/test_set/cats/cat.4007.jpg,1,1,4.5420966e-06,0.99999547
/data/Zeyu/Pooling/cat_dog_data/test_set/test_set/cats/cat.4008.jpg,1,1,3.792656e-05,0.9999621
/data/Zeyu/Pooling/cat_dog_data/test_set/test_set/cats/cat.4009.jpg,1,1,7.2050614e-05,0.999928
/data/Zeyu/Pooling/cat_dog_data/test_set/test_set/cats/cat.4010.jpg,1,1,1.4839671e-05,0.9999852
/data/Zeyu/Pooling/cat_dog_data/test_set/test_set/cats/cat.4011.jpg,1,1,0.023797907,0.9762021
/data/Zeyu/Pooling/cat_dog_data/test_set/test_set/cats/cat.4012.jpg,1,1,0.016966881,0.9830331
/data/Zeyu/Pooling/cat_dog_data/test_set/test_set/cats/cat.4013.jpg,1,0,0.89767677,0.102323234
/data/Zeyu/Pooling/cat_dog_data/test_set/test_set/cats/cat.4014.jpg,1,1,0.0007858995,0.99921405
/data/Zeyu/Pooling/cat_dog_data/test_set/test_set/cats/cat.4015.jpg,1,1,0.16116346,0.83883655
/data/Zeyu/Pooling/cat_dog_data/test_set/test_set/cats/cat.4016.jpg,1,1,0.033023965,0.96697605
/data/Zeyu/Pooling/cat_dog_data/test_set/test_set/cats/cat.4017.jpg,1,1,0.0005134345,0.99948657
/data/Zeyu/Pooling/cat_dog_data/test_set/test_set/cats/cat.4018.jpg,1,1,0.02930064,0.9706993
/data/Zeyu/Pooling/cat_dog_data/test_set/test_set/cats/cat.4019.jpg,1,1,0.02930064,0.9706993
/data/Zeyu/Pooling/cat_dog_data/test_set/test_set/cats/cat.4020.jpg,1,1,0.051828932,0.9481711
/data/Zeyu/Pooling/cat_dog_data/test_set/test_set/cats/cat.4021.jpg,1,1,0.020731973,0.9792681
/data/Zeyu/Pooling/cat_dog_data/test_set/test_set/cats/cat.4022.jpg,1,1,0.056472056,0.94352794
/data/Zeyu/Pooling/cat_dog_data/test_set/test_set/cats/cat.4023.jpg,1,1,8.367381e-06,0.99999166
/data/Zeyu/Pooling/cat_dog_data/test_set/test_set/cats/cat.4024.jpg,1,1,0.28822574,0.7117741
/data/Zeyu/Pooling/cat_dog_data/test_set/test_set/cats/cat.4025.jpg,1,0,0.72091335,0.27908668
/data/Zeyu/Pooling/cat_dog_data/test_set/test_set/cats/cat.4026.jpg,1,0,0.72091335,0.27908668
/data/Zeyu/Pooling/cat_dog_data/test_set/test_set/cats/cat.4027.jpg,1,1,9.092439e-05,0.99990904
/data/Zeyu/Pooling/cat_dog_data/test_set/test_set/cats/cat.4028.jpg,1,0,0.9935114,0.006488617
/data/Zeyu/Pooling/cat_dog_data/test_set/test_set/cats/cat.4029.jpg,1,1,3.9031825e-06,0.99999607
/data/Zeyu/Pooling/cat_dog_data/test_set/test_set/cats/cat.4030.jpg,1,1,0.00091461465,0.9990854
/data/Zeyu/Pooling/cat_dog_data/test_set/test_set/cats/cat.4031.jpg,1,1,0.15921235,0.84078765
/data/Zeyu/Pooling/cat_dog_data/test_set/test_set/cats/cat.4032.jpg,1,0,0.8832662,0.116733775
/data/Zeyu/Pooling/cat_dog_data/test_set/test_set/cats/cat.4033.jpg,1,0,0.8832662,0.116733775
/data/Zeyu/Pooling/cat_dog_data/test_set/test_set/cats/cat.4034.jpg,1,1,0.0010925266,0.99890745
/data/Zeyu/Pooling/cat_dog_data/test_set/test_set/cats/cat.4035.jpg,1,1,0.0054948763,0.9945051
/data/Zeyu/Pooling/cat_dog_data/test_set/test_set/cats/cat.4036.jpg,1,1,0.18558663,0.8144134
/data/Zeyu/Pooling/cat_dog_data/test_set/test_set/cats/cat.4037.jpg,1,0,0.80124116,0.19875881
/data/Zeyu/Pooling/cat_dog_data/test_set/test_set/cats/cat.4038.jpg,1,0,0.9066022,0.093397826
/data/Zeyu/Pooling/cat_dog_data/test_set/test_set/cats/cat.4039.jpg,1,0,0.5929345,0.40706548
/data/Zeyu/Pooling/cat_dog_data/test_set/test_set/cats/cat.4040.jpg,1,1,0.0012200816,0.99877995
/data/Zeyu/Pooling/cat_dog_data/test_set/test_set/cats/cat.4041.jpg,1,1,1.3871262e-05,0.9999862
/data/Zeyu/Pooling/cat_dog_data/test_set/test_set/cats/cat.4042.jpg,1,0,0.9988355,0.0011644617
/data/Zeyu/Pooling/cat_dog_data/test_set/test_set/cats/cat.4043.jpg,1,1,0.00016039249,0.99983954
/data/Zeyu/Pooling/cat_dog_data/test_set/test_set/cats/cat.4044.jpg,1,1,0.042175315,0.95782477
/data/Zeyu/Pooling/cat_dog_data/test_set/test_set/cats/cat.4045.jpg,1,0,0.962422,0.037578024
/data/Zeyu/Pooling/cat_dog_data/test_set/test_set/cats/cat.4046.jpg,1,0,0.95662963,0.043370306
/data/Zeyu/Pooling/cat_dog_data/test_set/test_set/cats/cat.4047.jpg,1,0,0.74304605,0.25695392
/data/Zeyu/Pooling/cat_dog_data/test_set/test_set/cats/cat.4048.jpg,1,0,0.5009975,0.49900252
/data/Zeyu/Pooling/cat_dog_data/test_set/test_set/cats/cat.4049.jpg,1,0,0.9178153,0.0821847
/data/Zeyu/Pooling/cat_dog_data/test_set/test_set/cats/cat.4050.jpg,1,1,0.0006966797,0.99930334
/data/Zeyu/Pooling/cat_dog_data/test_set/test_set/cats/cat.4051.jpg,1,1,0.0006565396,0.99934345
/data/Zeyu/Pooling/cat_dog_data/test_set/test_set/cats/cat.4052.jpg,1,1,0.0048709917,0.995129
/data/Zeyu/Pooling/cat_dog_data/test_set/test_set/cats/cat.4053.jpg,1,1,0.041373525,0.9586265
/data/Zeyu/Pooling/cat_dog_data/test_set/test_set/cats/cat.4054.jpg,1,1,1.1425611e-07,0.9999999
/data/Zeyu/Pooling/cat_dog_data/test_set/test_set/cats/cat.4055.jpg,1,1,0.3671338,0.63286614
/data/Zeyu/Pooling/cat_dog_data/test_set/test_set/cats/cat.4056.jpg,1,0,0.9699009,0.03009905
/data/Zeyu/Pooling/cat_dog_data/test_set/test_set/cats/cat.4057.jpg,1,1,0.0009323251,0.9990677
/data/Zeyu/Pooling/cat_dog_data/test_set/test_set/cats/cat.4058.jpg,1,1,0.046205718,0.95379424
/data/Zeyu/Pooling/cat_dog_data/test_set/test_set/cats/cat.4059.jpg,1,1,0.22145803,0.7785419
/data/Zeyu/Pooling/cat_dog_data/test_set/test_set/cats/cat.4060.jpg,1,0,0.9837608,0.016239159
/data/Zeyu/Pooling/cat_dog_data/test_set/test_set/cats/cat.4061.jpg,1,1,0.0010639401,0.9989361
/data/Zeyu/Pooling/cat_dog_data/test_set/test_set/cats/cat.4062.jpg,1,1,5.3988686e-05,0.999946
/data/Zeyu/Pooling/cat_dog_data/test_set/test_set/cats/cat.4063.jpg,1,0,0.9472934,0.052706566
/data/Zeyu/Pooling/cat_dog_data/test_set/test_set/cats/cat.4064.jpg,1,1,0.008576403,0.99142367
/data/Zeyu/Pooling/cat_dog_data/test_set/test_set/cats/cat.4065.jpg,1,0,0.93247724,0.06752137
/data/Zeyu/Pooling/cat_dog_data/test_set/test_set/cats/cat.4066.jpg,1,1,0.00068936974,0.9993106
/data/Zeyu/Pooling/cat_dog_data/test_set/test_set/cats/cat.4067.jpg,1,0,0.9712208,0.02877923
/data/Zeyu/Pooling/cat_dog_data/test_set/test_set/cats/cat.4068.jpg,1,0,0.9712208,0.02877923
/data/Zeyu/Pooling/cat_dog_data/test_set/test_set/cats/cat.4069.jpg,1,0,0.6591504,0.34084955
/data/Zeyu/Pooling/cat_dog_data/test_set/test_set/cats/cat.4070.jpg,1,0,0.8103264,0.18967359
/data/Zeyu/Pooling/cat_dog_data/test_set/test_set/cats/cat.4071.jpg,1,0,0.7329848,0.26701516
/data/Zeyu/Pooling/cat_dog_data/test_set/test_set/cats/cat.4072.jpg,1,1,0.0002771338,0.9997229
/data/Zeyu/Pooling/cat_dog_data/test_set/test_set/cats/cat.4073.jpg,1,1,0.0053696954,0.99463034
/data/Zeyu/Pooling/cat_dog_data/test_set/test_set/cats/cat.4074.jpg,1,1,0.0058078514,0.9941922
/data/Zeyu/Pooling/cat_dog_data/test_set/test_set/cats/cat.4075.jpg,1,1,8.760068e-05,0.9999124
/data/Zeyu/Pooling/cat_dog_data/test_set/test_set/cats/cat.4076.jpg,1,1,1.5572503e-05,0.9999844
/data/Zeyu/Pooling/cat_dog_data/test_set/test_set/cats/cat.4077.jpg,1,1,2.8814812e-10,1.0
/data/Zeyu/Pooling/cat_dog_data/test_set/test_set/cats/cat.4078.jpg,1,0,0.79475796,0.20524204
/data/Zeyu/Pooling/cat_dog_data/test_set/test_set/cats/cat.4079.jpg,1,0,0.9476588,0.05234126
/data/Zeyu/Pooling/cat_dog_data/test_set/test_set/cats/cat.4080.jpg,1,1,0.00016435713,0.9998356
/data/Zeyu/Pooling/cat_dog_data/test_set/test_set/cats/cat.4081.jpg,1,1,0.0071319826,0.99286807
/data/Zeyu/Pooling/cat_dog_data/test_set/test_set/cats/cat.4082.jpg,1,0,0.7524021,0.24759787
/data/Zeyu/Pooling/cat_dog_data/test_set/test_set/cats/cat.4083.jpg,1,1,1.2524762e-07,0.9999999
/data/Zeyu/Pooling/cat_dog_data/test_set/test_set/cats/cat.4084.jpg,1,1,0.103773065,0.89622694
/data/Zeyu/Pooling/cat_dog_data/test_set/test_set/cats/cat.4085.jpg,1,1,0.005176564,0.99482346
/data/Zeyu/Pooling/cat_dog_data/test_set/test_set/cats/cat.4086.jpg,1,1,0.14780568,0.8521943
/data/Zeyu/Pooling/cat_dog_data/test_set/test_set/cats/cat.4087.jpg,1,1,0.032770347,0.96722966
/data/Zeyu/Pooling/cat_dog_data/test_set/test_set/cats/cat.4088.jpg,1,1,0.017099177,0.9829008
/data/Zeyu/Pooling/cat_dog_data/test_set/test_set/cats/cat.4089.jpg,1,1,0.085843064,0.9141569
/data/Zeyu/Pooling/cat_dog_data/test_set/test_set/cats/cat.4090.jpg,1,1,0.00026967085,0.9997303
/data/Zeyu/Pooling/cat_dog_data/test_set/test_set/cats/cat.4091.jpg,1,1,0.4749195,0.52508056
/data/Zeyu/Pooling/cat_dog_data/test_set/test_set/cats/cat.4092.jpg,1,1,0.002202528,0.9977975
/data/Zeyu/Pooling/cat_dog_data/test_set/test_set/cats/cat.4093.jpg,1,1,0.0004479779,0.99955195
/data/Zeyu/Pooling/cat_dog_data/test_set/test_set/cats/cat.4094.jpg,1,1,0.1478367,0.8521633
/data/Zeyu/Pooling/cat_dog_data/test_set/test_set/cats/cat.4095.jpg,1,1,0.0004096239,0.99959034
/data/Zeyu/Pooling/cat_dog_data/test_set/test_set/cats/cat.4096.jpg,1,0,0.64710486,0.3528951
/data/Zeyu/Pooling/cat_dog_data/test_set/test_set/cats/cat.4097.jpg,1,1,0.042959612,0.95704037
/data/Zeyu/Pooling/cat_dog_data/test_set/test_set/cats/cat.4098.jpg,1,1,0.0036941008,0.99630594
/data/Zeyu/Pooling/cat_dog_data/test_set/test_set/cats/cat.4099.jpg,1,1,0.0002632097,0.9997367
/data/Zeyu/Pooling/cat_dog_data/test_set/test_set/cats/cat.4100.jpg,1,0,0.87370574,0.1262943
/data/Zeyu/Pooling/cat_dog_data/test_set/test_set/cats/cat.4101.jpg,1,0,0.99829715,0.001702823
/data/Zeyu/Pooling/cat_dog_data/test_set/test_set/cats/cat.4102.jpg,1,1,0.00042211518,0.99957794
/data/Zeyu/Pooling/cat_dog_data/test_set/test_set/cats/cat.4103.jpg,1,1,0.019439694,0.9805603
/data/Zeyu/Pooling/cat_dog_data/test_set/test_set/cats/cat.4104.jpg,1,1,0.21666223,0.7833378
/data/Zeyu/Pooling/cat_dog_data/test_set/test_set/cats/cat.4105.jpg,1,1,0.00030624922,0.99969375
/data/Zeyu/Pooling/cat_dog_data/test_set/test_set/cats/cat.4106.jpg,1,1,0.0018115573,0.99818844
/data/Zeyu/Pooling/cat_dog_data/test_set/test_set/cats/cat.4107.jpg,1,1,0.22565645,0.77434355
/data/Zeyu/Pooling/cat_dog_data/test_set/test_set/cats/cat.4108.jpg,1,0,0.5191138,0.48088622
/data/Zeyu/Pooling/cat_dog_data/test_set/test_set/cats/cat.4109.jpg,1,0,0.66804755,0.33195248
/data/Zeyu/Pooling/cat_dog_data/test_set/test_set/cats/cat.4110.jpg,1,1,0.00048149892,0.9995185
/data/Zeyu/Pooling/cat_dog_data/test_set/test_set/cats/cat.4111.jpg,1,1,0.00015512313,0.9998449
/data/Zeyu/Pooling/cat_dog_data/test_set/test_set/cats/cat.4112.jpg,1,1,0.00042834828,0.9995716
/data/Zeyu/Pooling/cat_dog_data/test_set/test_set/cats/cat.4113.jpg,1,0,0.7975714,0.2024286
/data/Zeyu/Pooling/cat_dog_data/test_set/test_set/cats/cat.4114.jpg,1,0,0.9991147,0.000885248
/data/Zeyu/Pooling/cat_dog_data/test_set/test_set/cats/cat.4115.jpg,1,1,0.1356969,0.8643031
/data/Zeyu/Pooling/cat_dog_data/test_set/test_set/cats/cat.4116.jpg,1,1,0.007793807,0.99220616
/data/Zeyu/Pooling/cat_dog_data/test_set/test_set/cats/cat.4117.jpg,1,1,0.007087413,0.9929126
/data/Zeyu/Pooling/cat_dog_data/test_set/test_set/cats/cat.4118.jpg,1,1,0.006925131,0.9930749
/data/Zeyu/Pooling/cat_dog_data/test_set/test_set/cats/cat.4119.jpg,1,1,1.177424e-05,0.9999882
/data/Zeyu/Pooling/cat_dog_data/test_set/test_set/cats/cat.4120.jpg,1,1,0.008904367,0.99109566
/data/Zeyu/Pooling/cat_dog_data/test_set/test_set/cats/cat.4121.jpg,1,0,0.68288285,0.31711712
/data/Zeyu/Pooling/cat_dog_data/test_set/test_set/cats/cat.4122.jpg,1,1,0.010096691,0.98990333
/data/Zeyu/Pooling/cat_dog_data/test_set/test_set/cats/cat.4123.jpg,1,1,9.2449e-14,1.0
/data/Zeyu/Pooling/cat_dog_data/test_set/test_set/cats/cat.4124.jpg,1,0,0.8713535,0.1286465
/data/Zeyu/Pooling/cat_dog_data/test_set/test_set/cats/cat.4125.jpg,1,1,1.6827296e-06,0.99999833
/data/Zeyu/Pooling/cat_dog_data/test_set/test_set/cats/cat.4126.jpg,1,1,0.33614802,0.66385204
/data/Zeyu/Pooling/cat_dog_data/test_set/test_set/cats/cat.4127.jpg,1,0,0.9999181,8.188222e-05
/data/Zeyu/Pooling/cat_dog_data/test_set/test_set/cats/cat.4128.jpg,1,1,0.1985687,0.8014313
/data/Zeyu/Pooling/cat_dog_data/test_set/test_set/cats/cat.4001.jpg,1,1,1.3450946e-06,0.9999987
/data/Zeyu/Pooling/cat_dog_data/test_set/test_set/cats/cat.4002.jpg,1,1,4.3112036e-06,0.9999957
/data/Zeyu/Pooling/cat_dog_data/test_set/test_set/cats/cat.4003.jpg,1,1,1.2298565e-08,1.0
/data/Zeyu/Pooling/cat_dog_data/test_set/test_set/cats/cat.4004.jpg,1,0,0.915665,0.08433506
/data/Zeyu/Pooling/cat_dog_data/test_set/test_set/cats/cat.4005.jpg,1,1,0.00018713891,0.9998129
/data/Zeyu/Pooling/cat_dog_data/test_set/test_set/cats/cat.4006.jpg,1,1,3.310315e-07,0.99999964
/data/Zeyu/Pooling/cat_dog_data/test_set/test_set/cats/cat.4007.jpg,1,1,0.0013279862,0.998672
/data/Zeyu/Pooling/cat_dog_data/test_set/test_set/cats/cat.4008.jpg,1,1,8.345929e-09,1.0
/data/Zeyu/Pooling/cat_dog_data/test_set/test_set/cats/cat.4009.jpg,1,0,0.60861206,0.39138794
/data/Zeyu/Pooling/cat_dog_data/test_set/test_set/cats/cat.4010.jpg,1,1,0.23055974,0.76944023
/data/Zeyu/Pooling/cat_dog_data/test_set/test_set/cats/cat.4011.jpg,1,1,0.24468051,0.7553195
/data/Zeyu/Pooling/cat_dog_data/test_set/test_set/cats/cat.4012.jpg,1,1,0.031474993,0.968525
/data/Zeyu/Pooling/cat_dog_data/test_set/test_set/cats/cat.4013.jpg,1,0,0.9932574,0.0067426036
/data/Zeyu/Pooling/cat_dog_data/test_set/test_set/cats/cat.4014.jpg,1,0,0.70789075,0.29210925
/data/Zeyu/Pooling/cat_dog_data/test_set/test_set/cats/cat.4015.jpg,1,0,0.9412599,0.058740087
/data/Zeyu/Pooling/cat_dog_data/test_set/test_set/cats/cat.4016.jpg,1,1,2.3288649e-11,1.0
/data/Zeyu/Pooling/cat_dog_data/test_set/test_set/cats/cat.4017.jpg,1,0,0.6677994,0.33220062
/data/Zeyu/Pooling/cat_dog_data/test_set/test_set/cats/cat.4018.jpg,1,1,0.13962512,0.8603749
/data/Zeyu/Pooling/cat_dog_data/test_set/test_set/cats/cat.4019.jpg,1,1,1.656117e-06,0.99999833
/data/Zeyu/Pooling/cat_dog_data/test_set/test_set/cats/cat.4020.jpg,1,0,0.8849765,0.1150235
/data/Zeyu/Pooling/cat_dog_data/test_set/test_set/cats/cat.4021.jpg,1,1,0.009204311,0.9907957
/data/Zeyu/Pooling/cat_dog_data/test_set/test_set/cats/cat.4022.jpg,1,1,0.00031770894,0.9996823
/data/Zeyu/Pooling/cat_dog_data/test_set/test_set/cats/cat.4023.jpg,1,1,0.0049613714,0.99503857
/data/Zeyu/Pooling/cat_dog_data/test_set/test_set/cats/cat.4024.jpg,1,1,2.3924674e-06,0.9999976
/data/Zeyu/Pooling/cat_dog_data/test_set/test_set/cats/cat.4025.jpg,1,1,0.00011767254,0.99988234
/data/Zeyu/Pooling/cat_dog_data/test_set/test_set/cats/cat.4026.jpg,1,1,0.0027052627,0.9972947
/data/Zeyu/Pooling/cat_dog_data/test_set/test_set/cats/cat.4027.jpg,1,1,1.6273781e-09,1.0
/data/Zeyu/Pooling/cat_dog_data/test_set/test_set/cats/cat.4028.jpg,1,1,3.202609e-05,0.99996793
/data/Zeyu/Pooling/cat_dog_data/test_set/test_set/cats/cat.4029.jpg,1,1,0.16548556,0.8345144
/data/Zeyu/Pooling/cat_dog_data/test_set/test_set/cats/cat.4030.jpg,1,1,0.011675059,0.988325
/data/Zeyu/Pooling/cat_dog_data/test_set/test_set/cats/cat.4031.jpg,1,1,0.0009981605,0.9990018
/data/Zeyu/Pooling/cat_dog_data/test_set/test_set/cats/cat.4032.jpg,1,0,0.6963964,0.3036021
/data/Zeyu/Pooling/cat_dog_data/test_set/test_set/cats/cat.4033.jpg,1,1,0.21562752,0.7843725
/data/Zeyu/Pooling/cat_dog_data/test_set/test_set/cats/cat.4034.jpg,1,1,0.03440605,0.96559393
/data/Zeyu/Pooling/cat_dog_data/test_set/test_set/cats/cat.4035.jpg,1,1,0.038178895,0.9618211
/data/Zeyu/Pooling/cat_dog_data/test_set/test_set/cats/cat.4036.jpg,1,0,0.88850015,0.11149984
/data/Zeyu/Pooling/cat_dog_data/test_set/test_set/cats/cat.4037.jpg,1,1,0.0013287676,0.9986713
/data/Zeyu/Pooling/cat_dog_data/test_set/test_set/cats/cat.4038.jpg,1,1,0.0013783992,0.9986216
/data/Zeyu/Pooling/cat_dog_data/test_set/test_set/cats/cat.4039.jpg,1,1,0.017469948,0.98253006
/data/Zeyu/Pooling/cat_dog_data/test_set/test_set/cats/cat.4040.jpg,1,1,0.01940706,0.98059297
/data/Zeyu/Pooling/cat_dog_data/test_set/test_set/cats/cat.4041.jpg,1,0,0.9952864,0.004713575
/data/Zeyu/Pooling/cat_dog_data/test_set/test_set/cats/cat.4042.jpg,1,1,0.011877104,0.9881229
/data/Zeyu/Pooling/cat_dog_data/test_set/test_set/cats/cat.4043.jpg,1,1,5.791704e-07,0.9999994
/data/Zeyu/Pooling/cat_dog_data/test_set/test_set/cats/cat.4044.jpg,1,0,0.88209873,0.117901295
/data/Zeyu/Pooling/cat_dog_data/test_set/test_set/cats/cat.4045.jpg,1,0,0.6550654,0.3449346
/data/Zeyu/Pooling/cat_dog_data/test_set/test_set/cats/cat.4046.jpg,1,1,0.068917185,0.9310828
/data/Zeyu/Pooling/cat_dog_data/test_set/test_set/cats/cat.4047.jpg,1,0,0.5222646,0.47773543
/data/Zeyu/Pooling/cat_dog_data/test_set/test_set/cats/cat.4048.jpg,1,1,0.0003168496,0.99968314
/data/Zeyu/Pooling/cat_dog_data/test_set/test_set/cats/cat.4049.jpg,1,0,0.6800003,0.31999952
/data/Zeyu/Pooling/cat_dog_data/test_set/test_set/cats/cat.4050.jpg,1,1,0.074317545,0.9256824
/data/Zeyu/Pooling/cat_dog_data/test_set/test_set/cats/cat.4051.jpg,1,1,1.1387007e-05,0.99998856
/data/Zeyu/Pooling/cat_dog_data/test_set/test_set/cats/cat.4052.jpg,1,1,0.006139101,0.99386084
/data/Zeyu/Pooling/cat_dog_data/test_set/test_set/cats/cat.4053.jpg,1,1,0.06367591,0.93632406
/data/Zeyu/Pooling/cat_dog_data/test_set/test_set/cats/cat.4054.jpg,1,1,0.4036337,0.5963663
/data/Zeyu/Pooling/cat_dog_data/test_set/test_set/cats/cat.4055.jpg,1,1,0.46199816,0.53800184
/data/Zeyu/Pooling/cat_dog_data/test_set/test_set/cats/cat.4056.jpg,1,1,0.07931066,0.92068934
/data/Zeyu/Pooling/cat_dog_data/test_set/test_set/cats/cat.4057.jpg,1,1,1.6900053e-06,0.99999833
/data/Zeyu/Pooling/cat_dog_data/test_set/test_set/cats/cat.4058.jpg,1,1,0.001951866,0.9980482
/data/Zeyu/Pooling/cat_dog_data/test_set/test_set/cats/cat.4059.jpg,1,0,0.9990669,0.00093313336
/data/Zeyu/Pooling/cat_dog_data/test_set/test_set/cats/cat.4060.jpg,1,1,0.21266924,0.7873308
/data/Zeyu/Pooling/cat_dog_data/test_set/test_set/cats/cat.4061.jpg,1,1,2.8001197e-05,0.999972
/data/Zeyu/Pooling/cat_dog_data/test_set/test_set/cats/cat.4062.jpg,1,1,0.020217143,0.9797829
/data/Zeyu/Pooling/cat_dog_data/test_set/test_set/cats/cat.4063.jpg,1,1,0.0007488479,0.9992512
/data/Zeyu/Pooling/cat_dog_data/test_set/test_set/cats/cat.4064.jpg,1,0,0.90840954,0.09159041
/data/Zeyu/Pooling/cat_dog_data/test_set/test_set/cats/cat.4065.jpg,1,1,3.1960396e-06,0.9999968
/data/Zeyu/Pooling/cat_dog_data/test_set/test_set/cats/cat.4066.jpg,1,1,0.29560578,0.7043942
/data/Zeyu/Pooling/cat_dog_data/test_set/test_set/cats/cat.4067.jpg,1,1,0.00022781514,0.99977225
/data/Zeyu/Pooling/cat_dog_data/test_set/test_set/cats/cat.4068.jpg,1,1,0.3860449,0.6139551
/data/Zeyu/Pooling/cat_dog_data/test_set/test_set/cats/cat.4069.jpg,1,0,0.9999964,3.5760427e-06
/data/Zeyu/Pooling/cat_dog_data/test_set/test_set/cats/cat.4070.jpg,1,0,0.7291984,0.27080163
/data/Zeyu/Pooling/cat_dog_data/test_set/test_set/cats/cat.4071.jpg,1,1,0.17458846,0.82541156
/data/Zeyu/Pooling/cat_dog_data/test_set/test_set/cats/cat.4072.jpg,1,1,1.0435909e-11,1.0
/data/Zeyu/Pooling/cat_dog_data/test_set/test_set/cats/cat.4073.jpg,1,1,3.6781853e-07,0.99999964
/data/Zeyu/Pooling/cat_dog_data/test_set/test_set/cats/cat.4074.jpg,1,0,0.9895592,0.0104407845
/data/Zeyu/Pooling/cat_dog_data/test_set/test_set/cats/cat.4075.jpg,1,1,0.37160188,0.6283978
/data/Zeyu/Pooling/cat_dog_data/test_set/test_set/cats/cat.4076.jpg,1,1,9.924035e-08,0.9999999
/data/Zeyu/Pooling/cat_dog_data/test_set/test_set/cats/cat.4077.jpg,1,1,0.19190887,0.8080911
/data/Zeyu/Pooling/cat_dog_data/test_set/test_set/cats/cat.4078.jpg,1,1,0.0021709402,0.997829
/data/Zeyu/Pooling/cat_dog_data/test_set/test_set/cats/cat.4079.jpg,1,0,0.7585191,0.24148086
/data/Zeyu/Pooling/cat_dog_data/test_set/test_set/cats/cat.4080.jpg,1,1,3.099006e-05,0.999969
/data/Zeyu/Pooling/cat_dog_data/test_set/test_set/cats/cat.4081.jpg,1,1,0.0006497561,0.99935025
/data/Zeyu/Pooling/cat_dog_data/test_set/test_set/cats/cat.4082.jpg,1,0,0.8657054,0.13429466
/data/Zeyu/Pooling/cat_dog_data/test_set/test_set/cats/cat.4083.jpg,1,1,0.0020084402,0.99799156
/data/Zeyu/Pooling/cat_dog_data/test_set/test_set/cats/cat.4084.jpg,1,1,0.027907817,0.97209215
/data/Zeyu/Pooling/cat_dog_data/test_set/test_set/cats/cat.4085.jpg,1,0,0.935188,0.06481202
/data/Zeyu/Pooling/cat_dog_data/test_set/test_set/cats/cat.4086.jpg,1,0,0.91387475,0.08612522
/data/Zeyu/Pooling/cat_dog_data/test_set/test_set/cats/cat.4087.jpg,1,1,5.85703e-06,0.99999416
/data/Zeyu/Pooling/cat_dog_data/test_set/test_set/cats/cat.4088.jpg,1,1,0.00016463743,0.9998354
/data/Zeyu/Pooling/cat_dog_data/test_set/test_set/cats/cat.4089.jpg,1,1,0.0073703066,0.99262965
/data/Zeyu/Pooling/cat_dog_data/test_set/test_set/cats/cat.4090.jpg,1,0,0.99999976,2.2036905e-07
/data/Zeyu/Pooling/cat_dog_data/test_set/test_set/cats/cat.4091.jpg,1,1,0.006194499,0.9938055
/data/Zeyu/Pooling/cat_dog_data/test_set/test_set/cats/cat.4092.jpg,1,1,0.022438554,0.9775614
/data/Zeyu/Pooling/cat_dog_data/test_set/test_set/cats/cat.4093.jpg,1,1,0.009450983,0.990549
/data/Zeyu/Pooling/cat_dog_data/test_set/test_set/cats/cat.4094.jpg,1,0,0.88056755,0.11943245
/data/Zeyu/Pooling/cat_dog_data/test_set/test_set/cats/cat.4095.jpg,1,0,0.7336628,0.26633716
/data/Zeyu/Pooling/cat_dog_data/test_set/test_set/cats/cat.4096.jpg,1,1,0.0027594785,0.99724054
/data/Zeyu/Pooling/cat_dog_data/test_set/test_set/cats/cat.4097.jpg,1,1,8.448446e-06,0.99999154
/data/Zeyu/Pooling/cat_dog_data/test_set/test_set/cats/cat.4098.jpg,1,0,0.9602185,0.039781477
/data/Zeyu/Pooling/cat_dog_data/test_set/test_set/cats/cat.4099.jpg,1,0,0.9167468,0.08325321
/data/Zeyu/Pooling/cat_dog_data/test_set/test_set/cats/cat.4100.jpg,1,1,0.12036246,0.87963754
/data/Zeyu/Pooling/cat_dog_data/test_set/test_set/cats/cat.4101.jpg,1,0,0.9973781,0.0026219608
/data/Zeyu/Pooling/cat_dog_data/test_set/test_set/cats/cat.4102.jpg,1,0,0.93604124,0.063958436
/data/Zeyu/Pooling/cat_dog_data/test_set/test_set/cats/cat.4103.jpg,1,0,0.97790945,0.022090603
/data/Zeyu/Pooling/cat_dog_data/test_set/test_set/cats/cat.4104.jpg,1,1,0.03894063,0.9610594
/data/Zeyu/Pooling/cat_dog_data/test_set/test_set/cats/cat.4105.jpg,1,0,0.7947524,0.20524716
/data/Zeyu/Pooling/cat_dog_data/test_set/test_set/cats/cat.4106.jpg,1,1,1.8765686e-06,0.9999981
/data/Zeyu/Pooling/cat_dog_data/test_set/test_set/cats/cat.4107.jpg,1,0,0.96160233,0.038397633
/data/Zeyu/Pooling/cat_dog_data/test_set/test_set/cats/cat.4108.jpg,1,1,0.0039027114,0.99609727
/data/Zeyu/Pooling/cat_dog_data/test_set/test_set/cats/cat.4109.jpg,1,1,0.0039027114,0.99609727
/data/Zeyu/Pooling/cat_dog_data/test_set/test_set/cats/cat.4110.jpg,1,1,0.000766821,0.99923325
/data/Zeyu/Pooling/cat_dog_data/test_set/test_set/cats/cat.4111.jpg,1,1,0.0021658663,0.99783415
/data/Zeyu/Pooling/cat_dog_data/test_set/test_set/cats/cat.4112.jpg,1,0,0.9999558,4.4215958e-05
/data/Zeyu/Pooling/cat_dog_data/test_set/test_set/cats/cat.4113.jpg,1,1,0.0043751546,0.99562484
/data/Zeyu/Pooling/cat_dog_data/test_set/test_set/cats/cat.4114.jpg,1,1,0.0032167197,0.99678326
/data/Zeyu/Pooling/cat_dog_data/test_set/test_set/cats/cat.4115.jpg,1,1,0.00023952099,0.99976045
/data/Zeyu/Pooling/cat_dog_data/test_set/test_set/cats/cat.4116.jpg,1,0,0.6620314,0.33796856
/data/Zeyu/Pooling/cat_dog_data/test_set/test_set/cats/cat.4117.jpg,1,1,0.46590716,0.5340928
/data/Zeyu/Pooling/cat_dog_data/test_set/test_set/cats/cat.4118.jpg,1,1,0.00029203529,0.999708
/data/Zeyu/Pooling/cat_dog_data/test_set/test_set/cats/cat.4119.jpg,1,1,0.2072517,0.7927483
/data/Zeyu/Pooling/cat_dog_data/test_set/test_set/cats/cat.4120.jpg,1,1,0.35100034,0.6489989
/data/Zeyu/Pooling/cat_dog_data/test_set/test_set/cats/cat.4121.jpg,1,1,4.140736e-05,0.99995863
/data/Zeyu/Pooling/cat_dog_data/test_set/test_set/cats/cat.4122.jpg,1,0,0.9093548,0.09064453
/data/Zeyu/Pooling/cat_dog_data/test_set/test_set/cats/cat.4123.jpg,1,0,0.87795323,0.12204679
/data/Zeyu/Pooling/cat_dog_data/test_set/test_set/cats/cat.4124.jpg,1,0,0.9955519,0.0044480646
/data/Zeyu/Pooling/cat_dog_data/test_set/test_set/cats/cat.4125.jpg,1,1,0.0016982624,0.99830174
/data/Zeyu/Pooling/cat_dog_data/test_set/test_set/cats/cat.4126.jpg,1,1,0.0043368195,0.9956632
/data/Zeyu/Pooling/cat_dog_data/test_set/test_set/cats/cat.4127.jpg,1,1,0.23716901,0.762831
/data/Zeyu/Pooling/cat_dog_data/test_set/test_set/cats/cat.4128.jpg,1,1,0.0050516347,0.9949484
/data/Zeyu/Pooling/cat_dog_data/test_set/test_set/cats/cat.4001.jpg,1,0,0.94028395,0.05971598
/data/Zeyu/Pooling/cat_dog_data/test_set/test_set/cats/cat.4002.jpg,1,0,0.9104266,0.08957251
/data/Zeyu/Pooling/cat_dog_data/test_set/test_set/cats/cat.4003.jpg,1,1,0.0022958412,0.9977042
/data/Zeyu/Pooling/cat_dog_data/test_set/test_set/cats/cat.4004.jpg,1,1,0.0054185134,0.9945815
/data/Zeyu/Pooling/cat_dog_data/test_set/test_set/cats/cat.4005.jpg,1,1,0.06788373,0.9321162
/data/Zeyu/Pooling/cat_dog_data/test_set/test_set/cats/cat.4006.jpg,1,1,0.029325988,0.970674
/data/Zeyu/Pooling/cat_dog_data/test_set/test_set/cats/cat.4007.jpg,1,1,0.0051540188,0.994846
/data/Zeyu/Pooling/cat_dog_data/test_set/test_set/cats/cat.4008.jpg,1,0,0.9999994,5.5805083e-07
/data/Zeyu/Pooling/cat_dog_data/test_set/test_set/cats/cat.4009.jpg,1,1,0.083751425,0.9162486
/data/Zeyu/Pooling/cat_dog_data/test_set/test_set/cats/cat.4010.jpg,1,1,0.0016394337,0.9983606
/data/Zeyu/Pooling/cat_dog_data/test_set/test_set/cats/cat.4011.jpg,1,1,4.0025172e-10,1.0
/data/Zeyu/Pooling/cat_dog_data/test_set/test_set/cats/cat.4012.jpg,1,0,0.68187225,0.31812778
/data/Zeyu/Pooling/cat_dog_data/test_set/test_set/cats/cat.4013.jpg,1,0,0.94468296,0.055317
/data/Zeyu/Pooling/cat_dog_data/test_set/test_set/cats/cat.4014.jpg,1,1,0.010879907,0.9891201
/data/Zeyu/Pooling/cat_dog_data/test_set/test_set/cats/cat.4015.jpg,1,1,0.00063255115,0.9993674
/data/Zeyu/Pooling/cat_dog_data/test_set/test_set/cats/cat.4016.jpg,1,0,0.9658452,0.034154832
/data/Zeyu/Pooling/cat_dog_data/test_set/test_set/cats/cat.4017.jpg,1,1,0.12040677,0.87959325
/data/Zeyu/Pooling/cat_dog_data/test_set/test_set/cats/cat.4018.jpg,1,1,0.0003829058,0.9996171
/data/Zeyu/Pooling/cat_dog_data/test_set/test_set/cats/cat.4019.jpg,1,1,0.23471649,0.7652835
/data/Zeyu/Pooling/cat_dog_data/test_set/test_set/cats/cat.4020.jpg,1,1,0.0447944,0.9552056
/data/Zeyu/Pooling/cat_dog_data/test_set/test_set/cats/cat.4021.jpg,1,1,0.3032105,0.69678944
/data/Zeyu/Pooling/cat_dog_data/test_set/test_set/cats/cat.4022.jpg,1,1,0.08756236,0.9124377
/data/Zeyu/Pooling/cat_dog_data/test_set/test_set/cats/cat.4023.jpg,1,1,0.0018510065,0.99814904
/data/Zeyu/Pooling/cat_dog_data/test_set/test_set/cats/cat.4024.jpg,1,0,0.97555,0.02444995
/data/Zeyu/Pooling/cat_dog_data/test_set/test_set/cats/cat.4025.jpg,1,1,0.17620367,0.8237964
/data/Zeyu/Pooling/cat_dog_data/test_set/test_set/cats/cat.4026.jpg,1,1,3.2712853e-06,0.9999968
/data/Zeyu/Pooling/cat_dog_data/test_set/test_set/cats/cat.4027.jpg,1,1,0.23945147,0.76054853
/data/Zeyu/Pooling/cat_dog_data/test_set/test_set/cats/cat.4028.jpg,1,1,0.005031137,0.99496883
/data/Zeyu/Pooling/cat_dog_data/test_set/test_set/cats/cat.4029.jpg,1,0,0.8182995,0.1817005
/data/Zeyu/Pooling/cat_dog_data/test_set/test_set/cats/cat.4030.jpg,1,1,0.024570987,0.97542906
/data/Zeyu/Pooling/cat_dog_data/test_set/test_set/cats/cat.4031.jpg,1,1,0.4536999,0.5463001
/data/Zeyu/Pooling/cat_dog_data/test_set/test_set/cats/cat.4032.jpg,1,1,0.0020256445,0.99797434
/data/Zeyu/Pooling/cat_dog_data/test_set/test_set/cats/cat.4033.jpg,1,1,0.00018207019,0.9998179
/data/Zeyu/Pooling/cat_dog_data/test_set/test_set/cats/cat.4034.jpg,1,1,0.32480323,0.67519677
/data/Zeyu/Pooling/cat_dog_data/test_set/test_set/cats/cat.4035.jpg,1,0,0.9941117,0.0058882907
/data/Zeyu/Pooling/cat_dog_data/test_set/test_set/cats/cat.4036.jpg,1,1,0.24614057,0.75385946
/data/Zeyu/Pooling/cat_dog_data/test_set/test_set/cats/cat.4037.jpg,1,1,0.0011549131,0.9988451
/data/Zeyu/Pooling/cat_dog_data/test_set/test_set/cats/cat.4038.jpg,1,1,0.0011549131,0.9988451
/data/Zeyu/Pooling/cat_dog_data/test_set/test_set/cats/cat.4039.jpg,1,1,0.028047264,0.97195274
/data/Zeyu/Pooling/cat_dog_data/test_set/test_set/cats/cat.4040.jpg,1,0,0.68538237,0.31461766
/data/Zeyu/Pooling/cat_dog_data/test_set/test_set/cats/cat.4041.jpg,1,1,0.09586526,0.9041347
/data/Zeyu/Pooling/cat_dog_data/test_set/test_set/cats/cat.4042.jpg,1,1,0.099568546,0.9004315
/data/Zeyu/Pooling/cat_dog_data/test_set/test_set/cats/cat.4043.jpg,1,1,0.0041767107,0.99582326
/data/Zeyu/Pooling/cat_dog_data/test_set/test_set/cats/cat.4044.jpg,1,1,0.37433523,0.6256648
/data/Zeyu/Pooling/cat_dog_data/test_set/test_set/cats/cat.4045.jpg,1,1,0.018745309,0.9812547
/data/Zeyu/Pooling/cat_dog_data/test_set/test_set/cats/cat.4046.jpg,1,1,2.881829e-09,1.0
/data/Zeyu/Pooling/cat_dog_data/test_set/test_set/cats/cat.4047.jpg,1,1,0.062236376,0.93776363
/data/Zeyu/Pooling/cat_dog_data/test_set/test_set/cats/cat.4048.jpg,1,1,0.03085021,0.9691498
/data/Zeyu/Pooling/cat_dog_data/test_set/test_set/cats/cat.4049.jpg,1,1,0.1793157,0.8206843
/data/Zeyu/Pooling/cat_dog_data/test_set/test_set/cats/cat.4050.jpg,1,1,0.0014476087,0.9985524
/data/Zeyu/Pooling/cat_dog_data/test_set/test_set/cats/cat.4051.jpg,1,1,0.1334646,0.8665354
/data/Zeyu/Pooling/cat_dog_data/test_set/test_set/cats/cat.4052.jpg,1,1,9.119582e-08,0.9999999
/data/Zeyu/Pooling/cat_dog_data/test_set/test_set/cats/cat.4053.jpg,1,1,0.059935186,0.9400648
/data/Zeyu/Pooling/cat_dog_data/test_set/test_set/cats/cat.4054.jpg,1,1,0.00012765177,0.9998723
/data/Zeyu/Pooling/cat_dog_data/test_set/test_set/cats/cat.4055.jpg,1,1,0.05543569,0.94456434
/data/Zeyu/Pooling/cat_dog_data/test_set/test_set/cats/cat.4056.jpg,1,1,0.009240339,0.9907596
/data/Zeyu/Pooling/cat_dog_data/test_set/test_set/cats/cat.4057.jpg,1,0,0.7165274,0.28347257
/data/Zeyu/Pooling/cat_dog_data/test_set/test_set/cats/cat.4058.jpg,1,1,0.00011633726,0.99988365
/data/Zeyu/Pooling/cat_dog_data/test_set/test_set/cats/cat.4059.jpg,1,1,0.0014898593,0.9985102
/data/Zeyu/Pooling/cat_dog_data/test_set/test_set/cats/cat.4060.jpg,1,1,0.03633532,0.9636647
/data/Zeyu/Pooling/cat_dog_data/test_set/test_set/cats/cat.4061.jpg,1,1,0.24230082,0.7576992
/data/Zeyu/Pooling/cat_dog_data/test_set/test_set/cats/cat.4062.jpg,1,1,0.00025847522,0.9997415
/data/Zeyu/Pooling/cat_dog_data/test_set/test_set/cats/cat.4063.jpg,1,0,0.77226776,0.22773221
/data/Zeyu/Pooling/cat_dog_data/test_set/test_set/cats/cat.4064.jpg,1,1,0.00392051,0.9960795
/data/Zeyu/Pooling/cat_dog_data/test_set/test_set/cats/cat.4065.jpg,1,0,0.9265124,0.073487625
/data/Zeyu/Pooling/cat_dog_data/test_set/test_set/cats/cat.4066.jpg,1,1,4.5778775e-06,0.99999547
/data/Zeyu/Pooling/cat_dog_data/test_set/test_set/cats/cat.4067.jpg,1,1,0.0046133325,0.99538666
/data/Zeyu/Pooling/cat_dog_data/test_set/test_set/cats/cat.4068.jpg,1,1,1.5142366e-07,0.9999999
/data/Zeyu/Pooling/cat_dog_data/test_set/test_set/cats/cat.4069.jpg,1,1,5.7250185e-05,0.9999428
/data/Zeyu/Pooling/cat_dog_data/test_set/test_set/cats/cat.4070.jpg,1,1,0.32705322,0.67294675
/data/Zeyu/Pooling/cat_dog_data/test_set/test_set/cats/cat.4071.jpg,1,1,1.6583532e-05,0.99998343
/data/Zeyu/Pooling/cat_dog_data/test_set/test_set/cats/cat.4072.jpg,1,0,0.5032368,0.49676323
/data/Zeyu/Pooling/cat_dog_data/test_set/test_set/cats/cat.4073.jpg,1,1,0.33031958,0.66968036
/data/Zeyu/Pooling/cat_dog_data/test_set/test_set/cats/cat.4074.jpg,1,1,0.1520553,0.8479447
/data/Zeyu/Pooling/cat_dog_data/test_set/test_set/cats/cat.4075.jpg,1,0,0.9356014,0.06439854
/data/Zeyu/Pooling/cat_dog_data/test_set/test_set/cats/cat.4076.jpg,1,1,9.347024e-07,0.99999905
/data/Zeyu/Pooling/cat_dog_data/test_set/test_set/cats/cat.4077.jpg,1,0,0.99740285,0.0025971024
/data/Zeyu/Pooling/cat_dog_data/test_set/test_set/cats/cat.4078.jpg,1,1,0.009749534,0.99025047
/data/Zeyu/Pooling/cat_dog_data/test_set/test_set/cats/cat.4079.jpg,1,1,0.01016247,0.9898375
/data/Zeyu/Pooling/cat_dog_data/test_set/test_set/cats/cat.4080.jpg,1,1,0.09778763,0.9022123
/data/Zeyu/Pooling/cat_dog_data/test_set/test_set/cats/cat.4081.jpg,1,1,0.29785922,0.7021408
/data/Zeyu/Pooling/cat_dog_data/test_set/test_set/cats/cat.4082.jpg,1,1,0.031253055,0.9687469
/data/Zeyu/Pooling/cat_dog_data/test_set/test_set/cats/cat.4083.jpg,1,1,0.34940112,0.65059876
/data/Zeyu/Pooling/cat_dog_data/test_set/test_set/cats/cat.4084.jpg,1,1,0.0003734665,0.9996265
/data/Zeyu/Pooling/cat_dog_data/test_set/test_set/cats/cat.4085.jpg,1,0,0.9873518,0.012648224
/data/Zeyu/Pooling/cat_dog_data/test_set/test_set/cats/cat.4086.jpg,1,1,0.0029201254,0.9970798
/data/Zeyu/Pooling/cat_dog_data/test_set/test_set/cats/cat.4087.jpg,1,1,0.009108807,0.99089116
/data/Zeyu/Pooling/cat_dog_data/test_set/test_set/cats/cat.4088.jpg,1,1,0.002259587,0.9977404
/data/Zeyu/Pooling/cat_dog_data/test_set/test_set/cats/cat.4089.jpg,1,1,2.917066e-05,0.9999708
/data/Zeyu/Pooling/cat_dog_data/test_set/test_set/cats/cat.4090.jpg,1,1,0.00028599333,0.99971396
/data/Zeyu/Pooling/cat_dog_data/test_set/test_set/cats/cat.4091.jpg,1,1,0.032140184,0.96785975
/data/Zeyu/Pooling/cat_dog_data/test_set/test_set/cats/cat.4092.jpg,1,1,0.014266939,0.98573303
/data/Zeyu/Pooling/cat_dog_data/test_set/test_set/cats/cat.4093.jpg,1,1,0.011815604,0.98818433
/data/Zeyu/Pooling/cat_dog_data/test_set/test_set/cats/cat.4094.jpg,1,1,0.18502745,0.8149726
/data/Zeyu/Pooling/cat_dog_data/test_set/test_set/cats/cat.4095.jpg,1,1,0.39579684,0.60420316
/data/Zeyu/Pooling/cat_dog_data/test_set/test_set/cats/cat.4096.jpg,1,1,0.09112425,0.90887576
/data/Zeyu/Pooling/cat_dog_data/test_set/test_set/cats/cat.4097.jpg,1,1,0.0027586205,0.9972414
/data/Zeyu/Pooling/cat_dog_data/test_set/test_set/cats/cat.4098.jpg,1,1,0.0048318855,0.9951681
/data/Zeyu/Pooling/cat_dog_data/test_set/test_set/cats/cat.4099.jpg,1,0,0.9260333,0.073966675
/data/Zeyu/Pooling/cat_dog_data/test_set/test_set/cats/cat.4100.jpg,1,1,0.17940447,0.82059556
/data/Zeyu/Pooling/cat_dog_data/test_set/test_set/cats/cat.4101.jpg,1,1,1.6725512e-07,0.9999999
/data/Zeyu/Pooling/cat_dog_data/test_set/test_set/cats/cat.4102.jpg,1,1,1.1751741e-09,1.0
/data/Zeyu/Pooling/cat_dog_data/test_set/test_set/cats/cat.4103.jpg,1,0,0.9809864,0.019013612
/data/Zeyu/Pooling/cat_dog_data/test_set/test_set/cats/cat.4104.jpg,1,1,0.005573521,0.9944265
/data/Zeyu/Pooling/cat_dog_data/test_set/test_set/cats/cat.4105.jpg,1,1,0.16875084,0.8312491
/data/Zeyu/Pooling/cat_dog_data/test_set/test_set/cats/cat.4106.jpg,1,0,0.913732,0.086267956
/data/Zeyu/Pooling/cat_dog_data/test_set/test_set/cats/cat.4107.jpg,1,1,0.022528127,0.9774719
/data/Zeyu/Pooling/cat_dog_data/test_set/test_set/cats/cat.4108.jpg,1,0,0.7317298,0.26827022
/data/Zeyu/Pooling/cat_dog_data/test_set/test_set/cats/cat.4109.jpg,1,1,0.0024675406,0.9975325
/data/Zeyu/Pooling/cat_dog_data/test_set/test_set/cats/cat.4110.jpg,1,1,0.0023653836,0.99763465
/data/Zeyu/Pooling/cat_dog_data/test_set/test_set/cats/cat.4111.jpg,1,0,0.9999831,1.6890734e-05
/data/Zeyu/Pooling/cat_dog_data/test_set/test_set/cats/cat.4112.jpg,1,1,0.0029219366,0.99707806
/data/Zeyu/Pooling/cat_dog_data/test_set/test_set/cats/cat.4113.jpg,1,1,0.00010229,0.9998977
/data/Zeyu/Pooling/cat_dog_data/test_set/test_set/cats/cat.4114.jpg,1,1,0.18791388,0.8120861
/data/Zeyu/Pooling/cat_dog_data/test_set/test_set/cats/cat.4115.jpg,1,1,0.038918458,0.96108156
/data/Zeyu/Pooling/cat_dog_data/test_set/test_set/cats/cat.4116.jpg,1,0,0.9996457,0.00035423704
/data/Zeyu/Pooling/cat_dog_data/test_set/test_set/cats/cat.4117.jpg,1,1,0.10113285,0.8988672
/data/Zeyu/Pooling/cat_dog_data/test_set/test_set/cats/cat.4118.jpg,1,1,0.006115673,0.99388427
/data/Zeyu/Pooling/cat_dog_data/test_set/test_set/cats/cat.4119.jpg,1,0,0.95487505,0.045124896
/data/Zeyu/Pooling/cat_dog_data/test_set/test_set/cats/cat.4120.jpg,1,1,4.6279015e-06,0.99999535
/data/Zeyu/Pooling/cat_dog_data/test_set/test_set/cats/cat.4121.jpg,1,0,0.6577257,0.3422743
/data/Zeyu/Pooling/cat_dog_data/test_set/test_set/cats/cat.4122.jpg,1,0,0.90431726,0.09568271
/data/Zeyu/Pooling/cat_dog_data/test_set/test_set/cats/cat.4123.jpg,1,1,1.4033023e-07,0.9999999
/data/Zeyu/Pooling/cat_dog_data/test_set/test_set/cats/cat.4124.jpg,1,1,0.1359719,0.8640281
/data/Zeyu/Pooling/cat_dog_data/test_set/test_set/cats/cat.4125.jpg,1,1,0.014686111,0.9853139
/data/Zeyu/Pooling/cat_dog_data/test_set/test_set/cats/cat.4126.jpg,1,0,0.8209932,0.17900679
/data/Zeyu/Pooling/cat_dog_data/test_set/test_set/cats/cat.4127.jpg,1,1,1.4990241e-05,0.999985
/data/Zeyu/Pooling/cat_dog_data/test_set/test_set/cats/cat.4128.jpg,1,1,0.000116003495,0.999884
/data/Zeyu/Pooling/cat_dog_data/test_set/test_set/cats/cat.4001.jpg,1,1,0.1501097,0.84989035
/data/Zeyu/Pooling/cat_dog_data/test_set/test_set/cats/cat.4002.jpg,1,0,0.99988496,0.000115081
/data/Zeyu/Pooling/cat_dog_data/test_set/test_set/cats/cat.4003.jpg,1,1,0.4900465,0.5099535
/data/Zeyu/Pooling/cat_dog_data/test_set/test_set/cats/cat.4004.jpg,1,1,0.058815982,0.94118404
/data/Zeyu/Pooling/cat_dog_data/test_set/test_set/cats/cat.4005.jpg,1,1,0.029683374,0.9703166
/data/Zeyu/Pooling/cat_dog_data/test_set/test_set/cats/cat.4006.jpg,1,1,0.0043218513,0.9956781
/data/Zeyu/Pooling/cat_dog_data/test_set/test_set/cats/cat.4007.jpg,1,1,0.016234636,0.9837654
/data/Zeyu/Pooling/cat_dog_data/test_set/test_set/cats/cat.4008.jpg,1,1,0.29847503,0.701525
/data/Zeyu/Pooling/cat_dog_data/test_set/test_set/cats/cat.4009.jpg,1,0,0.9647369,0.03526318
/data/Zeyu/Pooling/cat_dog_data/test_set/test_set/cats/cat.4010.jpg,1,1,0.17577124,0.82422876
/data/Zeyu/Pooling/cat_dog_data/test_set/test_set/cats/cat.4011.jpg,1,1,1.2544981e-06,0.9999987
/data/Zeyu/Pooling/cat_dog_data/test_set/test_set/cats/cat.4012.jpg,1,1,4.991215e-05,0.99995005
/data/Zeyu/Pooling/cat_dog_data/test_set/test_set/cats/cat.4013.jpg,1,1,0.0011896262,0.9988104
/data/Zeyu/Pooling/cat_dog_data/test_set/test_set/cats/cat.4014.jpg,1,1,0.21017699,0.78982306
/data/Zeyu/Pooling/cat_dog_data/test_set/test_set/cats/cat.4015.jpg,1,0,0.53755254,0.46244752
/data/Zeyu/Pooling/cat_dog_data/test_set/test_set/cats/cat.4016.jpg,1,0,0.98733985,0.012660169
/data/Zeyu/Pooling/cat_dog_data/test_set/test_set/cats/cat.4017.jpg,1,1,0.00027288575,0.9997271
/data/Zeyu/Pooling/cat_dog_data/test_set/test_set/cats/cat.4018.jpg,1,0,0.7486966,0.25130337
/data/Zeyu/Pooling/cat_dog_data/test_set/test_set/cats/cat.4019.jpg,1,1,0.0021642498,0.9978358
/data/Zeyu/Pooling/cat_dog_data/test_set/test_set/cats/cat.4020.jpg,1,1,2.0013892e-06,0.999998
/data/Zeyu/Pooling/cat_dog_data/test_set/test_set/cats/cat.4021.jpg,1,1,0.00011341279,0.99988663
/data/Zeyu/Pooling/cat_dog_data/test_set/test_set/cats/cat.4022.jpg,1,1,2.8798095e-05,0.99997115
/data/Zeyu/Pooling/cat_dog_data/test_set/test_set/cats/cat.4023.jpg,1,1,0.14843154,0.8515685
/data/Zeyu/Pooling/cat_dog_data/test_set/test_set/cats/cat.4024.jpg,1,1,0.02203514,0.9779649
/data/Zeyu/Pooling/cat_dog_data/test_set/test_set/cats/cat.4025.jpg,1,1,0.2793611,0.72063893
/data/Zeyu/Pooling/cat_dog_data/test_set/test_set/cats/cat.4026.jpg,1,1,0.13593362,0.8640664
/data/Zeyu/Pooling/cat_dog_data/test_set/test_set/cats/cat.4027.jpg,1,1,0.15821773,0.8417823
/data/Zeyu/Pooling/cat_dog_data/test_set/test_set/cats/cat.4028.jpg,1,1,0.139073,0.860927
/data/Zeyu/Pooling/cat_dog_data/test_set/test_set/cats/cat.4029.jpg,1,1,0.04412522,0.9558748
/data/Zeyu/Pooling/cat_dog_data/test_set/test_set/cats/cat.4030.jpg,1,1,0.1803069,0.8196931
/data/Zeyu/Pooling/cat_dog_data/test_set/test_set/cats/cat.4031.jpg,1,0,0.91512775,0.084872216
/data/Zeyu/Pooling/cat_dog_data/test_set/test_set/cats/cat.4032.jpg,1,1,0.09732792,0.90267205
/data/Zeyu/Pooling/cat_dog_data/test_set/test_set/cats/cat.4033.jpg,1,0,0.9911032,0.008896884
/data/Zeyu/Pooling/cat_dog_data/test_set/test_set/cats/cat.4034.jpg,1,0,0.983085,0.01691503
/data/Zeyu/Pooling/cat_dog_data/test_set/test_set/cats/cat.4035.jpg,1,1,0.0036569145,0.9963431
/data/Zeyu/Pooling/cat_dog_data/test_set/test_set/cats/cat.4036.jpg,1,1,0.005596266,0.9944037
/data/Zeyu/Pooling/cat_dog_data/test_set/test_set/cats/cat.4037.jpg,1,1,3.2104563e-05,0.99996793
/data/Zeyu/Pooling/cat_dog_data/test_set/test_set/cats/cat.4038.jpg,1,0,0.996412,0.0035879961
/data/Zeyu/Pooling/cat_dog_data/test_set/test_set/cats/cat.4039.jpg,1,1,0.0047289752,0.995271
/data/Zeyu/Pooling/cat_dog_data/test_set/test_set/cats/cat.4040.jpg,1,1,3.7941547e-07,0.99999964
/data/Zeyu/Pooling/cat_dog_data/test_set/test_set/cats/cat.4041.jpg,1,0,0.9853441,0.014655872
/data/Zeyu/Pooling/cat_dog_data/test_set/test_set/cats/cat.4042.jpg,1,1,0.0016111619,0.9983889
/data/Zeyu/Pooling/cat_dog_data/test_set/test_set/cats/cat.4043.jpg,1,1,3.2592203e-07,0.99999964
/data/Zeyu/Pooling/cat_dog_data/test_set/test_set/cats/cat.4044.jpg,1,1,0.34907237,0.6509276
/data/Zeyu/Pooling/cat_dog_data/test_set/test_set/cats/cat.4045.jpg,1,1,0.34907237,0.6509276
/data/Zeyu/Pooling/cat_dog_data/test_set/test_set/cats/cat.4046.jpg,1,1,0.32446182,0.67553824
/data/Zeyu/Pooling/cat_dog_data/test_set/test_set/cats/cat.4047.jpg,1,0,0.52197134,0.4780286
/data/Zeyu/Pooling/cat_dog_data/test_set/test_set/cats/cat.4048.jpg,1,1,0.00061245397,0.9993875
/data/Zeyu/Pooling/cat_dog_data/test_set/test_set/cats/cat.4049.jpg,1,1,0.024226202,0.97577375
/data/Zeyu/Pooling/cat_dog_data/test_set/test_set/cats/cat.4050.jpg,1,1,4.861116e-08,1.0
/data/Zeyu/Pooling/cat_dog_data/test_set/test_set/cats/cat.4051.jpg,1,1,0.02537808,0.97462195
/data/Zeyu/Pooling/cat_dog_data/test_set/test_set/cats/cat.4052.jpg,1,1,0.03329605,0.9667039
/data/Zeyu/Pooling/cat_dog_data/test_set/test_set/cats/cat.4053.jpg,1,1,0.15764236,0.8423576
/data/Zeyu/Pooling/cat_dog_data/test_set/test_set/cats/cat.4054.jpg,1,1,0.014438336,0.98556167
/data/Zeyu/Pooling/cat_dog_data/test_set/test_set/cats/cat.4055.jpg,1,1,0.20580888,0.7941911
/data/Zeyu/Pooling/cat_dog_data/test_set/test_set/cats/cat.4056.jpg,1,1,0.059846587,0.9401534
/data/Zeyu/Pooling/cat_dog_data/test_set/test_set/cats/cat.4057.jpg,1,1,0.005445276,0.99455476
/data/Zeyu/Pooling/cat_dog_data/test_set/test_set/cats/cat.4058.jpg,1,1,0.0012382689,0.9987618
/data/Zeyu/Pooling/cat_dog_data/test_set/test_set/cats/cat.4059.jpg,1,0,0.62956214,0.3704379
/data/Zeyu/Pooling/cat_dog_data/test_set/test_set/cats/cat.4060.jpg,1,1,2.1151756e-07,0.99999976
/data/Zeyu/Pooling/cat_dog_data/test_set/test_set/cats/cat.4061.jpg,1,1,0.0014313626,0.99856865
/data/Zeyu/Pooling/cat_dog_data/test_set/test_set/cats/cat.4062.jpg,1,1,0.00083146,0.9991685
/data/Zeyu/Pooling/cat_dog_data/test_set/test_set/cats/cat.4063.jpg,1,1,0.030061398,0.9699386
/data/Zeyu/Pooling/cat_dog_data/test_set/test_set/cats/cat.4064.jpg,1,0,0.8825175,0.11748248
/data/Zeyu/Pooling/cat_dog_data/test_set/test_set/cats/cat.4065.jpg,1,1,4.1958892e-06,0.9999958
/data/Zeyu/Pooling/cat_dog_data/test_set/test_set/cats/cat.4066.jpg,1,1,0.10345296,0.8965471
/data/Zeyu/Pooling/cat_dog_data/test_set/test_set/cats/cat.4067.jpg,1,1,0.0017993684,0.99820065
/data/Zeyu/Pooling/cat_dog_data/test_set/test_set/cats/cat.4068.jpg,1,1,0.0036047911,0.9963952
/data/Zeyu/Pooling/cat_dog_data/test_set/test_set/cats/cat.4069.jpg,1,1,0.14729822,0.8527018
/data/Zeyu/Pooling/cat_dog_data/test_set/test_set/cats/cat.4070.jpg,1,1,0.0019522059,0.9980478
/data/Zeyu/Pooling/cat_dog_data/test_set/test_set/cats/cat.4071.jpg,1,1,2.7097767e-05,0.99997294
/data/Zeyu/Pooling/cat_dog_data/test_set/test_set/cats/cat.4072.jpg,1,1,0.20007776,0.7999223
/data/Zeyu/Pooling/cat_dog_data/test_set/test_set/cats/cat.4073.jpg,1,1,0.4299818,0.57001823
/data/Zeyu/Pooling/cat_dog_data/test_set/test_set/cats/cat.4074.jpg,1,0,0.6260045,0.37399545
/data/Zeyu/Pooling/cat_dog_data/test_set/test_set/cats/cat.4075.jpg,1,0,0.89256424,0.10743246
/data/Zeyu/Pooling/cat_dog_data/test_set/test_set/cats/cat.4076.jpg,1,1,4.4729164e-05,0.9999553
/data/Zeyu/Pooling/cat_dog_data/test_set/test_set/cats/cat.4077.jpg,1,1,4.395723e-06,0.9999956
/data/Zeyu/Pooling/cat_dog_data/test_set/test_set/cats/cat.4078.jpg,1,1,0.02609657,0.9739034
/data/Zeyu/Pooling/cat_dog_data/test_set/test_set/cats/cat.4079.jpg,1,1,0.45231128,0.54768866
/data/Zeyu/Pooling/cat_dog_data/test_set/test_set/cats/cat.4080.jpg,1,1,0.00036490406,0.9996351
/data/Zeyu/Pooling/cat_dog_data/test_set/test_set/cats/cat.4081.jpg,1,0,0.7292189,0.27078113
/data/Zeyu/Pooling/cat_dog_data/test_set/test_set/cats/cat.4082.jpg,1,1,0.41133195,0.58866805
/data/Zeyu/Pooling/cat_dog_data/test_set/test_set/cats/cat.4083.jpg,1,1,0.3913217,0.60867834
/data/Zeyu/Pooling/cat_dog_data/test_set/test_set/cats/cat.4084.jpg,1,1,0.0013176177,0.9986823
/data/Zeyu/Pooling/cat_dog_data/test_set/test_set/cats/cat.4085.jpg,1,1,0.007349555,0.99265045
/data/Zeyu/Pooling/cat_dog_data/test_set/test_set/cats/cat.4086.jpg,1,1,0.007349555,0.99265045
/data/Zeyu/Pooling/cat_dog_data/test_set/test_set/cats/cat.4087.jpg,1,0,0.955851,0.044149
/data/Zeyu/Pooling/cat_dog_data/test_set/test_set/cats/cat.4088.jpg,1,0,0.6370801,0.36291993
/data/Zeyu/Pooling/cat_dog_data/test_set/test_set/cats/cat.4089.jpg,1,1,0.2994153,0.7005847
/data/Zeyu/Pooling/cat_dog_data/test_set/test_set/cats/cat.4090.jpg,1,1,0.00012955656,0.9998704
/data/Zeyu/Pooling/cat_dog_data/test_set/test_set/cats/cat.4091.jpg,1,1,0.10342259,0.8965774
/data/Zeyu/Pooling/cat_dog_data/test_set/test_set/cats/cat.4092.jpg,1,0,0.93636423,0.06363573
/data/Zeyu/Pooling/cat_dog_data/test_set/test_set/cats/cat.4093.jpg,1,1,0.36157307,0.6384269
/data/Zeyu/Pooling/cat_dog_data/test_set/test_set/cats/cat.4094.jpg,1,0,0.91950136,0.08049868
/data/Zeyu/Pooling/cat_dog_data/test_set/test_set/cats/cat.4095.jpg,1,1,0.04952038,0.9504796
/data/Zeyu/Pooling/cat_dog_data/test_set/test_set/cats/cat.4096.jpg,1,1,0.0011210676,0.9988789
/data/Zeyu/Pooling/cat_dog_data/test_set/test_set/cats/cat.4097.jpg,1,1,0.018086424,0.9819135
/data/Zeyu/Pooling/cat_dog_data/test_set/test_set/cats/cat.4098.jpg,1,1,0.012453389,0.9875466
/data/Zeyu/Pooling/cat_dog_data/test_set/test_set/cats/cat.4099.jpg,1,0,0.9646877,0.03531231
/data/Zeyu/Pooling/cat_dog_data/test_set/test_set/cats/cat.4100.jpg,1,1,0.10096577,0.89903426
/data/Zeyu/Pooling/cat_dog_data/test_set/test_set/cats/cat.4101.jpg,1,1,0.10096577,0.89903426
/data/Zeyu/Pooling/cat_dog_data/test_set/test_set/cats/cat.4102.jpg,1,1,0.00097405317,0.99902594
/data/Zeyu/Pooling/cat_dog_data/test_set/test_set/cats/cat.4103.jpg,1,0,0.6371553,0.36284477
/data/Zeyu/Pooling/cat_dog_data/test_set/test_set/cats/cat.4104.jpg,1,0,0.9908811,0.0091189435
/data/Zeyu/Pooling/cat_dog_data/test_set/test_set/cats/cat.4105.jpg,1,1,0.00063492364,0.99936503
/data/Zeyu/Pooling/cat_dog_data/test_set/test_set/cats/cat.4106.jpg,1,0,0.7185477,0.281451
/data/Zeyu/Pooling/cat_dog_data/test_set/test_set/cats/cat.4107.jpg,1,0,0.90643114,0.093568884
/data/Zeyu/Pooling/cat_dog_data/test_set/test_set/cats/cat.4108.jpg,1,1,1.1075493e-05,0.9999889
/data/Zeyu/Pooling/cat_dog_data/test_set/test_set/cats/cat.4109.jpg,1,1,0.053242575,0.94675744
/data/Zeyu/Pooling/cat_dog_data/test_set/test_set/cats/cat.4110.jpg,1,0,0.9377347,0.062265344
/data/Zeyu/Pooling/cat_dog_data/test_set/test_set/cats/cat.4111.jpg,1,1,6.628694e-06,0.9999933
/data/Zeyu/Pooling/cat_dog_data/test_set/test_set/cats/cat.4112.jpg,1,1,0.0012446964,0.99875534
/data/Zeyu/Pooling/cat_dog_data/test_set/test_set/cats/cat.4113.jpg,1,1,1.6050402e-05,0.9999839
/data/Zeyu/Pooling/cat_dog_data/test_set/test_set/cats/cat.4114.jpg,1,0,0.5364747,0.46352527
/data/Zeyu/Pooling/cat_dog_data/test_set/test_set/cats/cat.4115.jpg,1,1,4.208398e-07,0.9999995
/data/Zeyu/Pooling/cat_dog_data/test_set/test_set/cats/cat.4116.jpg,1,1,0.027620077,0.9723799
/data/Zeyu/Pooling/cat_dog_data/test_set/test_set/cats/cat.4117.jpg,1,1,0.332034,0.667966
/data/Zeyu/Pooling/cat_dog_data/test_set/test_set/cats/cat.4118.jpg,1,1,9.194173e-06,0.9999908
/data/Zeyu/Pooling/cat_dog_data/test_set/test_set/cats/cat.4119.jpg,1,1,0.08115067,0.9188493
/data/Zeyu/Pooling/cat_dog_data/test_set/test_set/cats/cat.4120.jpg,1,1,0.08683579,0.91316426
/data/Zeyu/Pooling/cat_dog_data/test_set/test_set/cats/cat.4121.jpg,1,1,0.00023493437,0.9997651
/data/Zeyu/Pooling/cat_dog_data/test_set/test_set/cats/cat.4122.jpg,1,1,0.022449968,0.97755
/data/Zeyu/Pooling/cat_dog_data/test_set/test_set/cats/cat.4123.jpg,1,1,0.0032812543,0.9967187
/data/Zeyu/Pooling/cat_dog_data/test_set/test_set/cats/cat.4124.jpg,1,1,0.073017135,0.9269828
/data/Zeyu/Pooling/cat_dog_data/test_set/test_set/cats/cat.4125.jpg,1,1,0.18760768,0.81239235
/data/Zeyu/Pooling/cat_dog_data/test_set/test_set/cats/cat.4126.jpg,1,1,0.0007285175,0.99927145
/data/Zeyu/Pooling/cat_dog_data/test_set/test_set/cats/cat.4127.jpg,1,0,0.9958494,0.0041506724
/data/Zeyu/Pooling/cat_dog_data/test_set/test_set/cats/cat.4128.jpg,1,1,6.923002e-05,0.99993074
/data/Zeyu/Pooling/cat_dog_data/test_set/test_set/cats/cat.4001.jpg,1,1,0.00018760737,0.9998124
/data/Zeyu/Pooling/cat_dog_data/test_set/test_set/cats/cat.4002.jpg,1,1,0.28945228,0.7105477
/data/Zeyu/Pooling/cat_dog_data/test_set/test_set/cats/cat.4003.jpg,1,1,0.023915643,0.9760844
/data/Zeyu/Pooling/cat_dog_data/test_set/test_set/cats/cat.4004.jpg,1,1,0.0002322597,0.9997677
/data/Zeyu/Pooling/cat_dog_data/test_set/test_set/cats/cat.4005.jpg,1,0,0.7714061,0.22859386
/data/Zeyu/Pooling/cat_dog_data/test_set/test_set/cats/cat.4006.jpg,1,0,0.99892694,0.0010729867
/data/Zeyu/Pooling/cat_dog_data/test_set/test_set/cats/cat.4007.jpg,1,1,0.009827763,0.9901722
/data/Zeyu/Pooling/cat_dog_data/test_set/test_set/cats/cat.4008.jpg,1,1,9.110353e-05,0.9999089
/data/Zeyu/Pooling/cat_dog_data/test_set/test_set/cats/cat.4009.jpg,1,1,0.11274431,0.8872557
/data/Zeyu/Pooling/cat_dog_data/test_set/test_set/cats/cat.4010.jpg,1,1,0.07448113,0.9255189
/data/Zeyu/Pooling/cat_dog_data/test_set/test_set/cats/cat.4011.jpg,1,1,0.0010188053,0.9989812
/data/Zeyu/Pooling/cat_dog_data/test_set/test_set/cats/cat.4012.jpg,1,1,0.045883324,0.95411664
/data/Zeyu/Pooling/cat_dog_data/test_set/test_set/cats/cat.4013.jpg,1,1,0.1902529,0.80974716
/data/Zeyu/Pooling/cat_dog_data/test_set/test_set/cats/cat.4014.jpg,1,1,0.00057086925,0.99942905
/data/Zeyu/Pooling/cat_dog_data/test_set/test_set/cats/cat.4015.jpg,1,1,0.03054301,0.9694569
/data/Zeyu/Pooling/cat_dog_data/test_set/test_set/cats/cat.4016.jpg,1,1,0.00032175696,0.99967825
/data/Zeyu/Pooling/cat_dog_data/test_set/test_set/cats/cat.4017.jpg,1,0,0.53042233,0.4695777
/data/Zeyu/Pooling/cat_dog_data/test_set/test_set/cats/cat.4018.jpg,1,1,0.00011089771,0.99988914
/data/Zeyu/Pooling/cat_dog_data/test_set/test_set/cats/cat.4019.jpg,1,1,0.004133438,0.99586654
/data/Zeyu/Pooling/cat_dog_data/test_set/test_set/cats/cat.4020.jpg,1,0,0.9995621,0.0004378967
/data/Zeyu/Pooling/cat_dog_data/test_set/test_set/cats/cat.4021.jpg,1,0,0.9466881,0.05330148
/data/Zeyu/Pooling/cat_dog_data/test_set/test_set/cats/cat.4022.jpg,1,0,0.786651,0.21334901
/data/Zeyu/Pooling/cat_dog_data/test_set/test_set/cats/cat.4023.jpg,1,1,0.05338951,0.94661057
/data/Zeyu/Pooling/cat_dog_data/test_set/test_set/cats/cat.4024.jpg,1,1,0.00046193754,0.99953806
/data/Zeyu/Pooling/cat_dog_data/test_set/test_set/cats/cat.4025.jpg,1,1,0.22081532,0.7791847
/data/Zeyu/Pooling/cat_dog_data/test_set/test_set/cats/cat.4026.jpg,1,1,0.0001748602,0.9998252
/data/Zeyu/Pooling/cat_dog_data/test_set/test_set/cats/cat.4027.jpg,1,1,3.1601854e-08,1.0
/data/Zeyu/Pooling/cat_dog_data/test_set/test_set/cats/cat.4028.jpg,1,1,0.006339204,0.9936608
/data/Zeyu/Pooling/cat_dog_data/test_set/test_set/cats/cat.4029.jpg,1,1,1.5196109e-07,0.9999999
/data/Zeyu/Pooling/cat_dog_data/test_set/test_set/cats/cat.4030.jpg,1,0,0.71192485,0.28807515
/data/Zeyu/Pooling/cat_dog_data/test_set/test_set/cats/cat.4031.jpg,1,0,0.9295153,0.07048466
/data/Zeyu/Pooling/cat_dog_data/test_set/test_set/cats/cat.4032.jpg,1,1,0.3889689,0.61103094
/data/Zeyu/Pooling/cat_dog_data/test_set/test_set/cats/cat.4033.jpg,1,1,1.1376698e-06,0.9999988
/data/Zeyu/Pooling/cat_dog_data/test_set/test_set/cats/cat.4034.jpg,1,1,7.531602e-06,0.9999925
/data/Zeyu/Pooling/cat_dog_data/test_set/test_set/cats/cat.4035.jpg,1,1,2.1435824e-06,0.99999785
/data/Zeyu/Pooling/cat_dog_data/test_set/test_set/cats/cat.4036.jpg,1,1,0.0031958157,0.99680424
/data/Zeyu/Pooling/cat_dog_data/test_set/test_set/cats/cat.4037.jpg,1,1,0.09407812,0.9059218
/data/Zeyu/Pooling/cat_dog_data/test_set/test_set/cats/cat.4038.jpg,1,1,0.007034251,0.9929657
/data/Zeyu/Pooling/cat_dog_data/test_set/test_set/cats/cat.4039.jpg,1,0,0.96426976,0.035730217
/data/Zeyu/Pooling/cat_dog_data/test_set/test_set/cats/cat.4040.jpg,1,1,0.050243028,0.949757
/data/Zeyu/Pooling/cat_dog_data/test_set/test_set/cats/cat.4041.jpg,1,1,0.021663008,0.97833705
/data/Zeyu/Pooling/cat_dog_data/test_set/test_set/cats/cat.4042.jpg,1,1,0.0005028987,0.99949706
/data/Zeyu/Pooling/cat_dog_data/test_set/test_set/cats/cat.4043.jpg,1,1,0.08804524,0.9119548
/data/Zeyu/Pooling/cat_dog_data/test_set/test_set/cats/cat.4044.jpg,1,1,0.0011150882,0.998885
/data/Zeyu/Pooling/cat_dog_data/test_set/test_set/cats/cat.4045.jpg,1,0,0.9851601,0.014839923
/data/Zeyu/Pooling/cat_dog_data/test_set/test_set/cats/cat.4046.jpg,1,0,0.9782714,0.021728473
/data/Zeyu/Pooling/cat_dog_data/test_set/test_set/cats/cat.4047.jpg,1,1,2.7571051e-11,1.0
/data/Zeyu/Pooling/cat_dog_data/test_set/test_set/cats/cat.4048.jpg,1,1,9.1818965e-06,0.9999908
/data/Zeyu/Pooling/cat_dog_data/test_set/test_set/cats/cat.4049.jpg,1,1,5.2962455e-06,0.99999475
/data/Zeyu/Pooling/cat_dog_data/test_set/test_set/cats/cat.4050.jpg,1,0,0.8190869,0.18091306
/data/Zeyu/Pooling/cat_dog_data/test_set/test_set/cats/cat.4051.jpg,1,1,0.00028831218,0.9997117
/data/Zeyu/Pooling/cat_dog_data/test_set/test_set/cats/cat.4052.jpg,1,1,0.04143556,0.9585644
/data/Zeyu/Pooling/cat_dog_data/test_set/test_set/cats/cat.4053.jpg,1,1,0.06017619,0.9398238
/data/Zeyu/Pooling/cat_dog_data/test_set/test_set/cats/cat.4054.jpg,1,1,3.0235151e-05,0.9999697
/data/Zeyu/Pooling/cat_dog_data/test_set/test_set/cats/cat.4055.jpg,1,1,5.815281e-06,0.99999416
/data/Zeyu/Pooling/cat_dog_data/test_set/test_set/cats/cat.4056.jpg,1,1,0.00010055096,0.9998994
/data/Zeyu/Pooling/cat_dog_data/test_set/test_set/cats/cat.4057.jpg,1,0,0.99944764,0.0005523523
/data/Zeyu/Pooling/cat_dog_data/test_set/test_set/cats/cat.4058.jpg,1,1,0.027139965,0.97286
/data/Zeyu/Pooling/cat_dog_data/test_set/test_set/cats/cat.4059.jpg,1,1,0.040410873,0.9595891
/data/Zeyu/Pooling/cat_dog_data/test_set/test_set/cats/cat.4060.jpg,1,1,1.5339983e-05,0.9999846
/data/Zeyu/Pooling/cat_dog_data/test_set/test_set/cats/cat.4061.jpg,1,1,3.5788406e-09,1.0
/data/Zeyu/Pooling/cat_dog_data/test_set/test_set/cats/cat.4062.jpg,1,0,0.9968297,0.0031702435
/data/Zeyu/Pooling/cat_dog_data/test_set/test_set/cats/cat.4063.jpg,1,0,0.99957377,0.0004262812
/data/Zeyu/Pooling/cat_dog_data/test_set/test_set/cats/cat.4064.jpg,1,0,0.997673,0.0023270152
/data/Zeyu/Pooling/cat_dog_data/test_set/test_set/cats/cat.4065.jpg,1,1,0.0030940864,0.99690586
/data/Zeyu/Pooling/cat_dog_data/test_set/test_set/cats/cat.4066.jpg,1,1,0.015527349,0.9844727
/data/Zeyu/Pooling/cat_dog_data/test_set/test_set/cats/cat.4067.jpg,1,1,0.000114239985,0.9998858
/data/Zeyu/Pooling/cat_dog_data/test_set/test_set/cats/cat.4068.jpg,1,0,0.84484833,0.15515028
/data/Zeyu/Pooling/cat_dog_data/test_set/test_set/cats/cat.4069.jpg,1,1,4.3998034e-11,1.0
/data/Zeyu/Pooling/cat_dog_data/test_set/test_set/cats/cat.4070.jpg,1,0,0.9320607,0.06793932
/data/Zeyu/Pooling/cat_dog_data/test_set/test_set/cats/cat.4071.jpg,1,1,0.0016102806,0.9983897
/data/Zeyu/Pooling/cat_dog_data/test_set/test_set/cats/cat.4072.jpg,1,0,0.9484364,0.051563628
/data/Zeyu/Pooling/cat_dog_data/test_set/test_set/cats/cat.4073.jpg,1,1,6.3933264e-08,0.9999999
/data/Zeyu/Pooling/cat_dog_data/test_set/test_set/cats/cat.4074.jpg,1,1,0.25748074,0.7425193
/data/Zeyu/Pooling/cat_dog_data/test_set/test_set/cats/cat.4075.jpg,1,1,0.00022832875,0.99977165
/data/Zeyu/Pooling/cat_dog_data/test_set/test_set/cats/cat.4076.jpg,1,1,0.00018625434,0.99981374
/data/Zeyu/Pooling/cat_dog_data/test_set/test_set/cats/cat.4077.jpg,1,1,0.00022540624,0.99977463
/data/Zeyu/Pooling/cat_dog_data/test_set/test_set/cats/cat.4078.jpg,1,1,0.037306763,0.9626933
/data/Zeyu/Pooling/cat_dog_data/test_set/test_set/cats/cat.4079.jpg,1,1,2.7220017e-06,0.99999726
/data/Zeyu/Pooling/cat_dog_data/test_set/test_set/cats/cat.4080.jpg,1,1,0.0019168905,0.9980831
/data/Zeyu/Pooling/cat_dog_data/test_set/test_set/cats/cat.4081.jpg,1,1,7.668096e-05,0.99992335
/data/Zeyu/Pooling/cat_dog_data/test_set/test_set/cats/cat.4082.jpg,1,1,0.025681898,0.9743181
/data/Zeyu/Pooling/cat_dog_data/test_set/test_set/cats/cat.4083.jpg,1,1,0.07672588,0.9232741
/data/Zeyu/Pooling/cat_dog_data/test_set/test_set/cats/cat.4084.jpg,1,1,0.004853425,0.9951466
/data/Zeyu/Pooling/cat_dog_data/test_set/test_set/cats/cat.4085.jpg,1,1,0.03553366,0.96446633
/data/Zeyu/Pooling/cat_dog_data/test_set/test_set/cats/cat.4086.jpg,1,0,0.99409455,0.0059054475
/data/Zeyu/Pooling/cat_dog_data/test_set/test_set/cats/cat.4087.jpg,1,1,0.00027793847,0.99972206
/data/Zeyu/Pooling/cat_dog_data/test_set/test_set/cats/cat.4088.jpg,1,0,0.993533,0.006466932
/data/Zeyu/Pooling/cat_dog_data/test_set/test_set/cats/cat.4089.jpg,1,1,0.15454845,0.8454516
/data/Zeyu/Pooling/cat_dog_data/test_set/test_set/cats/cat.4090.jpg,1,0,0.5256197,0.47438037
/data/Zeyu/Pooling/cat_dog_data/test_set/test_set/cats/cat.4091.jpg,1,1,0.0009913249,0.9990087
/data/Zeyu/Pooling/cat_dog_data/test_set/test_set/cats/cat.4092.jpg,1,1,0.0020656246,0.99793434
/data/Zeyu/Pooling/cat_dog_data/test_set/test_set/cats/cat.4093.jpg,1,1,0.00040509406,0.99959487
/data/Zeyu/Pooling/cat_dog_data/test_set/test_set/cats/cat.4094.jpg,1,1,0.43251976,0.5674802
/data/Zeyu/Pooling/cat_dog_data/test_set/test_set/cats/cat.4095.jpg,1,1,0.019717235,0.9802828
/data/Zeyu/Pooling/cat_dog_data/test_set/test_set/cats/cat.4096.jpg,1,0,0.6509868,0.34901324
/data/Zeyu/Pooling/cat_dog_data/test_set/test_set/cats/cat.4097.jpg,1,1,0.0058541163,0.9941459
/data/Zeyu/Pooling/cat_dog_data/test_set/test_set/cats/cat.4098.jpg,1,1,0.009833035,0.9901669
/data/Zeyu/Pooling/cat_dog_data/test_set/test_set/cats/cat.4099.jpg,1,1,0.015903704,0.9840963
/data/Zeyu/Pooling/cat_dog_data/test_set/test_set/cats/cat.4100.jpg,1,0,0.7462814,0.25371858
/data/Zeyu/Pooling/cat_dog_data/test_set/test_set/cats/cat.4101.jpg,1,0,0.9663991,0.03360089
/data/Zeyu/Pooling/cat_dog_data/test_set/test_set/cats/cat.4102.jpg,1,1,1.5216992e-09,1.0
/data/Zeyu/Pooling/cat_dog_data/test_set/test_set/cats/cat.4103.jpg,1,1,0.26192117,0.73807883
/data/Zeyu/Pooling/cat_dog_data/test_set/test_set/cats/cat.4104.jpg,1,1,0.03462532,0.9653737
/data/Zeyu/Pooling/cat_dog_data/test_set/test_set/cats/cat.4105.jpg,1,0,0.87414825,0.12585175
/data/Zeyu/Pooling/cat_dog_data/test_set/test_set/cats/cat.4106.jpg,1,0,0.6381201,0.36187991
/data/Zeyu/Pooling/cat_dog_data/test_set/test_set/cats/cat.4107.jpg,1,1,0.029374978,0.970625
/data/Zeyu/Pooling/cat_dog_data/test_set/test_set/cats/cat.4108.jpg,1,1,0.45174623,0.54825306
/data/Zeyu/Pooling/cat_dog_data/test_set/test_set/cats/cat.4109.jpg,1,1,0.0031998737,0.99680007
/data/Zeyu/Pooling/cat_dog_data/test_set/test_set/cats/cat.4110.jpg,1,1,0.00029704318,0.9997029
/data/Zeyu/Pooling/cat_dog_data/test_set/test_set/cats/cat.4111.jpg,1,1,0.09915905,0.900841
/data/Zeyu/Pooling/cat_dog_data/test_set/test_set/cats/cat.4112.jpg,1,1,0.22270194,0.7772981
/data/Zeyu/Pooling/cat_dog_data/test_set/test_set/cats/cat.4113.jpg,1,0,0.95905966,0.040940367
/data/Zeyu/Pooling/cat_dog_data/test_set/test_set/cats/cat.4114.jpg,1,1,0.071349025,0.928651
/data/Zeyu/Pooling/cat_dog_data/test_set/test_set/cats/cat.4115.jpg,1,1,0.120565325,0.8794296
/data/Zeyu/Pooling/cat_dog_data/test_set/test_set/cats/cat.4116.jpg,1,1,0.0006331522,0.9993668
/data/Zeyu/Pooling/cat_dog_data/test_set/test_set/cats/cat.4117.jpg,1,1,0.3080997,0.69190013
/data/Zeyu/Pooling/cat_dog_data/test_set/test_set/cats/cat.4118.jpg,1,1,0.060250092,0.9397499
/data/Zeyu/Pooling/cat_dog_data/test_set/test_set/cats/cat.4119.jpg,1,1,0.0069111465,0.9930889
/data/Zeyu/Pooling/cat_dog_data/test_set/test_set/cats/cat.4120.jpg,1,0,0.9631892,0.036810815
/data/Zeyu/Pooling/cat_dog_data/test_set/test_set/cats/cat.4121.jpg,1,1,0.24523121,0.7547688
/data/Zeyu/Pooling/cat_dog_data/test_set/test_set/cats/cat.4122.jpg,1,1,0.010339413,0.9896606
/data/Zeyu/Pooling/cat_dog_data/test_set/test_set/cats/cat.4123.jpg,1,1,0.000916298,0.99908364
/data/Zeyu/Pooling/cat_dog_data/test_set/test_set/cats/cat.4124.jpg,1,1,0.00084429886,0.99915576
/data/Zeyu/Pooling/cat_dog_data/test_set/test_set/cats/cat.4125.jpg,1,1,0.05549237,0.94450766
/data/Zeyu/Pooling/cat_dog_data/test_set/test_set/cats/cat.4126.jpg,1,1,0.31733975,0.6826602
/data/Zeyu/Pooling/cat_dog_data/test_set/test_set/cats/cat.4127.jpg,1,0,0.91756904,0.082430914
/data/Zeyu/Pooling/cat_dog_data/test_set/test_set/cats/cat.4128.jpg,1,1,0.02991005,0.9700899
/data/Zeyu/Pooling/cat_dog_data/test_set/test_set/cats/cat.4001.jpg,1,1,0.1886171,0.8113829
/data/Zeyu/Pooling/cat_dog_data/test_set/test_set/cats/cat.4002.jpg,1,1,0.0320951,0.96790487
/data/Zeyu/Pooling/cat_dog_data/test_set/test_set/cats/cat.4003.jpg,1,0,0.8270879,0.17291217
/data/Zeyu/Pooling/cat_dog_data/test_set/test_set/cats/cat.4004.jpg,1,1,0.0025563948,0.99744356
/data/Zeyu/Pooling/cat_dog_data/test_set/test_set/cats/cat.4005.jpg,1,0,0.6763546,0.3236454
/data/Zeyu/Pooling/cat_dog_data/test_set/test_set/cats/cat.4006.jpg,1,1,0.036416043,0.96358395
/data/Zeyu/Pooling/cat_dog_data/test_set/test_set/cats/cat.4007.jpg,1,0,0.9998258,0.00017419999
/data/Zeyu/Pooling/cat_dog_data/test_set/test_set/cats/cat.4008.jpg,1,1,0.06992158,0.93007845
/data/Zeyu/Pooling/cat_dog_data/test_set/test_set/cats/cat.4009.jpg,1,1,0.02130412,0.97869587
/data/Zeyu/Pooling/cat_dog_data/test_set/test_set/cats/cat.4010.jpg,1,1,0.393961,0.6060389
/data/Zeyu/Pooling/cat_dog_data/test_set/test_set/cats/cat.4011.jpg,1,0,0.95903665,0.040963426
/data/Zeyu/Pooling/cat_dog_data/test_set/test_set/cats/cat.4012.jpg,1,1,0.0019220812,0.99807787
/data/Zeyu/Pooling/cat_dog_data/test_set/test_set/cats/cat.4013.jpg,1,1,0.42818514,0.57181484
/data/Zeyu/Pooling/cat_dog_data/test_set/test_set/cats/cat.4014.jpg,1,0,0.82063967,0.17936033
/data/Zeyu/Pooling/cat_dog_data/test_set/test_set/cats/cat.4015.jpg,1,0,0.8627908,0.13720924
/data/Zeyu/Pooling/cat_dog_data/test_set/test_set/cats/cat.4016.jpg,1,1,0.00034564035,0.9996544
/data/Zeyu/Pooling/cat_dog_data/test_set/test_set/cats/cat.4017.jpg,1,1,0.0035903528,0.9964096
/data/Zeyu/Pooling/cat_dog_data/test_set/test_set/cats/cat.4018.jpg,1,0,0.87229216,0.12770781
/data/Zeyu/Pooling/cat_dog_data/test_set/test_set/cats/cat.4019.jpg,1,1,9.876183e-07,0.99999905
/data/Zeyu/Pooling/cat_dog_data/test_set/test_set/cats/cat.4020.jpg,1,1,0.0032499987,0.99675
/data/Zeyu/Pooling/cat_dog_data/test_set/test_set/cats/cat.4021.jpg,1,1,0.00043887942,0.99956113
/data/Zeyu/Pooling/cat_dog_data/test_set/test_set/cats/cat.4022.jpg,1,1,0.00052656274,0.9994735
/data/Zeyu/Pooling/cat_dog_data/test_set/test_set/cats/cat.4023.jpg,1,1,0.10629736,0.8937027
/data/Zeyu/Pooling/cat_dog_data/test_set/test_set/cats/cat.4024.jpg,1,1,0.0027361354,0.9972639
/data/Zeyu/Pooling/cat_dog_data/test_set/test_set/cats/cat.4025.jpg,1,1,0.0006019088,0.9993981
/data/Zeyu/Pooling/cat_dog_data/test_set/test_set/cats/cat.4026.jpg,1,1,0.13216162,0.8678384
/data/Zeyu/Pooling/cat_dog_data/test_set/test_set/cats/cat.4027.jpg,1,1,0.003587277,0.9964127
/data/Zeyu/Pooling/cat_dog_data/test_set/test_set/cats/cat.4028.jpg,1,0,0.89211345,0.10788651
/data/Zeyu/Pooling/cat_dog_data/test_set/test_set/cats/cat.4029.jpg,1,1,0.052732144,0.94726783
/data/Zeyu/Pooling/cat_dog_data/test_set/test_set/cats/cat.4030.jpg,1,1,0.022928348,0.9770717
/data/Zeyu/Pooling/cat_dog_data/test_set/test_set/cats/cat.4031.jpg,1,1,2.2631882e-11,1.0
/data/Zeyu/Pooling/cat_dog_data/test_set/test_set/cats/cat.4032.jpg,1,1,0.00044883986,0.9995511
/data/Zeyu/Pooling/cat_dog_data/test_set/test_set/cats/cat.4033.jpg,1,0,0.9400689,0.059931148
/data/Zeyu/Pooling/cat_dog_data/test_set/test_set/cats/cat.4034.jpg,1,1,3.410373e-08,1.0
/data/Zeyu/Pooling/cat_dog_data/test_set/test_set/cats/cat.4035.jpg,1,1,1.0529259e-07,0.9999999
/data/Zeyu/Pooling/cat_dog_data/test_set/test_set/cats/cat.4036.jpg,1,0,0.7561893,0.2438107
/data/Zeyu/Pooling/cat_dog_data/test_set/test_set/cats/cat.4037.jpg,1,1,0.0005519454,0.999448
/data/Zeyu/Pooling/cat_dog_data/test_set/test_set/cats/cat.4038.jpg,1,0,0.9514572,0.048542768
/data/Zeyu/Pooling/cat_dog_data/test_set/test_set/cats/cat.4039.jpg,1,1,0.0013063536,0.99869365
/data/Zeyu/Pooling/cat_dog_data/test_set/test_set/cats/cat.4040.jpg,1,1,0.0010759875,0.99892396
/data/Zeyu/Pooling/cat_dog_data/test_set/test_set/cats/cat.4041.jpg,1,1,0.02841237,0.97158766
/data/Zeyu/Pooling/cat_dog_data/test_set/test_set/cats/cat.4042.jpg,1,1,0.26933512,0.73066485
/data/Zeyu/Pooling/cat_dog_data/test_set/test_set/cats/cat.4043.jpg,1,1,1.39395015e-05,0.99998605
/data/Zeyu/Pooling/cat_dog_data/test_set/test_set/cats/cat.4044.jpg,1,0,0.81681496,0.18318501
/data/Zeyu/Pooling/cat_dog_data/test_set/test_set/cats/cat.4045.jpg,1,0,0.9797406,0.02025941
/data/Zeyu/Pooling/cat_dog_data/test_set/test_set/cats/cat.4046.jpg,1,1,0.33606154,0.66393846
/data/Zeyu/Pooling/cat_dog_data/test_set/test_set/cats/cat.4047.jpg,1,1,0.33606154,0.66393846
/data/Zeyu/Pooling/cat_dog_data/test_set/test_set/cats/cat.4048.jpg,1,1,0.30315945,0.6968406
/data/Zeyu/Pooling/cat_dog_data/test_set/test_set/cats/cat.4049.jpg,1,1,0.0021388025,0.9978612
/data/Zeyu/Pooling/cat_dog_data/test_set/test_set/cats/cat.4050.jpg,1,1,0.47528055,0.5247195
/data/Zeyu/Pooling/cat_dog_data/test_set/test_set/cats/cat.4051.jpg,1,1,0.020851359,0.9791486
/data/Zeyu/Pooling/cat_dog_data/test_set/test_set/cats/cat.4052.jpg,1,0,0.7317129,0.26828712
/data/Zeyu/Pooling/cat_dog_data/test_set/test_set/cats/cat.4053.jpg,1,1,4.6260865e-07,0.9999995
/data/Zeyu/Pooling/cat_dog_data/test_set/test_set/cats/cat.4054.jpg,1,1,4.6260865e-07,0.9999995
/data/Zeyu/Pooling/cat_dog_data/test_set/test_set/cats/cat.4055.jpg,1,1,0.22796799,0.772032
/data/Zeyu/Pooling/cat_dog_data/test_set/test_set/cats/cat.4056.jpg,1,1,2.5742296e-05,0.99997425
/data/Zeyu/Pooling/cat_dog_data/test_set/test_set/cats/cat.4057.jpg,1,1,6.0043807e-05,0.9999399
/data/Zeyu/Pooling/cat_dog_data/test_set/test_set/cats/cat.4058.jpg,1,1,0.05000186,0.94999814
/data/Zeyu/Pooling/cat_dog_data/test_set/test_set/cats/cat.4059.jpg,1,1,0.078762636,0.9212374
/data/Zeyu/Pooling/cat_dog_data/test_set/test_set/cats/cat.4060.jpg,1,1,0.0025652081,0.9974348
/data/Zeyu/Pooling/cat_dog_data/test_set/test_set/cats/cat.4061.jpg,1,1,0.0025652081,0.9974348
/data/Zeyu/Pooling/cat_dog_data/test_set/test_set/cats/cat.4062.jpg,1,1,2.6469306e-05,0.99997354
/data/Zeyu/Pooling/cat_dog_data/test_set/test_set/cats/cat.4063.jpg,1,0,0.9943711,0.0056289095
/data/Zeyu/Pooling/cat_dog_data/test_set/test_set/cats/cat.4064.jpg,1,0,0.97284275,0.027157204
/data/Zeyu/Pooling/cat_dog_data/test_set/test_set/cats/cat.4065.jpg,1,1,0.42388597,0.57611406
/data/Zeyu/Pooling/cat_dog_data/test_set/test_set/cats/cat.4066.jpg,1,1,0.0022966322,0.9977034
/data/Zeyu/Pooling/cat_dog_data/test_set/test_set/cats/cat.4067.jpg,1,1,0.028596435,0.9714036
/data/Zeyu/Pooling/cat_dog_data/test_set/test_set/cats/cat.4068.jpg,1,0,0.99998987,1.0081572e-05
/data/Zeyu/Pooling/cat_dog_data/test_set/test_set/cats/cat.4069.jpg,1,1,2.5292897e-07,0.99999976
/data/Zeyu/Pooling/cat_dog_data/test_set/test_set/cats/cat.4070.jpg,1,0,0.88663864,0.113361344
/data/Zeyu/Pooling/cat_dog_data/test_set/test_set/cats/cat.4071.jpg,1,1,0.00020067998,0.9997993
/data/Zeyu/Pooling/cat_dog_data/test_set/test_set/cats/cat.4072.jpg,1,1,2.3439475e-06,0.9999976
/data/Zeyu/Pooling/cat_dog_data/test_set/test_set/cats/cat.4073.jpg,1,1,0.32308352,0.67691654
/data/Zeyu/Pooling/cat_dog_data/test_set/test_set/cats/cat.4074.jpg,1,1,7.353202e-08,0.9999999
/data/Zeyu/Pooling/cat_dog_data/test_set/test_set/cats/cat.4075.jpg,1,1,0.002496255,0.9975037
/data/Zeyu/Pooling/cat_dog_data/test_set/test_set/cats/cat.4076.jpg,1,0,0.6592175,0.34078252
/data/Zeyu/Pooling/cat_dog_data/test_set/test_set/cats/cat.4077.jpg,1,1,0.025935762,0.97406423
/data/Zeyu/Pooling/cat_dog_data/test_set/test_set/cats/cat.4078.jpg,1,1,0.023527402,0.9764727
/data/Zeyu/Pooling/cat_dog_data/test_set/test_set/cats/cat.4079.jpg,1,1,0.018857794,0.9811422
/data/Zeyu/Pooling/cat_dog_data/test_set/test_set/cats/cat.4080.jpg,1,0,0.92909855,0.07090144
/data/Zeyu/Pooling/cat_dog_data/test_set/test_set/cats/cat.4081.jpg,1,1,0.00012813605,0.99987185
/data/Zeyu/Pooling/cat_dog_data/test_set/test_set/cats/cat.4082.jpg,1,0,0.92413986,0.07586011
/data/Zeyu/Pooling/cat_dog_data/test_set/test_set/cats/cat.4083.jpg,1,1,0.0021054116,0.9978946
/data/Zeyu/Pooling/cat_dog_data/test_set/test_set/cats/cat.4084.jpg,1,1,0.019360077,0.98063993
/data/Zeyu/Pooling/cat_dog_data/test_set/test_set/cats/cat.4085.jpg,1,1,0.00071551907,0.99928445
/data/Zeyu/Pooling/cat_dog_data/test_set/test_set/cats/cat.4086.jpg,1,0,0.925069,0.07493105
/data/Zeyu/Pooling/cat_dog_data/test_set/test_set/cats/cat.4087.jpg,1,1,0.0009387482,0.9990613
/data/Zeyu/Pooling/cat_dog_data/test_set/test_set/cats/cat.4088.jpg,1,1,0.00020092023,0.9997991
/data/Zeyu/Pooling/cat_dog_data/test_set/test_set/cats/cat.4089.jpg,1,0,0.6995259,0.3004741
/data/Zeyu/Pooling/cat_dog_data/test_set/test_set/cats/cat.4090.jpg,1,1,0.035079453,0.9649205
/data/Zeyu/Pooling/cat_dog_data/test_set/test_set/cats/cat.4091.jpg,1,1,1.3617145e-05,0.9999864
/data/Zeyu/Pooling/cat_dog_data/test_set/test_set/cats/cat.4092.jpg,1,1,5.1396462e-05,0.9999486
/data/Zeyu/Pooling/cat_dog_data/test_set/test_set/cats/cat.4093.jpg,1,1,0.0133406045,0.9866594
/data/Zeyu/Pooling/cat_dog_data/test_set/test_set/cats/cat.4094.jpg,1,1,0.048933793,0.95106614
/data/Zeyu/Pooling/cat_dog_data/test_set/test_set/cats/cat.4095.jpg,1,1,0.008531083,0.9914689
/data/Zeyu/Pooling/cat_dog_data/test_set/test_set/cats/cat.4096.jpg,1,1,3.2334483e-05,0.9999677
/data/Zeyu/Pooling/cat_dog_data/test_set/test_set/cats/cat.4097.jpg,1,0,0.94447726,0.0555227
/data/Zeyu/Pooling/cat_dog_data/test_set/test_set/cats/cat.4098.jpg,1,1,7.294506e-05,0.99992704
/data/Zeyu/Pooling/cat_dog_data/test_set/test_set/cats/cat.4099.jpg,1,0,0.9699746,0.030025408
/data/Zeyu/Pooling/cat_dog_data/test_set/test_set/cats/cat.4100.jpg,1,1,0.012544861,0.9874551
/data/Zeyu/Pooling/cat_dog_data/test_set/test_set/cats/cat.4101.jpg,1,0,0.96294093,0.037059017
/data/Zeyu/Pooling/cat_dog_data/test_set/test_set/cats/cat.4102.jpg,1,0,0.96556246,0.0344375
/data/Zeyu/Pooling/cat_dog_data/test_set/test_set/cats/cat.4103.jpg,1,0,0.95113397,0.04886601
/data/Zeyu/Pooling/cat_dog_data/test_set/test_set/cats/cat.4104.jpg,1,1,0.002592419,0.9974076
/data/Zeyu/Pooling/cat_dog_data/test_set/test_set/cats/cat.4105.jpg,1,1,0.039964885,0.9600351
/data/Zeyu/Pooling/cat_dog_data/test_set/test_set/cats/cat.4106.jpg,1,1,0.018381394,0.9816186
/data/Zeyu/Pooling/cat_dog_data/test_set/test_set/cats/cat.4107.jpg,1,1,0.13128397,0.86871606
/data/Zeyu/Pooling/cat_dog_data/test_set/test_set/cats/cat.4108.jpg,1,0,0.54517794,0.45482203
/data/Zeyu/Pooling/cat_dog_data/test_set/test_set/cats/cat.4109.jpg,1,1,1.4231766e-05,0.9999858
/data/Zeyu/Pooling/cat_dog_data/test_set/test_set/cats/cat.4110.jpg,1,1,0.0029166027,0.99708337
/data/Zeyu/Pooling/cat_dog_data/test_set/test_set/cats/cat.4111.jpg,1,1,1.0204106e-05,0.99998975
/data/Zeyu/Pooling/cat_dog_data/test_set/test_set/cats/cat.4112.jpg,1,0,0.53742826,0.4625717
/data/Zeyu/Pooling/cat_dog_data/test_set/test_set/cats/cat.4113.jpg,1,0,0.9452119,0.054788098
/data/Zeyu/Pooling/cat_dog_data/test_set/test_set/cats/cat.4114.jpg,1,0,0.5279241,0.47207096
/data/Zeyu/Pooling/cat_dog_data/test_set/test_set/cats/cat.4115.jpg,1,1,0.17128733,0.8287127
/data/Zeyu/Pooling/cat_dog_data/test_set/test_set/cats/cat.4116.jpg,1,1,5.2184696e-05,0.9999478
/data/Zeyu/Pooling/cat_dog_data/test_set/test_set/cats/cat.4117.jpg,1,1,0.260344,0.739656
/data/Zeyu/Pooling/cat_dog_data/test_set/test_set/cats/cat.4118.jpg,1,1,2.563021e-08,1.0
/data/Zeyu/Pooling/cat_dog_data/test_set/test_set/cats/cat.4119.jpg,1,1,0.014903242,0.98509675
/data/Zeyu/Pooling/cat_dog_data/test_set/test_set/cats/cat.4120.jpg,1,0,0.7973213,0.20267864
/data/Zeyu/Pooling/cat_dog_data/test_set/test_set/cats/cat.4121.jpg,1,1,0.06881031,0.93118966
/data/Zeyu/Pooling/cat_dog_data/test_set/test_set/cats/cat.4122.jpg,1,1,6.653418e-05,0.9999335
/data/Zeyu/Pooling/cat_dog_data/test_set/test_set/cats/cat.4123.jpg,1,1,0.27883485,0.72116494
/data/Zeyu/Pooling/cat_dog_data/test_set/test_set/cats/cat.4124.jpg,1,0,0.96999556,0.030004455
/data/Zeyu/Pooling/cat_dog_data/test_set/test_set/cats/cat.4125.jpg,1,0,0.99433017,0.005669846
/data/Zeyu/Pooling/cat_dog_data/test_set/test_set/cats/cat.4126.jpg,1,1,0.094908364,0.9050916
/data/Zeyu/Pooling/cat_dog_data/test_set/test_set/cats/cat.4127.jpg,1,0,0.89982617,0.10017383
/data/Zeyu/Pooling/cat_dog_data/test_set/test_set/cats/cat.4128.jpg,1,1,0.4299981,0.5700019
/data/Zeyu/Pooling/cat_dog_data/test_set/test_set/cats/cat.4001.jpg,1,1,0.131002,0.868998
/data/Zeyu/Pooling/cat_dog_data/test_set/test_set/cats/cat.4002.jpg,1,1,0.4357876,0.5642124
/data/Zeyu/Pooling/cat_dog_data/test_set/test_set/cats/cat.4003.jpg,1,1,0.0018345211,0.99816555
/data/Zeyu/Pooling/cat_dog_data/test_set/test_set/cats/cat.4004.jpg,1,1,2.3049813e-07,0.99999976
/data/Zeyu/Pooling/cat_dog_data/test_set/test_set/cats/cat.4005.jpg,1,0,0.5393505,0.4606495
/data/Zeyu/Pooling/cat_dog_data/test_set/test_set/cats/cat.4006.jpg,1,0,0.90407735,0.09592122
/data/Zeyu/Pooling/cat_dog_data/test_set/test_set/cats/cat.4007.jpg,1,1,0.0021685257,0.9978315
/data/Zeyu/Pooling/cat_dog_data/test_set/test_set/cats/cat.4008.jpg,1,1,0.0021930858,0.99780697
/data/Zeyu/Pooling/cat_dog_data/test_set/test_set/cats/cat.4009.jpg,1,1,0.00025945145,0.99974054
/data/Zeyu/Pooling/cat_dog_data/test_set/test_set/cats/cat.4010.jpg,1,1,5.4093296e-05,0.9999459
/data/Zeyu/Pooling/cat_dog_data/test_set/test_set/cats/cat.4011.jpg,1,1,0.026197117,0.9738029
/data/Zeyu/Pooling/cat_dog_data/test_set/test_set/cats/cat.4012.jpg,1,1,0.0048195617,0.9951805
/data/Zeyu/Pooling/cat_dog_data/test_set/test_set/cats/cat.4013.jpg,1,1,0.15470599,0.845294
/data/Zeyu/Pooling/cat_dog_data/test_set/test_set/cats/cat.4014.jpg,1,1,0.32655352,0.67344654
/data/Zeyu/Pooling/cat_dog_data/test_set/test_set/cats/cat.4015.jpg,1,0,0.92804533,0.071954645
/data/Zeyu/Pooling/cat_dog_data/test_set/test_set/cats/cat.4016.jpg,1,1,0.0021081986,0.99789184
/data/Zeyu/Pooling/cat_dog_data/test_set/test_set/cats/cat.4017.jpg,1,1,0.027950654,0.97204936
/data/Zeyu/Pooling/cat_dog_data/test_set/test_set/cats/cat.4018.jpg,1,1,0.001939661,0.9980603
/data/Zeyu/Pooling/cat_dog_data/test_set/test_set/cats/cat.4019.jpg,1,1,0.0017584136,0.99824154
/data/Zeyu/Pooling/cat_dog_data/test_set/test_set/cats/cat.4020.jpg,1,1,0.057221513,0.94277847
/data/Zeyu/Pooling/cat_dog_data/test_set/test_set/cats/cat.4021.jpg,1,1,1.709399e-05,0.99998295
/data/Zeyu/Pooling/cat_dog_data/test_set/test_set/cats/cat.4022.jpg,1,1,0.026170269,0.9738297
/data/Zeyu/Pooling/cat_dog_data/test_set/test_set/cats/cat.4023.jpg,1,1,0.039572623,0.9604274
/data/Zeyu/Pooling/cat_dog_data/test_set/test_set/cats/cat.4024.jpg,1,1,0.003872493,0.99612755
/data/Zeyu/Pooling/cat_dog_data/test_set/test_set/cats/cat.4025.jpg,1,1,0.0001005616,0.9998994
/data/Zeyu/Pooling/cat_dog_data/test_set/test_set/cats/cat.4026.jpg,1,1,4.7620683e-06,0.99999523
/data/Zeyu/Pooling/cat_dog_data/test_set/test_set/cats/cat.4027.jpg,1,1,0.18450668,0.81549335
/data/Zeyu/Pooling/cat_dog_data/test_set/test_set/cats/cat.4028.jpg,1,0,0.9116727,0.08832724
/data/Zeyu/Pooling/cat_dog_data/test_set/test_set/cats/cat.4029.jpg,1,1,6.988019e-07,0.9999993
/data/Zeyu/Pooling/cat_dog_data/test_set/test_set/cats/cat.4030.jpg,1,1,0.40154263,0.59845734
/data/Zeyu/Pooling/cat_dog_data/test_set/test_set/cats/cat.4031.jpg,1,1,0.009443909,0.99055606
/data/Zeyu/Pooling/cat_dog_data/test_set/test_set/cats/cat.4032.jpg,1,1,0.048718676,0.9512813
/data/Zeyu/Pooling/cat_dog_data/test_set/test_set/cats/cat.4033.jpg,1,1,0.13013837,0.8698616
/data/Zeyu/Pooling/cat_dog_data/test_set/test_set/cats/cat.4034.jpg,1,0,0.6485078,0.35149226
/data/Zeyu/Pooling/cat_dog_data/test_set/test_set/cats/cat.4035.jpg,1,1,0.062695764,0.93730426
/data/Zeyu/Pooling/cat_dog_data/test_set/test_set/cats/cat.4036.jpg,1,1,0.487594,0.51240593
/data/Zeyu/Pooling/cat_dog_data/test_set/test_set/cats/cat.4037.jpg,1,0,0.6101441,0.38985592
/data/Zeyu/Pooling/cat_dog_data/test_set/test_set/cats/cat.4038.jpg,1,0,0.5886409,0.411359
/data/Zeyu/Pooling/cat_dog_data/test_set/test_set/cats/cat.4039.jpg,1,1,6.44663e-05,0.9999355
/data/Zeyu/Pooling/cat_dog_data/test_set/test_set/cats/cat.4040.jpg,1,0,0.83567756,0.16432248
/data/Zeyu/Pooling/cat_dog_data/test_set/test_set/cats/cat.4041.jpg,1,1,0.0041134283,0.9958866
/data/Zeyu/Pooling/cat_dog_data/test_set/test_set/cats/cat.4042.jpg,1,1,0.0045382073,0.99546176
/data/Zeyu/Pooling/cat_dog_data/test_set/test_set/cats/cat.4043.jpg,1,1,0.00025172575,0.9997483
/data/Zeyu/Pooling/cat_dog_data/test_set/test_set/cats/cat.4044.jpg,1,0,0.8821348,0.11786522
/data/Zeyu/Pooling/cat_dog_data/test_set/test_set/cats/cat.4045.jpg,1,1,6.4302626e-06,0.99999356
/data/Zeyu/Pooling/cat_dog_data/test_set/test_set/cats/cat.4046.jpg,1,1,0.032751486,0.96724856
/data/Zeyu/Pooling/cat_dog_data/test_set/test_set/cats/cat.4047.jpg,1,0,0.9749476,0.025052428
/data/Zeyu/Pooling/cat_dog_data/test_set/test_set/cats/cat.4048.jpg,1,1,0.00026405524,0.9997359
/data/Zeyu/Pooling/cat_dog_data/test_set/test_set/cats/cat.4049.jpg,1,1,0.013696962,0.98630303
/data/Zeyu/Pooling/cat_dog_data/test_set/test_set/cats/cat.4050.jpg,1,1,0.073030524,0.9269694
/data/Zeyu/Pooling/cat_dog_data/test_set/test_set/cats/cat.4051.jpg,1,1,0.00039164993,0.99960834
/data/Zeyu/Pooling/cat_dog_data/test_set/test_set/cats/cat.4052.jpg,1,1,0.02053647,0.9794636
/data/Zeyu/Pooling/cat_dog_data/test_set/test_set/cats/cat.4053.jpg,1,0,0.61764646,0.38235354
/data/Zeyu/Pooling/cat_dog_data/test_set/test_set/cats/cat.4054.jpg,1,1,0.17203864,0.8279613
/data/Zeyu/Pooling/cat_dog_data/test_set/test_set/cats/cat.4055.jpg,1,1,0.24912404,0.750876
/data/Zeyu/Pooling/cat_dog_data/test_set/test_set/cats/cat.4056.jpg,1,1,3.2860422e-07,0.99999964
/data/Zeyu/Pooling/cat_dog_data/test_set/test_set/cats/cat.4057.jpg,1,1,0.4426443,0.55735564
/data/Zeyu/Pooling/cat_dog_data/test_set/test_set/cats/cat.4058.jpg,1,1,0.018104263,0.9818957
/data/Zeyu/Pooling/cat_dog_data/test_set/test_set/cats/cat.4059.jpg,1,0,0.6103183,0.38968164
/data/Zeyu/Pooling/cat_dog_data/test_set/test_set/cats/cat.4060.jpg,1,0,0.9952271,0.0047728866
/data/Zeyu/Pooling/cat_dog_data/test_set/test_set/cats/cat.4061.jpg,1,1,0.00022716355,0.99977285
/data/Zeyu/Pooling/cat_dog_data/test_set/test_set/cats/cat.4062.jpg,1,1,0.24300726,0.75699276
/data/Zeyu/Pooling/cat_dog_data/test_set/test_set/cats/cat.4063.jpg,1,1,0.0002328646,0.9997671
/data/Zeyu/Pooling/cat_dog_data/test_set/test_set/cats/cat.4064.jpg,1,0,0.59391207,0.40608788
/data/Zeyu/Pooling/cat_dog_data/test_set/test_set/cats/cat.4065.jpg,1,0,0.9419913,0.058008637
/data/Zeyu/Pooling/cat_dog_data/test_set/test_set/cats/cat.4066.jpg,1,1,0.048097603,0.95190245
/data/Zeyu/Pooling/cat_dog_data/test_set/test_set/cats/cat.4067.jpg,1,1,0.055894658,0.9441053
/data/Zeyu/Pooling/cat_dog_data/test_set/test_set/cats/cat.4068.jpg,1,1,0.003691192,0.99630874
/data/Zeyu/Pooling/cat_dog_data/test_set/test_set/cats/cat.4069.jpg,1,0,0.99802953,0.00197045
/data/Zeyu/Pooling/cat_dog_data/test_set/test_set/cats/cat.4070.jpg,1,1,0.00887796,0.991122
/data/Zeyu/Pooling/cat_dog_data/test_set/test_set/cats/cat.4071.jpg,1,1,0.0273876,0.97261244
/data/Zeyu/Pooling/cat_dog_data/test_set/test_set/cats/cat.4072.jpg,1,1,0.0006319718,0.999368
/data/Zeyu/Pooling/cat_dog_data/test_set/test_set/cats/cat.4073.jpg,1,1,6.374785e-11,1.0
/data/Zeyu/Pooling/cat_dog_data/test_set/test_set/cats/cat.4074.jpg,1,1,3.2278254e-05,0.9999677
/data/Zeyu/Pooling/cat_dog_data/test_set/test_set/cats/cat.4075.jpg,1,1,0.0009830255,0.999017
/data/Zeyu/Pooling/cat_dog_data/test_set/test_set/cats/cat.4076.jpg,1,1,0.0017228673,0.9982772
/data/Zeyu/Pooling/cat_dog_data/test_set/test_set/cats/cat.4077.jpg,1,1,0.014120747,0.98587924
/data/Zeyu/Pooling/cat_dog_data/test_set/test_set/cats/cat.4078.jpg,1,1,2.3561806e-05,0.9999764
/data/Zeyu/Pooling/cat_dog_data/test_set/test_set/cats/cat.4079.jpg,1,1,0.30058146,0.69941854
/data/Zeyu/Pooling/cat_dog_data/test_set/test_set/cats/cat.4080.jpg,1,1,0.0015160664,0.99848396
/data/Zeyu/Pooling/cat_dog_data/test_set/test_set/cats/cat.4081.jpg,1,1,0.23842838,0.76157165
/data/Zeyu/Pooling/cat_dog_data/test_set/test_set/cats/cat.4082.jpg,1,1,1.2746771e-05,0.99998724
/data/Zeyu/Pooling/cat_dog_data/test_set/test_set/cats/cat.4083.jpg,1,0,0.6435353,0.35646436
/data/Zeyu/Pooling/cat_dog_data/test_set/test_set/cats/cat.4084.jpg,1,1,0.05371146,0.9462886
/data/Zeyu/Pooling/cat_dog_data/test_set/test_set/cats/cat.4085.jpg,1,1,0.42041206,0.57958794
/data/Zeyu/Pooling/cat_dog_data/test_set/test_set/cats/cat.4086.jpg,1,0,0.59958535,0.40041444
/data/Zeyu/Pooling/cat_dog_data/test_set/test_set/cats/cat.4087.jpg,1,0,0.9622983,0.03770172
/data/Zeyu/Pooling/cat_dog_data/test_set/test_set/cats/cat.4088.jpg,1,1,3.9197376e-10,1.0
/data/Zeyu/Pooling/cat_dog_data/test_set/test_set/cats/cat.4089.jpg,1,1,0.04354197,0.9564581
/data/Zeyu/Pooling/cat_dog_data/test_set/test_set/cats/cat.4090.jpg,1,0,0.8931665,0.106833495
/data/Zeyu/Pooling/cat_dog_data/test_set/test_set/cats/cat.4091.jpg,1,0,0.9106501,0.08934996
/data/Zeyu/Pooling/cat_dog_data/test_set/test_set/cats/cat.4092.jpg,1,1,0.24730632,0.7526937
/data/Zeyu/Pooling/cat_dog_data/test_set/test_set/cats/cat.4093.jpg,1,1,0.019893367,0.9801066
/data/Zeyu/Pooling/cat_dog_data/test_set/test_set/cats/cat.4094.jpg,1,1,0.013084115,0.9869158
/data/Zeyu/Pooling/cat_dog_data/test_set/test_set/cats/cat.4095.jpg,1,0,0.83040226,0.16959779
/data/Zeyu/Pooling/cat_dog_data/test_set/test_set/cats/cat.4096.jpg,1,0,0.96722007,0.032779858
/data/Zeyu/Pooling/cat_dog_data/test_set/test_set/cats/cat.4097.jpg,1,1,0.032777026,0.967223
/data/Zeyu/Pooling/cat_dog_data/test_set/test_set/cats/cat.4098.jpg,1,0,0.98391366,0.016086299
/data/Zeyu/Pooling/cat_dog_data/test_set/test_set/cats/cat.4099.jpg,1,1,0.00011598292,0.999884
/data/Zeyu/Pooling/cat_dog_data/test_set/test_set/cats/cat.4100.jpg,1,1,0.051939216,0.9480608
/data/Zeyu/Pooling/cat_dog_data/test_set/test_set/cats/cat.4101.jpg,1,0,0.9819167,0.018083265
/data/Zeyu/Pooling/cat_dog_data/test_set/test_set/cats/cat.4102.jpg,1,0,0.9459532,0.05404677
/data/Zeyu/Pooling/cat_dog_data/test_set/test_set/cats/cat.4103.jpg,1,1,3.114858e-05,0.9999689
