Filename,True_Label,Predicted_Label,ResNet34_Original_class0_prob,ResNet34_Original_class1_prob
/data/Zeyu/Pooling/cat_dog_data/test_set/test_set/cats/cat.4001.jpg,0,0,1.0,1.661823e-08
/data/Zeyu/Pooling/cat_dog_data/test_set/test_set/cats/cat.4002.jpg,0,0,0.9998913,0.00010872031
/data/Zeyu/Pooling/cat_dog_data/test_set/test_set/cats/cat.4003.jpg,0,0,1.0,1.6927281e-13
/data/Zeyu/Pooling/cat_dog_data/test_set/test_set/cats/cat.4004.jpg,0,0,1.0,3.9637563e-10
/data/Zeyu/Pooling/cat_dog_data/test_set/test_set/cats/cat.4005.jpg,0,0,1.0,6.72116e-10
/data/Zeyu/Pooling/cat_dog_data/test_set/test_set/cats/cat.4006.jpg,0,0,0.999967,3.2955915e-05
/data/Zeyu/Pooling/cat_dog_data/test_set/test_set/cats/cat.4007.jpg,0,0,0.9999943,5.7029183e-06
/data/Zeyu/Pooling/cat_dog_data/test_set/test_set/cats/cat.4008.jpg,0,1,0.008281722,0.9917139
/data/Zeyu/Pooling/cat_dog_data/test_set/test_set/cats/cat.4009.jpg,0,0,0.99999475,5.2729115e-06
/data/Zeyu/Pooling/cat_dog_data/test_set/test_set/cats/cat.4010.jpg,0,0,0.9999995,4.987179e-07
/data/Zeyu/Pooling/cat_dog_data/test_set/test_set/cats/cat.4011.jpg,0,0,0.99703395,0.002962681
/data/Zeyu/Pooling/cat_dog_data/test_set/test_set/cats/cat.4012.jpg,0,0,0.9656701,0.034323197
/data/Zeyu/Pooling/cat_dog_data/test_set/test_set/cats/cat.4013.jpg,0,0,1.0,3.996765e-14
/data/Zeyu/Pooling/cat_dog_data/test_set/test_set/cats/cat.4014.jpg,0,0,1.0,3.7229797e-10
/data/Zeyu/Pooling/cat_dog_data/test_set/test_set/cats/cat.4015.jpg,0,0,0.99807286,0.0019255731
/data/Zeyu/Pooling/cat_dog_data/test_set/test_set/cats/cat.4016.jpg,0,0,0.7515856,0.24838461
/data/Zeyu/Pooling/cat_dog_data/test_set/test_set/cats/cat.4017.jpg,0,0,0.9999968,3.1889242e-06
/data/Zeyu/Pooling/cat_dog_data/test_set/test_set/cats/cat.4018.jpg,0,0,0.94873655,0.05125555
/data/Zeyu/Pooling/cat_dog_data/test_set/test_set/cats/cat.4019.jpg,0,0,1.0,7.3418727e-10
/data/Zeyu/Pooling/cat_dog_data/test_set/test_set/cats/cat.4020.jpg,0,0,1.0,2.047057e-09
/data/Zeyu/Pooling/cat_dog_data/test_set/test_set/cats/cat.4021.jpg,0,0,1.0,5.6554213e-11
/data/Zeyu/Pooling/cat_dog_data/test_set/test_set/cats/cat.4022.jpg,0,0,0.9999999,8.298835e-08
/data/Zeyu/Pooling/cat_dog_data/test_set/test_set/cats/cat.4023.jpg,0,0,1.0,2.7148039e-12
/data/Zeyu/Pooling/cat_dog_data/test_set/test_set/cats/cat.4024.jpg,0,0,0.999949,5.1039526e-05
/data/Zeyu/Pooling/cat_dog_data/test_set/test_set/cats/cat.4025.jpg,0,0,0.99999976,2.2944518e-07
/data/Zeyu/Pooling/cat_dog_data/test_set/test_set/cats/cat.4026.jpg,0,0,0.9994023,0.0005973924
/data/Zeyu/Pooling/cat_dog_data/test_set/test_set/cats/cat.4027.jpg,0,0,1.0,9.421987e-11
/data/Zeyu/Pooling/cat_dog_data/test_set/test_set/cats/cat.4028.jpg,0,0,0.9999993,7.7265463e-07
/data/Zeyu/Pooling/cat_dog_data/test_set/test_set/cats/cat.4029.jpg,0,0,1.0,4.1309436e-09
/data/Zeyu/Pooling/cat_dog_data/test_set/test_set/cats/cat.4030.jpg,0,0,1.0,3.2810625e-08
/data/Zeyu/Pooling/cat_dog_data/test_set/test_set/cats/cat.4031.jpg,0,0,0.9664965,0.033491556
/data/Zeyu/Pooling/cat_dog_data/test_set/test_set/cats/cat.4032.jpg,0,0,1.0,1.7157903e-10
/data/Zeyu/Pooling/cat_dog_data/test_set/test_set/cats/cat.4033.jpg,0,0,0.99997485,2.5127245e-05
/data/Zeyu/Pooling/cat_dog_data/test_set/test_set/cats/cat.4034.jpg,0,0,1.0,7.4478235e-10
/data/Zeyu/Pooling/cat_dog_data/test_set/test_set/cats/cat.4035.jpg,0,0,0.9999925,7.5313505e-06
/data/Zeyu/Pooling/cat_dog_data/test_set/test_set/cats/cat.4036.jpg,0,0,1.0,1.2863464e-08
/data/Zeyu/Pooling/cat_dog_data/test_set/test_set/cats/cat.4037.jpg,0,0,1.0,3.0642744e-10
/data/Zeyu/Pooling/cat_dog_data/test_set/test_set/cats/cat.4038.jpg,0,0,0.9998691,0.00013080558
/data/Zeyu/Pooling/cat_dog_data/test_set/test_set/cats/cat.4039.jpg,0,0,0.99989784,0.00010215695
/data/Zeyu/Pooling/cat_dog_data/test_set/test_set/cats/cat.4040.jpg,0,0,1.0,1.40980665e-11
/data/Zeyu/Pooling/cat_dog_data/test_set/test_set/cats/cat.4041.jpg,0,0,1.0,2.860729e-12
/data/Zeyu/Pooling/cat_dog_data/test_set/test_set/cats/cat.4042.jpg,0,1,0.4574664,0.5424779
/data/Zeyu/Pooling/cat_dog_data/test_set/test_set/cats/cat.4043.jpg,0,0,0.99998045,1.9541254e-05
/data/Zeyu/Pooling/cat_dog_data/test_set/test_set/cats/cat.4044.jpg,0,1,0.010910977,0.9890821
/data/Zeyu/Pooling/cat_dog_data/test_set/test_set/cats/cat.4045.jpg,0,0,1.0,1.0005158e-10
/data/Zeyu/Pooling/cat_dog_data/test_set/test_set/cats/cat.4046.jpg,0,0,1.0,1.4677974e-10
/data/Zeyu/Pooling/cat_dog_data/test_set/test_set/cats/cat.4047.jpg,0,1,0.035514615,0.96446246
/data/Zeyu/Pooling/cat_dog_data/test_set/test_set/cats/cat.4048.jpg,0,0,1.0,1.6795611e-10
/data/Zeyu/Pooling/cat_dog_data/test_set/test_set/cats/cat.4049.jpg,0,0,1.0,7.3024325e-10
/data/Zeyu/Pooling/cat_dog_data/test_set/test_set/cats/cat.4050.jpg,0,0,0.9999937,6.2981676e-06
/data/Zeyu/Pooling/cat_dog_data/test_set/test_set/cats/cat.4051.jpg,0,0,1.0,1.538243e-12
/data/Zeyu/Pooling/cat_dog_data/test_set/test_set/cats/cat.4052.jpg,0,0,1.0,2.4987562e-10
/data/Zeyu/Pooling/cat_dog_data/test_set/test_set/cats/cat.4053.jpg,0,0,0.9999962,3.831659e-06
/data/Zeyu/Pooling/cat_dog_data/test_set/test_set/cats/cat.4054.jpg,0,0,1.0,3.4798378e-09
/data/Zeyu/Pooling/cat_dog_data/test_set/test_set/cats/cat.4055.jpg,0,0,1.0,2.4335954e-08
/data/Zeyu/Pooling/cat_dog_data/test_set/test_set/cats/cat.4056.jpg,0,0,1.0,4.052584e-08
/data/Zeyu/Pooling/cat_dog_data/test_set/test_set/cats/cat.4057.jpg,0,0,0.99999845,1.530795e-06
/data/Zeyu/Pooling/cat_dog_data/test_set/test_set/cats/cat.4058.jpg,0,0,0.6763571,0.32361987
/data/Zeyu/Pooling/cat_dog_data/test_set/test_set/cats/cat.4059.jpg,0,0,0.9999999,7.337594e-08
/data/Zeyu/Pooling/cat_dog_data/test_set/test_set/cats/cat.4060.jpg,0,0,1.0,1.7075616e-08
/data/Zeyu/Pooling/cat_dog_data/test_set/test_set/cats/cat.4061.jpg,0,0,0.9999529,4.70291e-05
/data/Zeyu/Pooling/cat_dog_data/test_set/test_set/cats/cat.4062.jpg,0,0,1.0,1.3209635e-13
/data/Zeyu/Pooling/cat_dog_data/test_set/test_set/cats/cat.4063.jpg,0,0,1.0,7.5604506e-10
/data/Zeyu/Pooling/cat_dog_data/test_set/test_set/cats/cat.4064.jpg,0,0,0.9999492,5.0712522e-05
/data/Zeyu/Pooling/cat_dog_data/test_set/test_set/cats/cat.4065.jpg,0,0,1.0,3.4589e-13
/data/Zeyu/Pooling/cat_dog_data/test_set/test_set/cats/cat.4066.jpg,0,0,0.999871,0.00012890689
/data/Zeyu/Pooling/cat_dog_data/test_set/test_set/cats/cat.4067.jpg,0,0,1.0,6.4875535e-13
/data/Zeyu/Pooling/cat_dog_data/test_set/test_set/cats/cat.4068.jpg,0,0,1.0,3.3139607e-13
/data/Zeyu/Pooling/cat_dog_data/test_set/test_set/cats/cat.4069.jpg,0,0,0.99982613,0.0001738134
/data/Zeyu/Pooling/cat_dog_data/test_set/test_set/cats/cat.4070.jpg,0,0,1.0,1.3644137e-14
/data/Zeyu/Pooling/cat_dog_data/test_set/test_set/cats/cat.4071.jpg,0,0,0.83167964,0.16831028
/data/Zeyu/Pooling/cat_dog_data/test_set/test_set/cats/cat.4072.jpg,0,1,0.3273688,0.6725941
/data/Zeyu/Pooling/cat_dog_data/test_set/test_set/cats/cat.4073.jpg,0,1,0.04625197,0.9537196
/data/Zeyu/Pooling/cat_dog_data/test_set/test_set/cats/cat.4074.jpg,0,0,1.0,4.1040277e-10
/data/Zeyu/Pooling/cat_dog_data/test_set/test_set/cats/cat.4075.jpg,0,0,0.99966824,0.00033176632
/data/Zeyu/Pooling/cat_dog_data/test_set/test_set/cats/cat.4076.jpg,0,0,0.534579,0.46540245
/data/Zeyu/Pooling/cat_dog_data/test_set/test_set/cats/cat.4077.jpg,0,0,1.0,2.5724461e-10
/data/Zeyu/Pooling/cat_dog_data/test_set/test_set/cats/cat.4078.jpg,0,0,1.0,7.152338e-12
/data/Zeyu/Pooling/cat_dog_data/test_set/test_set/cats/cat.4079.jpg,0,0,1.0,9.904625e-10
/data/Zeyu/Pooling/cat_dog_data/test_set/test_set/cats/cat.4080.jpg,0,0,1.0,4.676742e-09
/data/Zeyu/Pooling/cat_dog_data/test_set/test_set/cats/cat.4081.jpg,0,0,1.0,2.3741884e-09
/data/Zeyu/Pooling/cat_dog_data/test_set/test_set/cats/cat.4082.jpg,0,0,1.0,8.995239e-11
/data/Zeyu/Pooling/cat_dog_data/test_set/test_set/cats/cat.4083.jpg,0,0,1.0,1.3503697e-12
/data/Zeyu/Pooling/cat_dog_data/test_set/test_set/cats/cat.4084.jpg,0,0,1.0,5.1088257e-12
/data/Zeyu/Pooling/cat_dog_data/test_set/test_set/cats/cat.4085.jpg,0,1,4.950928e-15,1.0
/data/Zeyu/Pooling/cat_dog_data/test_set/test_set/cats/cat.4086.jpg,0,0,0.9999944,5.5794562e-06
/data/Zeyu/Pooling/cat_dog_data/test_set/test_set/cats/cat.4087.jpg,0,0,0.7266477,0.27331817
/data/Zeyu/Pooling/cat_dog_data/test_set/test_set/cats/cat.4088.jpg,0,0,1.0,2.1651234e-09
/data/Zeyu/Pooling/cat_dog_data/test_set/test_set/cats/cat.4089.jpg,0,0,0.99999726,2.7262076e-06
/data/Zeyu/Pooling/cat_dog_data/test_set/test_set/cats/cat.4090.jpg,0,0,0.99993837,6.158485e-05
/data/Zeyu/Pooling/cat_dog_data/test_set/test_set/cats/cat.4091.jpg,0,0,1.0,2.0984214e-09
/data/Zeyu/Pooling/cat_dog_data/test_set/test_set/cats/cat.4092.jpg,0,0,1.0,3.7230528e-09
/data/Zeyu/Pooling/cat_dog_data/test_set/test_set/cats/cat.4093.jpg,0,0,1.0,2.4263324e-08
/data/Zeyu/Pooling/cat_dog_data/test_set/test_set/cats/cat.4094.jpg,0,0,0.9999993,6.8326943e-07
/data/Zeyu/Pooling/cat_dog_data/test_set/test_set/cats/cat.4095.jpg,0,0,1.0,1.7718464e-10
/data/Zeyu/Pooling/cat_dog_data/test_set/test_set/cats/cat.4096.jpg,0,0,0.9999994,5.546107e-07
/data/Zeyu/Pooling/cat_dog_data/test_set/test_set/cats/cat.4097.jpg,0,0,1.0,3.6184098e-13
/data/Zeyu/Pooling/cat_dog_data/test_set/test_set/cats/cat.4098.jpg,0,0,1.0,3.0112712e-10
/data/Zeyu/Pooling/cat_dog_data/test_set/test_set/cats/cat.4099.jpg,0,0,0.9999974,2.6495507e-06
/data/Zeyu/Pooling/cat_dog_data/test_set/test_set/cats/cat.4100.jpg,0,0,0.96940696,0.030588951
/data/Zeyu/Pooling/cat_dog_data/test_set/test_set/cats/cat.4101.jpg,0,0,0.9455447,0.054449685
/data/Zeyu/Pooling/cat_dog_data/test_set/test_set/cats/cat.4102.jpg,0,0,1.0,2.9787853e-13
/data/Zeyu/Pooling/cat_dog_data/test_set/test_set/cats/cat.4103.jpg,0,0,0.99999976,2.6672592e-07
/data/Zeyu/Pooling/cat_dog_data/test_set/test_set/cats/cat.4104.jpg,0,0,0.9988852,0.0011143204
/data/Zeyu/Pooling/cat_dog_data/test_set/test_set/cats/cat.4105.jpg,0,0,0.7520172,0.24795857
/data/Zeyu/Pooling/cat_dog_data/test_set/test_set/cats/cat.4106.jpg,0,0,1.0,6.353279e-10
/data/Zeyu/Pooling/cat_dog_data/test_set/test_set/cats/cat.4107.jpg,0,0,1.0,1.0925812e-11
/data/Zeyu/Pooling/cat_dog_data/test_set/test_set/cats/cat.4108.jpg,0,0,1.0,3.37194e-08
/data/Zeyu/Pooling/cat_dog_data/test_set/test_set/cats/cat.4109.jpg,0,0,1.0,5.0966918e-11
/data/Zeyu/Pooling/cat_dog_data/test_set/test_set/cats/cat.4110.jpg,0,0,1.0,3.9064292e-14
/data/Zeyu/Pooling/cat_dog_data/test_set/test_set/cats/cat.4111.jpg,0,0,0.9999999,6.682753e-08
/data/Zeyu/Pooling/cat_dog_data/test_set/test_set/cats/cat.4112.jpg,0,0,0.9999968,3.2408946e-06
/data/Zeyu/Pooling/cat_dog_data/test_set/test_set/cats/cat.4113.jpg,0,0,1.0,1.9853731e-10
/data/Zeyu/Pooling/cat_dog_data/test_set/test_set/cats/cat.4114.jpg,0,0,1.0,3.8624667e-13
/data/Zeyu/Pooling/cat_dog_data/test_set/test_set/cats/cat.4115.jpg,0,0,1.0,1.3560028e-10
/data/Zeyu/Pooling/cat_dog_data/test_set/test_set/cats/cat.4116.jpg,0,0,0.9822083,0.017782364
/data/Zeyu/Pooling/cat_dog_data/test_set/test_set/cats/cat.4117.jpg,0,0,1.0,2.769627e-08
/data/Zeyu/Pooling/cat_dog_data/test_set/test_set/cats/cat.4118.jpg,0,0,1.0,1.6567562e-08
/data/Zeyu/Pooling/cat_dog_data/test_set/test_set/cats/cat.4119.jpg,0,0,0.9999995,4.4009812e-07
/data/Zeyu/Pooling/cat_dog_data/test_set/test_set/cats/cat.4120.jpg,0,0,0.9971169,0.0028823942
/data/Zeyu/Pooling/cat_dog_data/test_set/test_set/cats/cat.4121.jpg,0,0,1.0,8.4465435e-10
/data/Zeyu/Pooling/cat_dog_data/test_set/test_set/cats/cat.4122.jpg,0,0,1.0,1.9283433e-09
/data/Zeyu/Pooling/cat_dog_data/test_set/test_set/cats/cat.4123.jpg,0,0,1.0,1.5355498e-11
/data/Zeyu/Pooling/cat_dog_data/test_set/test_set/cats/cat.4124.jpg,0,0,1.0,9.130931e-12
/data/Zeyu/Pooling/cat_dog_data/test_set/test_set/cats/cat.4125.jpg,0,0,0.9999578,4.2215037e-05
/data/Zeyu/Pooling/cat_dog_data/test_set/test_set/cats/cat.4126.jpg,0,0,0.99998,2.0002935e-05
/data/Zeyu/Pooling/cat_dog_data/test_set/test_set/cats/cat.4127.jpg,0,0,1.0,4.6247526e-09
/data/Zeyu/Pooling/cat_dog_data/test_set/test_set/cats/cat.4128.jpg,0,0,1.0,1.2019381e-11
/data/Zeyu/Pooling/cat_dog_data/test_set/test_set/cats/cat.4001.jpg,0,0,0.9714291,0.028563788
/data/Zeyu/Pooling/cat_dog_data/test_set/test_set/cats/cat.4002.jpg,0,0,1.0,4.5185335e-09
/data/Zeyu/Pooling/cat_dog_data/test_set/test_set/cats/cat.4003.jpg,0,0,1.0,1.2613622e-09
/data/Zeyu/Pooling/cat_dog_data/test_set/test_set/cats/cat.4004.jpg,0,0,1.0,1.3963504e-08
/data/Zeyu/Pooling/cat_dog_data/test_set/test_set/cats/cat.4005.jpg,0,0,0.9998274,0.00017256381
/data/Zeyu/Pooling/cat_dog_data/test_set/test_set/cats/cat.4006.jpg,0,0,0.99992776,7.2197305e-05
/data/Zeyu/Pooling/cat_dog_data/test_set/test_set/cats/cat.4007.jpg,0,0,0.99999714,2.911677e-06
/data/Zeyu/Pooling/cat_dog_data/test_set/test_set/cats/cat.4008.jpg,0,0,0.99914193,0.0008577316
/data/Zeyu/Pooling/cat_dog_data/test_set/test_set/cats/cat.4009.jpg,0,0,1.0,7.424778e-13
/data/Zeyu/Pooling/cat_dog_data/test_set/test_set/cats/cat.4010.jpg,0,1,0.1656517,0.83433837
/data/Zeyu/Pooling/cat_dog_data/test_set/test_set/cats/cat.4011.jpg,0,0,1.0,2.1914768e-09
/data/Zeyu/Pooling/cat_dog_data/test_set/test_set/cats/cat.4012.jpg,0,0,0.9992299,0.000769631
/data/Zeyu/Pooling/cat_dog_data/test_set/test_set/cats/cat.4013.jpg,0,0,1.0,4.7316537e-09
/data/Zeyu/Pooling/cat_dog_data/test_set/test_set/cats/cat.4014.jpg,0,0,0.9960575,0.003941817
/data/Zeyu/Pooling/cat_dog_data/test_set/test_set/cats/cat.4015.jpg,0,0,0.9960575,0.003941817
/data/Zeyu/Pooling/cat_dog_data/test_set/test_set/cats/cat.4016.jpg,0,0,0.9999995,4.4510415e-07
/data/Zeyu/Pooling/cat_dog_data/test_set/test_set/cats/cat.4017.jpg,0,0,1.0,1.9011612e-09
/data/Zeyu/Pooling/cat_dog_data/test_set/test_set/cats/cat.4018.jpg,0,0,0.9999999,6.203992e-08
/data/Zeyu/Pooling/cat_dog_data/test_set/test_set/cats/cat.4019.jpg,0,0,1.0,1.621563e-08
/data/Zeyu/Pooling/cat_dog_data/test_set/test_set/cats/cat.4020.jpg,0,0,0.99999523,4.7691037e-06
/data/Zeyu/Pooling/cat_dog_data/test_set/test_set/cats/cat.4021.jpg,0,0,1.0,7.0218404e-09
/data/Zeyu/Pooling/cat_dog_data/test_set/test_set/cats/cat.4022.jpg,0,0,0.8695466,0.13044661
/data/Zeyu/Pooling/cat_dog_data/test_set/test_set/cats/cat.4023.jpg,0,0,1.0,3.1455944e-13
/data/Zeyu/Pooling/cat_dog_data/test_set/test_set/cats/cat.4024.jpg,0,1,1.6333577e-05,0.99998355
/data/Zeyu/Pooling/cat_dog_data/test_set/test_set/cats/cat.4025.jpg,0,0,1.0,8.68211e-11
/data/Zeyu/Pooling/cat_dog_data/test_set/test_set/cats/cat.4026.jpg,0,0,1.0,2.4115016e-10
/data/Zeyu/Pooling/cat_dog_data/test_set/test_set/cats/cat.4027.jpg,0,1,0.30960214,0.6903748
/data/Zeyu/Pooling/cat_dog_data/test_set/test_set/cats/cat.4028.jpg,0,0,0.9996791,0.0003208502
/data/Zeyu/Pooling/cat_dog_data/test_set/test_set/cats/cat.4029.jpg,0,0,0.976223,0.023771985
/data/Zeyu/Pooling/cat_dog_data/test_set/test_set/cats/cat.4030.jpg,0,0,0.976223,0.023771985
/data/Zeyu/Pooling/cat_dog_data/test_set/test_set/cats/cat.4031.jpg,0,0,0.9999999,8.476408e-08
/data/Zeyu/Pooling/cat_dog_data/test_set/test_set/cats/cat.4032.jpg,0,0,1.0,7.1236317e-10
/data/Zeyu/Pooling/cat_dog_data/test_set/test_set/cats/cat.4033.jpg,0,0,0.9999999,8.837385e-08
/data/Zeyu/Pooling/cat_dog_data/test_set/test_set/cats/cat.4034.jpg,0,0,0.99999714,2.8534546e-06
/data/Zeyu/Pooling/cat_dog_data/test_set/test_set/cats/cat.4035.jpg,0,0,0.9999999,7.0202766e-08
/data/Zeyu/Pooling/cat_dog_data/test_set/test_set/cats/cat.4036.jpg,0,0,0.9999937,6.3624743e-06
/data/Zeyu/Pooling/cat_dog_data/test_set/test_set/cats/cat.4037.jpg,0,0,1.0,1.1196877e-09
/data/Zeyu/Pooling/cat_dog_data/test_set/test_set/cats/cat.4038.jpg,0,0,1.0,7.124236e-12
/data/Zeyu/Pooling/cat_dog_data/test_set/test_set/cats/cat.4039.jpg,0,0,1.0,2.7594649e-09
/data/Zeyu/Pooling/cat_dog_data/test_set/test_set/cats/cat.4040.jpg,0,0,0.99999976,1.9882634e-07
/data/Zeyu/Pooling/cat_dog_data/test_set/test_set/cats/cat.4041.jpg,0,0,1.0,2.4026547e-10
/data/Zeyu/Pooling/cat_dog_data/test_set/test_set/cats/cat.4042.jpg,0,0,1.0,1.5599972e-13
/data/Zeyu/Pooling/cat_dog_data/test_set/test_set/cats/cat.4043.jpg,0,0,1.0,1.9997222e-08
/data/Zeyu/Pooling/cat_dog_data/test_set/test_set/cats/cat.4044.jpg,0,0,0.9999994,5.8113335e-07
/data/Zeyu/Pooling/cat_dog_data/test_set/test_set/cats/cat.4045.jpg,0,0,1.0,1.2327234e-09
/data/Zeyu/Pooling/cat_dog_data/test_set/test_set/cats/cat.4046.jpg,0,0,1.0,7.457575e-10
/data/Zeyu/Pooling/cat_dog_data/test_set/test_set/cats/cat.4047.jpg,0,0,1.0,5.297604e-09
/data/Zeyu/Pooling/cat_dog_data/test_set/test_set/cats/cat.4048.jpg,0,0,0.998372,0.0016272798
/data/Zeyu/Pooling/cat_dog_data/test_set/test_set/cats/cat.4049.jpg,0,0,1.0,1.27922456e-11
/data/Zeyu/Pooling/cat_dog_data/test_set/test_set/cats/cat.4050.jpg,0,0,1.0,3.5959758e-08
/data/Zeyu/Pooling/cat_dog_data/test_set/test_set/cats/cat.4051.jpg,0,0,1.0,2.6888242e-10
/data/Zeyu/Pooling/cat_dog_data/test_set/test_set/cats/cat.4052.jpg,0,0,1.0,6.63741e-25
/data/Zeyu/Pooling/cat_dog_data/test_set/test_set/cats/cat.4053.jpg,0,0,1.0,2.7840822e-11
/data/Zeyu/Pooling/cat_dog_data/test_set/test_set/cats/cat.4054.jpg,0,0,1.0,1.7563022e-13
/data/Zeyu/Pooling/cat_dog_data/test_set/test_set/cats/cat.4055.jpg,0,0,0.9999999,1.5602579e-07
/data/Zeyu/Pooling/cat_dog_data/test_set/test_set/cats/cat.4056.jpg,0,0,0.9999999,1.5602579e-07
/data/Zeyu/Pooling/cat_dog_data/test_set/test_set/cats/cat.4057.jpg,0,0,1.0,1.1455468e-10
/data/Zeyu/Pooling/cat_dog_data/test_set/test_set/cats/cat.4058.jpg,0,0,1.0,6.6909642e-09
/data/Zeyu/Pooling/cat_dog_data/test_set/test_set/cats/cat.4059.jpg,0,0,1.0,3.5806174e-12
/data/Zeyu/Pooling/cat_dog_data/test_set/test_set/cats/cat.4060.jpg,0,0,0.9999999,6.685252e-08
/data/Zeyu/Pooling/cat_dog_data/test_set/test_set/cats/cat.4061.jpg,0,0,1.0,3.7478592e-10
/data/Zeyu/Pooling/cat_dog_data/test_set/test_set/cats/cat.4062.jpg,0,0,1.0,5.234961e-11
/data/Zeyu/Pooling/cat_dog_data/test_set/test_set/cats/cat.4063.jpg,0,0,1.0,3.661279e-13
/data/Zeyu/Pooling/cat_dog_data/test_set/test_set/cats/cat.4064.jpg,0,0,1.0,2.3096704e-15
/data/Zeyu/Pooling/cat_dog_data/test_set/test_set/cats/cat.4065.jpg,0,1,0.0052694594,0.9947242
/data/Zeyu/Pooling/cat_dog_data/test_set/test_set/cats/cat.4066.jpg,0,0,1.0,2.8894118e-10
/data/Zeyu/Pooling/cat_dog_data/test_set/test_set/cats/cat.4067.jpg,0,0,0.99999964,4.0430575e-07
/data/Zeyu/Pooling/cat_dog_data/test_set/test_set/cats/cat.4068.jpg,0,0,1.0,7.615051e-11
/data/Zeyu/Pooling/cat_dog_data/test_set/test_set/cats/cat.4069.jpg,0,0,0.999997,2.9322698e-06
/data/Zeyu/Pooling/cat_dog_data/test_set/test_set/cats/cat.4070.jpg,0,0,0.905923,0.094063014
/data/Zeyu/Pooling/cat_dog_data/test_set/test_set/cats/cat.4071.jpg,0,0,0.905923,0.094063014
/data/Zeyu/Pooling/cat_dog_data/test_set/test_set/cats/cat.4072.jpg,0,0,0.9999999,8.560653e-08
/data/Zeyu/Pooling/cat_dog_data/test_set/test_set/cats/cat.4073.jpg,0,0,1.0,9.992933e-11
/data/Zeyu/Pooling/cat_dog_data/test_set/test_set/cats/cat.4074.jpg,0,0,0.9984503,0.0015494303
/data/Zeyu/Pooling/cat_dog_data/test_set/test_set/cats/cat.4075.jpg,0,0,0.9905145,0.009484187
/data/Zeyu/Pooling/cat_dog_data/test_set/test_set/cats/cat.4076.jpg,0,0,1.0,1.7105915e-10
/data/Zeyu/Pooling/cat_dog_data/test_set/test_set/cats/cat.4077.jpg,0,0,1.0,1.2881729e-12
/data/Zeyu/Pooling/cat_dog_data/test_set/test_set/cats/cat.4078.jpg,0,0,1.0,2.9762317e-08
/data/Zeyu/Pooling/cat_dog_data/test_set/test_set/cats/cat.4079.jpg,0,0,1.0,1.1284694e-09
/data/Zeyu/Pooling/cat_dog_data/test_set/test_set/cats/cat.4080.jpg,0,0,0.99997425,2.5734907e-05
/data/Zeyu/Pooling/cat_dog_data/test_set/test_set/cats/cat.4081.jpg,0,0,1.0,2.3169022e-11
/data/Zeyu/Pooling/cat_dog_data/test_set/test_set/cats/cat.4082.jpg,0,0,1.0,6.4211756e-09
/data/Zeyu/Pooling/cat_dog_data/test_set/test_set/cats/cat.4083.jpg,0,0,0.9985066,0.001492912
/data/Zeyu/Pooling/cat_dog_data/test_set/test_set/cats/cat.4084.jpg,0,0,1.0,5.5370517e-11
/data/Zeyu/Pooling/cat_dog_data/test_set/test_set/cats/cat.4085.jpg,0,0,1.0,8.302983e-12
/data/Zeyu/Pooling/cat_dog_data/test_set/test_set/cats/cat.4086.jpg,0,0,1.0,2.9154708e-09
/data/Zeyu/Pooling/cat_dog_data/test_set/test_set/cats/cat.4087.jpg,0,1,0.016837087,0.9831524
/data/Zeyu/Pooling/cat_dog_data/test_set/test_set/cats/cat.4088.jpg,0,0,0.9999993,6.6784713e-07
/data/Zeyu/Pooling/cat_dog_data/test_set/test_set/cats/cat.4089.jpg,0,0,1.0,5.514474e-08
/data/Zeyu/Pooling/cat_dog_data/test_set/test_set/cats/cat.4090.jpg,0,1,0.17829308,0.82167625
/data/Zeyu/Pooling/cat_dog_data/test_set/test_set/cats/cat.4091.jpg,0,0,1.0,7.58515e-10
/data/Zeyu/Pooling/cat_dog_data/test_set/test_set/cats/cat.4092.jpg,0,0,0.999972,2.7972288e-05
/data/Zeyu/Pooling/cat_dog_data/test_set/test_set/cats/cat.4093.jpg,0,0,1.0,3.2094274e-10
/data/Zeyu/Pooling/cat_dog_data/test_set/test_set/cats/cat.4094.jpg,0,1,0.009468134,0.9905297
/data/Zeyu/Pooling/cat_dog_data/test_set/test_set/cats/cat.4095.jpg,0,0,1.0,3.0413616e-10
/data/Zeyu/Pooling/cat_dog_data/test_set/test_set/cats/cat.4096.jpg,0,0,0.99972576,0.00027418634
/data/Zeyu/Pooling/cat_dog_data/test_set/test_set/cats/cat.4097.jpg,0,0,0.99972576,0.00027418634
/data/Zeyu/Pooling/cat_dog_data/test_set/test_set/cats/cat.4098.jpg,0,0,1.0,4.2294136e-13
/data/Zeyu/Pooling/cat_dog_data/test_set/test_set/cats/cat.4099.jpg,0,0,1.0,1.10398956e-11
/data/Zeyu/Pooling/cat_dog_data/test_set/test_set/cats/cat.4100.jpg,0,0,0.999998,2.0582318e-06
/data/Zeyu/Pooling/cat_dog_data/test_set/test_set/cats/cat.4101.jpg,0,0,1.0,9.141421e-12
/data/Zeyu/Pooling/cat_dog_data/test_set/test_set/cats/cat.4102.jpg,0,0,0.9970319,0.0029654365
/data/Zeyu/Pooling/cat_dog_data/test_set/test_set/cats/cat.4103.jpg,0,0,1.0,2.52639e-09
/data/Zeyu/Pooling/cat_dog_data/test_set/test_set/cats/cat.4104.jpg,0,0,0.99118036,0.008819133
/data/Zeyu/Pooling/cat_dog_data/test_set/test_set/cats/cat.4105.jpg,0,0,0.99999964,3.5927198e-07
/data/Zeyu/Pooling/cat_dog_data/test_set/test_set/cats/cat.4106.jpg,0,0,1.0,3.152947e-09
/data/Zeyu/Pooling/cat_dog_data/test_set/test_set/cats/cat.4107.jpg,0,0,1.0,8.364e-09
/data/Zeyu/Pooling/cat_dog_data/test_set/test_set/cats/cat.4108.jpg,0,0,0.9999995,5.0085754e-07
/data/Zeyu/Pooling/cat_dog_data/test_set/test_set/cats/cat.4109.jpg,0,0,1.0,3.0125882e-09
/data/Zeyu/Pooling/cat_dog_data/test_set/test_set/cats/cat.4110.jpg,0,0,1.0,4.523339e-08
/data/Zeyu/Pooling/cat_dog_data/test_set/test_set/cats/cat.4111.jpg,0,0,0.8669977,0.13298517
/data/Zeyu/Pooling/cat_dog_data/test_set/test_set/cats/cat.4112.jpg,0,0,0.95228684,0.047702923
/data/Zeyu/Pooling/cat_dog_data/test_set/test_set/cats/cat.4113.jpg,0,0,0.99660707,0.0033917227
/data/Zeyu/Pooling/cat_dog_data/test_set/test_set/cats/cat.4114.jpg,0,0,1.0,8.401462e-09
/data/Zeyu/Pooling/cat_dog_data/test_set/test_set/cats/cat.4115.jpg,0,0,0.9999999,1.224135e-07
/data/Zeyu/Pooling/cat_dog_data/test_set/test_set/cats/cat.4116.jpg,0,0,1.0,5.467869e-11
/data/Zeyu/Pooling/cat_dog_data/test_set/test_set/cats/cat.4117.jpg,0,0,0.9999982,1.7597389e-06
/data/Zeyu/Pooling/cat_dog_data/test_set/test_set/cats/cat.4118.jpg,0,0,1.0,6.6730543e-10
/data/Zeyu/Pooling/cat_dog_data/test_set/test_set/cats/cat.4119.jpg,0,0,1.0,1.3313264e-13
/data/Zeyu/Pooling/cat_dog_data/test_set/test_set/cats/cat.4120.jpg,0,0,1.0,3.3298295e-11
/data/Zeyu/Pooling/cat_dog_data/test_set/test_set/cats/cat.4121.jpg,0,0,0.9999995,4.2954878e-07
/data/Zeyu/Pooling/cat_dog_data/test_set/test_set/cats/cat.4122.jpg,0,0,0.9999802,1.9754349e-05
/data/Zeyu/Pooling/cat_dog_data/test_set/test_set/cats/cat.4123.jpg,0,0,0.99999845,1.5903712e-06
/data/Zeyu/Pooling/cat_dog_data/test_set/test_set/cats/cat.4124.jpg,0,0,1.0,3.9946543e-10
/data/Zeyu/Pooling/cat_dog_data/test_set/test_set/cats/cat.4125.jpg,0,0,1.0,6.8895264e-11
/data/Zeyu/Pooling/cat_dog_data/test_set/test_set/cats/cat.4126.jpg,0,0,1.0,1.9724139e-08
/data/Zeyu/Pooling/cat_dog_data/test_set/test_set/cats/cat.4127.jpg,0,0,1.0,2.0955198e-11
/data/Zeyu/Pooling/cat_dog_data/test_set/test_set/cats/cat.4128.jpg,0,0,1.0,3.715479e-15
/data/Zeyu/Pooling/cat_dog_data/test_set/test_set/cats/cat.4001.jpg,0,0,1.0,2.847911e-10
/data/Zeyu/Pooling/cat_dog_data/test_set/test_set/cats/cat.4002.jpg,0,0,1.0,8.9444485e-10
/data/Zeyu/Pooling/cat_dog_data/test_set/test_set/cats/cat.4003.jpg,0,0,0.9999671,3.2902783e-05
/data/Zeyu/Pooling/cat_dog_data/test_set/test_set/cats/cat.4004.jpg,0,0,1.0,1.5515596e-11
/data/Zeyu/Pooling/cat_dog_data/test_set/test_set/cats/cat.4005.jpg,0,0,0.99999976,2.7341414e-07
/data/Zeyu/Pooling/cat_dog_data/test_set/test_set/cats/cat.4006.jpg,0,0,1.0,2.691964e-18
/data/Zeyu/Pooling/cat_dog_data/test_set/test_set/cats/cat.4007.jpg,0,0,0.9999963,3.738443e-06
/data/Zeyu/Pooling/cat_dog_data/test_set/test_set/cats/cat.4008.jpg,0,0,1.0,2.5629828e-11
/data/Zeyu/Pooling/cat_dog_data/test_set/test_set/cats/cat.4009.jpg,0,0,1.0,1.3159435e-10
/data/Zeyu/Pooling/cat_dog_data/test_set/test_set/cats/cat.4010.jpg,0,0,0.99906486,0.0009346005
/data/Zeyu/Pooling/cat_dog_data/test_set/test_set/cats/cat.4011.jpg,0,0,1.0,2.0710094e-09
/data/Zeyu/Pooling/cat_dog_data/test_set/test_set/cats/cat.4012.jpg,0,0,1.0,3.1730573e-11
/data/Zeyu/Pooling/cat_dog_data/test_set/test_set/cats/cat.4013.jpg,0,0,1.0,3.9636296e-13
/data/Zeyu/Pooling/cat_dog_data/test_set/test_set/cats/cat.4014.jpg,0,0,1.0,1.6653265e-15
/data/Zeyu/Pooling/cat_dog_data/test_set/test_set/cats/cat.4015.jpg,0,0,1.0,1.0877791e-09
/data/Zeyu/Pooling/cat_dog_data/test_set/test_set/cats/cat.4016.jpg,0,0,1.0,7.468026e-13
/data/Zeyu/Pooling/cat_dog_data/test_set/test_set/cats/cat.4017.jpg,0,0,0.9999895,1.0465491e-05
/data/Zeyu/Pooling/cat_dog_data/test_set/test_set/cats/cat.4018.jpg,0,0,1.0,1.6613311e-09
/data/Zeyu/Pooling/cat_dog_data/test_set/test_set/cats/cat.4019.jpg,0,0,1.0,1.09170736e-13
/data/Zeyu/Pooling/cat_dog_data/test_set/test_set/cats/cat.4020.jpg,0,0,0.9999999,6.8733264e-08
/data/Zeyu/Pooling/cat_dog_data/test_set/test_set/cats/cat.4021.jpg,0,0,0.99998987,1.0180187e-05
/data/Zeyu/Pooling/cat_dog_data/test_set/test_set/cats/cat.4022.jpg,0,0,0.9999999,6.33824e-08
/data/Zeyu/Pooling/cat_dog_data/test_set/test_set/cats/cat.4023.jpg,0,0,1.0,1.11435854e-10
/data/Zeyu/Pooling/cat_dog_data/test_set/test_set/cats/cat.4024.jpg,0,0,1.0,2.0961375e-09
/data/Zeyu/Pooling/cat_dog_data/test_set/test_set/cats/cat.4025.jpg,0,0,1.0,2.4417236e-11
/data/Zeyu/Pooling/cat_dog_data/test_set/test_set/cats/cat.4026.jpg,0,0,1.0,1.8396036e-12
/data/Zeyu/Pooling/cat_dog_data/test_set/test_set/cats/cat.4027.jpg,0,0,0.99999964,3.9713854e-07
/data/Zeyu/Pooling/cat_dog_data/test_set/test_set/cats/cat.4028.jpg,0,0,1.0,1.1721519e-09
/data/Zeyu/Pooling/cat_dog_data/test_set/test_set/cats/cat.4029.jpg,0,0,0.9825203,0.017477766
/data/Zeyu/Pooling/cat_dog_data/test_set/test_set/cats/cat.4030.jpg,0,0,1.0,3.7765534e-11
/data/Zeyu/Pooling/cat_dog_data/test_set/test_set/cats/cat.4031.jpg,0,0,1.0,7.764851e-13
/data/Zeyu/Pooling/cat_dog_data/test_set/test_set/cats/cat.4032.jpg,0,0,0.68862045,0.31136394
/data/Zeyu/Pooling/cat_dog_data/test_set/test_set/cats/cat.4033.jpg,0,0,0.99948907,0.000510732
/data/Zeyu/Pooling/cat_dog_data/test_set/test_set/cats/cat.4034.jpg,0,0,1.0,4.255447e-16
/data/Zeyu/Pooling/cat_dog_data/test_set/test_set/cats/cat.4035.jpg,0,0,1.0,2.117887e-09
/data/Zeyu/Pooling/cat_dog_data/test_set/test_set/cats/cat.4036.jpg,0,0,1.0,1.8410605e-08
/data/Zeyu/Pooling/cat_dog_data/test_set/test_set/cats/cat.4037.jpg,0,0,1.0,5.1774225e-09
/data/Zeyu/Pooling/cat_dog_data/test_set/test_set/cats/cat.4038.jpg,0,0,1.0,1.8880759e-13
/data/Zeyu/Pooling/cat_dog_data/test_set/test_set/cats/cat.4039.jpg,0,0,1.0,1.6685484e-10
/data/Zeyu/Pooling/cat_dog_data/test_set/test_set/cats/cat.4040.jpg,0,0,0.9999958,4.20702e-06
/data/Zeyu/Pooling/cat_dog_data/test_set/test_set/cats/cat.4041.jpg,0,0,1.0,1.1707762e-08
/data/Zeyu/Pooling/cat_dog_data/test_set/test_set/cats/cat.4042.jpg,0,0,1.0,7.589281e-12
/data/Zeyu/Pooling/cat_dog_data/test_set/test_set/cats/cat.4043.jpg,0,0,1.0,5.825586e-13
/data/Zeyu/Pooling/cat_dog_data/test_set/test_set/cats/cat.4044.jpg,0,0,1.0,2.1468283e-09
/data/Zeyu/Pooling/cat_dog_data/test_set/test_set/cats/cat.4045.jpg,0,0,0.9999988,1.241865e-06
/data/Zeyu/Pooling/cat_dog_data/test_set/test_set/cats/cat.4046.jpg,0,0,1.0,2.7324567e-08
/data/Zeyu/Pooling/cat_dog_data/test_set/test_set/cats/cat.4047.jpg,0,0,1.0,3.354179e-11
/data/Zeyu/Pooling/cat_dog_data/test_set/test_set/cats/cat.4048.jpg,0,0,1.0,2.3350414e-12
/data/Zeyu/Pooling/cat_dog_data/test_set/test_set/cats/cat.4049.jpg,0,0,1.0,2.822216e-13
/data/Zeyu/Pooling/cat_dog_data/test_set/test_set/cats/cat.4050.jpg,0,0,1.0,1.0756671e-11
/data/Zeyu/Pooling/cat_dog_data/test_set/test_set/cats/cat.4051.jpg,0,0,1.0,7.624509e-12
/data/Zeyu/Pooling/cat_dog_data/test_set/test_set/cats/cat.4052.jpg,0,0,1.0,3.1305084e-11
/data/Zeyu/Pooling/cat_dog_data/test_set/test_set/cats/cat.4053.jpg,0,0,1.0,7.486739e-09
/data/Zeyu/Pooling/cat_dog_data/test_set/test_set/cats/cat.4054.jpg,0,0,1.0,4.2010253e-09
/data/Zeyu/Pooling/cat_dog_data/test_set/test_set/cats/cat.4055.jpg,0,0,0.9999318,6.815437e-05
/data/Zeyu/Pooling/cat_dog_data/test_set/test_set/cats/cat.4056.jpg,0,0,1.0,1.6289943e-11
/data/Zeyu/Pooling/cat_dog_data/test_set/test_set/cats/cat.4057.jpg,0,0,0.9987947,0.0012048286
/data/Zeyu/Pooling/cat_dog_data/test_set/test_set/cats/cat.4058.jpg,0,0,0.9999496,5.0433624e-05
/data/Zeyu/Pooling/cat_dog_data/test_set/test_set/cats/cat.4059.jpg,0,0,1.0,2.796564e-10
/data/Zeyu/Pooling/cat_dog_data/test_set/test_set/cats/cat.4060.jpg,0,0,0.9999267,7.324569e-05
/data/Zeyu/Pooling/cat_dog_data/test_set/test_set/cats/cat.4061.jpg,0,0,0.9999999,6.9683544e-08
/data/Zeyu/Pooling/cat_dog_data/test_set/test_set/cats/cat.4062.jpg,0,0,1.0,3.7640766e-11
/data/Zeyu/Pooling/cat_dog_data/test_set/test_set/cats/cat.4063.jpg,0,1,0.0026703686,0.9973284
/data/Zeyu/Pooling/cat_dog_data/test_set/test_set/cats/cat.4064.jpg,0,0,1.0,5.124292e-09
/data/Zeyu/Pooling/cat_dog_data/test_set/test_set/cats/cat.4065.jpg,0,0,1.0,1.3424922e-10
/data/Zeyu/Pooling/cat_dog_data/test_set/test_set/cats/cat.4066.jpg,0,0,0.9999999,8.59929e-08
/data/Zeyu/Pooling/cat_dog_data/test_set/test_set/cats/cat.4067.jpg,0,0,0.99999166,8.3119e-06
/data/Zeyu/Pooling/cat_dog_data/test_set/test_set/cats/cat.4068.jpg,0,0,1.0,3.4711517e-10
/data/Zeyu/Pooling/cat_dog_data/test_set/test_set/cats/cat.4069.jpg,0,0,0.9999994,6.433321e-07
/data/Zeyu/Pooling/cat_dog_data/test_set/test_set/cats/cat.4070.jpg,0,0,0.9897433,0.010252355
/data/Zeyu/Pooling/cat_dog_data/test_set/test_set/cats/cat.4071.jpg,0,0,1.0,1.7834954e-15
/data/Zeyu/Pooling/cat_dog_data/test_set/test_set/cats/cat.4072.jpg,0,0,1.0,7.688751e-12
/data/Zeyu/Pooling/cat_dog_data/test_set/test_set/cats/cat.4073.jpg,0,0,1.0,3.3691027e-13
/data/Zeyu/Pooling/cat_dog_data/test_set/test_set/cats/cat.4074.jpg,0,0,1.0,4.5830593e-09
/data/Zeyu/Pooling/cat_dog_data/test_set/test_set/cats/cat.4075.jpg,0,0,1.0,1.6333984e-09
/data/Zeyu/Pooling/cat_dog_data/test_set/test_set/cats/cat.4076.jpg,0,0,1.0,2.9747953e-12
/data/Zeyu/Pooling/cat_dog_data/test_set/test_set/cats/cat.4077.jpg,0,0,1.0,1.6302251e-11
/data/Zeyu/Pooling/cat_dog_data/test_set/test_set/cats/cat.4078.jpg,0,0,1.0,1.2039768e-09
/data/Zeyu/Pooling/cat_dog_data/test_set/test_set/cats/cat.4079.jpg,0,0,1.0,1.1672369e-13
/data/Zeyu/Pooling/cat_dog_data/test_set/test_set/cats/cat.4080.jpg,0,0,0.9989831,0.0010164421
/data/Zeyu/Pooling/cat_dog_data/test_set/test_set/cats/cat.4081.jpg,0,0,0.99479634,0.0052032135
/data/Zeyu/Pooling/cat_dog_data/test_set/test_set/cats/cat.4082.jpg,0,0,1.0,4.469984e-08
/data/Zeyu/Pooling/cat_dog_data/test_set/test_set/cats/cat.4083.jpg,0,0,1.0,6.123816e-11
/data/Zeyu/Pooling/cat_dog_data/test_set/test_set/cats/cat.4084.jpg,0,0,1.0,1.1693572e-11
/data/Zeyu/Pooling/cat_dog_data/test_set/test_set/cats/cat.4085.jpg,0,0,1.0,1.0361868e-11
/data/Zeyu/Pooling/cat_dog_data/test_set/test_set/cats/cat.4086.jpg,0,0,1.0,1.3522139e-10
/data/Zeyu/Pooling/cat_dog_data/test_set/test_set/cats/cat.4087.jpg,0,1,0.22085643,0.7791155
/data/Zeyu/Pooling/cat_dog_data/test_set/test_set/cats/cat.4088.jpg,0,0,1.0,4.506447e-10
/data/Zeyu/Pooling/cat_dog_data/test_set/test_set/cats/cat.4089.jpg,0,0,0.9999944,5.5854457e-06
/data/Zeyu/Pooling/cat_dog_data/test_set/test_set/cats/cat.4090.jpg,0,0,1.0,1.5942396e-10
/data/Zeyu/Pooling/cat_dog_data/test_set/test_set/cats/cat.4091.jpg,0,0,1.0,2.507914e-14
/data/Zeyu/Pooling/cat_dog_data/test_set/test_set/cats/cat.4092.jpg,0,0,1.0,1.7394576e-08
/data/Zeyu/Pooling/cat_dog_data/test_set/test_set/cats/cat.4093.jpg,0,0,1.0,9.1994825e-14
/data/Zeyu/Pooling/cat_dog_data/test_set/test_set/cats/cat.4094.jpg,0,0,0.9999964,3.5812234e-06
/data/Zeyu/Pooling/cat_dog_data/test_set/test_set/cats/cat.4095.jpg,0,1,0.2457442,0.7542479
/data/Zeyu/Pooling/cat_dog_data/test_set/test_set/cats/cat.4096.jpg,0,0,0.9999993,6.9407304e-07
/data/Zeyu/Pooling/cat_dog_data/test_set/test_set/cats/cat.4097.jpg,0,0,0.9999949,5.1485504e-06
/data/Zeyu/Pooling/cat_dog_data/test_set/test_set/cats/cat.4098.jpg,0,0,0.9998424,0.00015746194
/data/Zeyu/Pooling/cat_dog_data/test_set/test_set/cats/cat.4099.jpg,0,0,1.0,1.4681448e-10
/data/Zeyu/Pooling/cat_dog_data/test_set/test_set/cats/cat.4100.jpg,0,0,1.0,2.1503578e-08
/data/Zeyu/Pooling/cat_dog_data/test_set/test_set/cats/cat.4101.jpg,0,0,1.0,2.2963806e-13
/data/Zeyu/Pooling/cat_dog_data/test_set/test_set/cats/cat.4102.jpg,0,0,0.9999999,7.616631e-08
/data/Zeyu/Pooling/cat_dog_data/test_set/test_set/cats/cat.4103.jpg,0,0,1.0,1.1911876e-09
/data/Zeyu/Pooling/cat_dog_data/test_set/test_set/cats/cat.4104.jpg,0,0,1.0,1.8584051e-11
/data/Zeyu/Pooling/cat_dog_data/test_set/test_set/cats/cat.4105.jpg,0,0,1.0,3.2059795e-12
/data/Zeyu/Pooling/cat_dog_data/test_set/test_set/cats/cat.4106.jpg,0,0,0.99984205,0.00015786738
/data/Zeyu/Pooling/cat_dog_data/test_set/test_set/cats/cat.4107.jpg,0,0,0.9999274,7.255704e-05
/data/Zeyu/Pooling/cat_dog_data/test_set/test_set/cats/cat.4108.jpg,0,0,0.9994618,0.00053783524
/data/Zeyu/Pooling/cat_dog_data/test_set/test_set/cats/cat.4109.jpg,0,0,0.99999905,9.4334604e-07
/data/Zeyu/Pooling/cat_dog_data/test_set/test_set/cats/cat.4110.jpg,0,0,1.0,9.752286e-12
/data/Zeyu/Pooling/cat_dog_data/test_set/test_set/cats/cat.4111.jpg,0,0,1.0,1.7568878e-10
/data/Zeyu/Pooling/cat_dog_data/test_set/test_set/cats/cat.4112.jpg,0,0,1.0,4.537543e-09
/data/Zeyu/Pooling/cat_dog_data/test_set/test_set/cats/cat.4113.jpg,0,0,1.0,5.1623875e-08
/data/Zeyu/Pooling/cat_dog_data/test_set/test_set/cats/cat.4114.jpg,0,0,0.99999976,2.2060856e-07
/data/Zeyu/Pooling/cat_dog_data/test_set/test_set/cats/cat.4115.jpg,0,0,1.0,4.0514822e-10
/data/Zeyu/Pooling/cat_dog_data/test_set/test_set/cats/cat.4116.jpg,0,0,1.0,3.045303e-10
/data/Zeyu/Pooling/cat_dog_data/test_set/test_set/cats/cat.4117.jpg,0,0,1.0,8.2049874e-11
/data/Zeyu/Pooling/cat_dog_data/test_set/test_set/cats/cat.4118.jpg,0,0,1.0,2.4001228e-09
/data/Zeyu/Pooling/cat_dog_data/test_set/test_set/cats/cat.4119.jpg,0,0,0.9999999,1.1466272e-07
/data/Zeyu/Pooling/cat_dog_data/test_set/test_set/cats/cat.4120.jpg,0,0,0.94810295,0.05188699
/data/Zeyu/Pooling/cat_dog_data/test_set/test_set/cats/cat.4121.jpg,0,0,1.0,1.5531866e-09
/data/Zeyu/Pooling/cat_dog_data/test_set/test_set/cats/cat.4122.jpg,0,0,1.0,1.8566753e-08
/data/Zeyu/Pooling/cat_dog_data/test_set/test_set/cats/cat.4123.jpg,0,0,1.0,2.1558886e-09
/data/Zeyu/Pooling/cat_dog_data/test_set/test_set/cats/cat.4124.jpg,0,0,1.0,4.799541e-10
/data/Zeyu/Pooling/cat_dog_data/test_set/test_set/cats/cat.4125.jpg,0,0,0.9999988,1.2445446e-06
/data/Zeyu/Pooling/cat_dog_data/test_set/test_set/cats/cat.4126.jpg,0,0,1.0,1.09569465e-08
/data/Zeyu/Pooling/cat_dog_data/test_set/test_set/cats/cat.4127.jpg,0,0,1.0,6.7213297e-09
/data/Zeyu/Pooling/cat_dog_data/test_set/test_set/cats/cat.4128.jpg,0,0,1.0,1.5098113e-09
/data/Zeyu/Pooling/cat_dog_data/test_set/test_set/cats/cat.4001.jpg,0,0,1.0,1.7231319e-08
/data/Zeyu/Pooling/cat_dog_data/test_set/test_set/cats/cat.4002.jpg,0,0,1.0,2.1987796e-12
/data/Zeyu/Pooling/cat_dog_data/test_set/test_set/cats/cat.4003.jpg,0,0,0.9605975,0.03939148
/data/Zeyu/Pooling/cat_dog_data/test_set/test_set/cats/cat.4004.jpg,0,0,0.89846283,0.10151057
/data/Zeyu/Pooling/cat_dog_data/test_set/test_set/cats/cat.4005.jpg,0,0,1.0,1.14359945e-10
/data/Zeyu/Pooling/cat_dog_data/test_set/test_set/cats/cat.4006.jpg,0,0,1.0,3.5475212e-18
/data/Zeyu/Pooling/cat_dog_data/test_set/test_set/cats/cat.4007.jpg,0,0,1.0,9.559675e-10
/data/Zeyu/Pooling/cat_dog_data/test_set/test_set/cats/cat.4008.jpg,0,0,1.0,3.6689833e-09
/data/Zeyu/Pooling/cat_dog_data/test_set/test_set/cats/cat.4009.jpg,0,0,1.0,7.584755e-11
/data/Zeyu/Pooling/cat_dog_data/test_set/test_set/cats/cat.4010.jpg,0,0,1.0,7.1045905e-11
/data/Zeyu/Pooling/cat_dog_data/test_set/test_set/cats/cat.4011.jpg,0,0,0.9224951,0.07749807
/data/Zeyu/Pooling/cat_dog_data/test_set/test_set/cats/cat.4012.jpg,0,0,1.0,1.0449528e-08
/data/Zeyu/Pooling/cat_dog_data/test_set/test_set/cats/cat.4013.jpg,0,0,0.99999404,5.9343215e-06
/data/Zeyu/Pooling/cat_dog_data/test_set/test_set/cats/cat.4014.jpg,0,0,1.0,4.366397e-11
/data/Zeyu/Pooling/cat_dog_data/test_set/test_set/cats/cat.4015.jpg,0,0,1.0,1.3708237e-09
/data/Zeyu/Pooling/cat_dog_data/test_set/test_set/cats/cat.4016.jpg,0,0,1.0,5.686419e-08
/data/Zeyu/Pooling/cat_dog_data/test_set/test_set/cats/cat.4017.jpg,0,0,0.99992716,7.259662e-05
/data/Zeyu/Pooling/cat_dog_data/test_set/test_set/cats/cat.4018.jpg,0,0,0.99999976,2.4298345e-07
/data/Zeyu/Pooling/cat_dog_data/test_set/test_set/cats/cat.4019.jpg,0,0,0.99999976,2.4298345e-07
/data/Zeyu/Pooling/cat_dog_data/test_set/test_set/cats/cat.4020.jpg,0,0,1.0,8.280649e-09
/data/Zeyu/Pooling/cat_dog_data/test_set/test_set/cats/cat.4021.jpg,0,0,1.0,2.820064e-09
/data/Zeyu/Pooling/cat_dog_data/test_set/test_set/cats/cat.4022.jpg,0,0,1.0,1.3656934e-12
/data/Zeyu/Pooling/cat_dog_data/test_set/test_set/cats/cat.4023.jpg,0,0,1.0,2.3561348e-09
/data/Zeyu/Pooling/cat_dog_data/test_set/test_set/cats/cat.4024.jpg,0,0,0.9999993,6.9025896e-07
/data/Zeyu/Pooling/cat_dog_data/test_set/test_set/cats/cat.4025.jpg,0,0,0.9999987,1.3268171e-06
/data/Zeyu/Pooling/cat_dog_data/test_set/test_set/cats/cat.4026.jpg,0,0,0.99994147,5.8481182e-05
/data/Zeyu/Pooling/cat_dog_data/test_set/test_set/cats/cat.4027.jpg,0,0,0.9998319,0.00016800527
/data/Zeyu/Pooling/cat_dog_data/test_set/test_set/cats/cat.4028.jpg,0,0,1.0,1.1647111e-12
/data/Zeyu/Pooling/cat_dog_data/test_set/test_set/cats/cat.4029.jpg,0,0,1.0,1.5731926e-09
/data/Zeyu/Pooling/cat_dog_data/test_set/test_set/cats/cat.4030.jpg,0,0,1.0,1.0625807e-09
/data/Zeyu/Pooling/cat_dog_data/test_set/test_set/cats/cat.4031.jpg,0,0,0.99999917,8.6102267e-07
/data/Zeyu/Pooling/cat_dog_data/test_set/test_set/cats/cat.4032.jpg,0,0,1.0,2.1463523e-10
/data/Zeyu/Pooling/cat_dog_data/test_set/test_set/cats/cat.4033.jpg,0,0,1.0,5.3822196e-09
/data/Zeyu/Pooling/cat_dog_data/test_set/test_set/cats/cat.4034.jpg,0,0,0.9999999,1.4330557e-07
/data/Zeyu/Pooling/cat_dog_data/test_set/test_set/cats/cat.4035.jpg,0,0,0.9986827,0.001316813
/data/Zeyu/Pooling/cat_dog_data/test_set/test_set/cats/cat.4036.jpg,0,0,1.0,1.08594474e-16
/data/Zeyu/Pooling/cat_dog_data/test_set/test_set/cats/cat.4037.jpg,0,0,1.0,1.3303628e-08
/data/Zeyu/Pooling/cat_dog_data/test_set/test_set/cats/cat.4038.jpg,0,0,0.9999999,8.6451735e-08
/data/Zeyu/Pooling/cat_dog_data/test_set/test_set/cats/cat.4039.jpg,0,0,1.0,1.6850487e-09
/data/Zeyu/Pooling/cat_dog_data/test_set/test_set/cats/cat.4040.jpg,0,0,1.0,3.6062974e-13
/data/Zeyu/Pooling/cat_dog_data/test_set/test_set/cats/cat.4041.jpg,0,0,1.0,1.8454305e-08
/data/Zeyu/Pooling/cat_dog_data/test_set/test_set/cats/cat.4042.jpg,0,0,0.9999927,7.2174016e-06
/data/Zeyu/Pooling/cat_dog_data/test_set/test_set/cats/cat.4043.jpg,0,0,1.0,1.6467964e-13
/data/Zeyu/Pooling/cat_dog_data/test_set/test_set/cats/cat.4044.jpg,0,0,1.0,4.169963e-09
/data/Zeyu/Pooling/cat_dog_data/test_set/test_set/cats/cat.4045.jpg,0,0,0.9994067,0.0005932505
/data/Zeyu/Pooling/cat_dog_data/test_set/test_set/cats/cat.4046.jpg,0,0,0.99999857,1.4802998e-06
/data/Zeyu/Pooling/cat_dog_data/test_set/test_set/cats/cat.4047.jpg,0,0,0.9916319,0.008364354
/data/Zeyu/Pooling/cat_dog_data/test_set/test_set/cats/cat.4048.jpg,0,0,0.9999999,8.548415e-08
/data/Zeyu/Pooling/cat_dog_data/test_set/test_set/cats/cat.4049.jpg,0,0,1.0,4.2290815e-10
/data/Zeyu/Pooling/cat_dog_data/test_set/test_set/cats/cat.4050.jpg,0,0,0.9999919,8.069074e-06
/data/Zeyu/Pooling/cat_dog_data/test_set/test_set/cats/cat.4051.jpg,0,0,0.9991208,0.0008790066
/data/Zeyu/Pooling/cat_dog_data/test_set/test_set/cats/cat.4052.jpg,0,0,1.0,9.724007e-10
/data/Zeyu/Pooling/cat_dog_data/test_set/test_set/cats/cat.4053.jpg,0,0,1.0,4.9336688e-11
/data/Zeyu/Pooling/cat_dog_data/test_set/test_set/cats/cat.4054.jpg,0,0,0.99999535,4.658677e-06
/data/Zeyu/Pooling/cat_dog_data/test_set/test_set/cats/cat.4055.jpg,0,0,1.0,9.800016e-13
/data/Zeyu/Pooling/cat_dog_data/test_set/test_set/cats/cat.4056.jpg,0,0,1.0,1.31381315e-08
/data/Zeyu/Pooling/cat_dog_data/test_set/test_set/cats/cat.4057.jpg,0,0,1.0,1.8519147e-12
/data/Zeyu/Pooling/cat_dog_data/test_set/test_set/cats/cat.4058.jpg,0,0,0.9999999,7.9619525e-08
/data/Zeyu/Pooling/cat_dog_data/test_set/test_set/cats/cat.4059.jpg,0,0,1.0,5.357018e-08
/data/Zeyu/Pooling/cat_dog_data/test_set/test_set/cats/cat.4060.jpg,0,0,1.0,1.8767402e-10
/data/Zeyu/Pooling/cat_dog_data/test_set/test_set/cats/cat.4061.jpg,0,0,0.9996045,0.00039490918
/data/Zeyu/Pooling/cat_dog_data/test_set/test_set/cats/cat.4062.jpg,0,0,0.9999999,8.8787445e-08
/data/Zeyu/Pooling/cat_dog_data/test_set/test_set/cats/cat.4063.jpg,0,1,0.47975606,0.5202198
/data/Zeyu/Pooling/cat_dog_data/test_set/test_set/cats/cat.4064.jpg,0,0,1.0,9.9233025e-11
/data/Zeyu/Pooling/cat_dog_data/test_set/test_set/cats/cat.4065.jpg,0,0,1.0,2.793424e-10
/data/Zeyu/Pooling/cat_dog_data/test_set/test_set/cats/cat.4066.jpg,0,0,0.99950254,0.00049730134
/data/Zeyu/Pooling/cat_dog_data/test_set/test_set/cats/cat.4067.jpg,0,0,1.0,7.393858e-09
/data/Zeyu/Pooling/cat_dog_data/test_set/test_set/cats/cat.4068.jpg,0,0,1.0,1.05851305e-16
/data/Zeyu/Pooling/cat_dog_data/test_set/test_set/cats/cat.4069.jpg,0,0,1.0,5.1198203e-08
/data/Zeyu/Pooling/cat_dog_data/test_set/test_set/cats/cat.4070.jpg,0,0,1.0,2.7226887e-10
/data/Zeyu/Pooling/cat_dog_data/test_set/test_set/cats/cat.4071.jpg,0,0,0.9999943,5.6667304e-06
/data/Zeyu/Pooling/cat_dog_data/test_set/test_set/cats/cat.4072.jpg,0,0,0.9999931,6.934505e-06
/data/Zeyu/Pooling/cat_dog_data/test_set/test_set/cats/cat.4073.jpg,0,0,0.9998704,0.00012949505
/data/Zeyu/Pooling/cat_dog_data/test_set/test_set/cats/cat.4074.jpg,0,0,0.9999994,6.4697815e-07
/data/Zeyu/Pooling/cat_dog_data/test_set/test_set/cats/cat.4075.jpg,0,0,0.9998223,0.0001776399
/data/Zeyu/Pooling/cat_dog_data/test_set/test_set/cats/cat.4076.jpg,0,0,1.0,2.0301807e-10
/data/Zeyu/Pooling/cat_dog_data/test_set/test_set/cats/cat.4077.jpg,0,0,0.99999964,3.7189065e-07
/data/Zeyu/Pooling/cat_dog_data/test_set/test_set/cats/cat.4078.jpg,0,0,1.0,4.5727772e-11
/data/Zeyu/Pooling/cat_dog_data/test_set/test_set/cats/cat.4079.jpg,0,0,0.9998338,0.00016612017
/data/Zeyu/Pooling/cat_dog_data/test_set/test_set/cats/cat.4080.jpg,0,0,0.9999999,8.8396106e-08
/data/Zeyu/Pooling/cat_dog_data/test_set/test_set/cats/cat.4081.jpg,0,0,1.0,1.9150748e-09
/data/Zeyu/Pooling/cat_dog_data/test_set/test_set/cats/cat.4082.jpg,0,0,1.0,2.631714e-09
/data/Zeyu/Pooling/cat_dog_data/test_set/test_set/cats/cat.4083.jpg,0,0,0.9999931,6.903874e-06
/data/Zeyu/Pooling/cat_dog_data/test_set/test_set/cats/cat.4084.jpg,0,0,1.0,4.039275e-14
/data/Zeyu/Pooling/cat_dog_data/test_set/test_set/cats/cat.4085.jpg,0,0,1.0,3.4718966e-12
/data/Zeyu/Pooling/cat_dog_data/test_set/test_set/cats/cat.4086.jpg,0,0,0.99952495,0.00047494
/data/Zeyu/Pooling/cat_dog_data/test_set/test_set/cats/cat.4087.jpg,0,0,1.0,6.7770795e-10
/data/Zeyu/Pooling/cat_dog_data/test_set/test_set/cats/cat.4088.jpg,0,0,0.9999999,6.991133e-08
/data/Zeyu/Pooling/cat_dog_data/test_set/test_set/cats/cat.4089.jpg,0,0,0.9999443,5.5620152e-05
/data/Zeyu/Pooling/cat_dog_data/test_set/test_set/cats/cat.4090.jpg,0,0,1.0,2.8117374e-14
/data/Zeyu/Pooling/cat_dog_data/test_set/test_set/cats/cat.4091.jpg,0,0,0.9945208,0.005477687
/data/Zeyu/Pooling/cat_dog_data/test_set/test_set/cats/cat.4092.jpg,0,0,0.9990853,0.0009143869
/data/Zeyu/Pooling/cat_dog_data/test_set/test_set/cats/cat.4093.jpg,0,0,1.0,1.4635609e-08
/data/Zeyu/Pooling/cat_dog_data/test_set/test_set/cats/cat.4094.jpg,0,0,0.9998584,0.00014163308
/data/Zeyu/Pooling/cat_dog_data/test_set/test_set/cats/cat.4095.jpg,0,0,1.0,8.937547e-09
/data/Zeyu/Pooling/cat_dog_data/test_set/test_set/cats/cat.4096.jpg,0,0,0.9999957,4.2880856e-06
/data/Zeyu/Pooling/cat_dog_data/test_set/test_set/cats/cat.4097.jpg,0,0,1.0,2.1199983e-15
/data/Zeyu/Pooling/cat_dog_data/test_set/test_set/cats/cat.4098.jpg,0,0,0.99999976,2.4891816e-07
/data/Zeyu/Pooling/cat_dog_data/test_set/test_set/cats/cat.4099.jpg,0,0,0.8647236,0.13526495
/data/Zeyu/Pooling/cat_dog_data/test_set/test_set/cats/cat.4100.jpg,0,0,1.0,1.1829732e-09
/data/Zeyu/Pooling/cat_dog_data/test_set/test_set/cats/cat.4101.jpg,0,0,1.0,4.164564e-10
/data/Zeyu/Pooling/cat_dog_data/test_set/test_set/cats/cat.4102.jpg,0,0,1.0,4.6066536e-12
/data/Zeyu/Pooling/cat_dog_data/test_set/test_set/cats/cat.4103.jpg,0,0,1.0,1.623521e-13
/data/Zeyu/Pooling/cat_dog_data/test_set/test_set/cats/cat.4104.jpg,0,0,1.0,4.9477406e-10
/data/Zeyu/Pooling/cat_dog_data/test_set/test_set/cats/cat.4105.jpg,0,0,1.0,2.1684214e-09
/data/Zeyu/Pooling/cat_dog_data/test_set/test_set/cats/cat.4106.jpg,0,0,1.0,1.8314106e-09
/data/Zeyu/Pooling/cat_dog_data/test_set/test_set/cats/cat.4107.jpg,0,0,1.0,3.8218634e-08
/data/Zeyu/Pooling/cat_dog_data/test_set/test_set/cats/cat.4108.jpg,0,0,1.0,1.1189709e-08
/data/Zeyu/Pooling/cat_dog_data/test_set/test_set/cats/cat.4109.jpg,0,0,0.99999964,3.8155417e-07
/data/Zeyu/Pooling/cat_dog_data/test_set/test_set/cats/cat.4110.jpg,0,0,1.0,3.260929e-12
/data/Zeyu/Pooling/cat_dog_data/test_set/test_set/cats/cat.4111.jpg,0,0,1.0,2.514778e-10
/data/Zeyu/Pooling/cat_dog_data/test_set/test_set/cats/cat.4112.jpg,0,0,1.0,4.2495063e-10
/data/Zeyu/Pooling/cat_dog_data/test_set/test_set/cats/cat.4113.jpg,0,0,1.0,2.0214906e-10
/data/Zeyu/Pooling/cat_dog_data/test_set/test_set/cats/cat.4114.jpg,0,0,1.0,8.024265e-11
/data/Zeyu/Pooling/cat_dog_data/test_set/test_set/cats/cat.4115.jpg,0,0,0.99819946,0.0017999755
/data/Zeyu/Pooling/cat_dog_data/test_set/test_set/cats/cat.4116.jpg,0,0,1.0,2.256376e-09
/data/Zeyu/Pooling/cat_dog_data/test_set/test_set/cats/cat.4117.jpg,0,0,0.99999964,3.800862e-07
/data/Zeyu/Pooling/cat_dog_data/test_set/test_set/cats/cat.4118.jpg,0,0,0.99986446,0.00013548874
/data/Zeyu/Pooling/cat_dog_data/test_set/test_set/cats/cat.4119.jpg,0,0,1.0,5.137553e-09
/data/Zeyu/Pooling/cat_dog_data/test_set/test_set/cats/cat.4120.jpg,0,0,0.99911624,0.0008826958
/data/Zeyu/Pooling/cat_dog_data/test_set/test_set/cats/cat.4121.jpg,0,0,1.0,7.1749843e-14
/data/Zeyu/Pooling/cat_dog_data/test_set/test_set/cats/cat.4122.jpg,0,0,0.99999976,1.9543046e-07
/data/Zeyu/Pooling/cat_dog_data/test_set/test_set/cats/cat.4123.jpg,0,0,1.0,8.65232e-11
/data/Zeyu/Pooling/cat_dog_data/test_set/test_set/cats/cat.4124.jpg,0,0,0.9986374,0.001362095
/data/Zeyu/Pooling/cat_dog_data/test_set/test_set/cats/cat.4125.jpg,0,0,0.75744295,0.24253921
/data/Zeyu/Pooling/cat_dog_data/test_set/test_set/cats/cat.4126.jpg,0,0,1.0,6.88813e-12
/data/Zeyu/Pooling/cat_dog_data/test_set/test_set/cats/cat.4127.jpg,0,0,0.9999995,5.284679e-07
/data/Zeyu/Pooling/cat_dog_data/test_set/test_set/cats/cat.4128.jpg,0,0,1.0,3.7591747e-08
/data/Zeyu/Pooling/cat_dog_data/test_set/test_set/cats/cat.4001.jpg,0,0,1.0,1.585377e-09
/data/Zeyu/Pooling/cat_dog_data/test_set/test_set/cats/cat.4002.jpg,0,0,0.9999994,6.1828774e-07
/data/Zeyu/Pooling/cat_dog_data/test_set/test_set/cats/cat.4003.jpg,0,0,1.0,1.5873044e-09
/data/Zeyu/Pooling/cat_dog_data/test_set/test_set/cats/cat.4004.jpg,0,0,0.99999964,3.6332673e-07
/data/Zeyu/Pooling/cat_dog_data/test_set/test_set/cats/cat.4005.jpg,0,0,1.0,1.1611688e-12
/data/Zeyu/Pooling/cat_dog_data/test_set/test_set/cats/cat.4006.jpg,0,0,1.0,1.1898893e-08
/data/Zeyu/Pooling/cat_dog_data/test_set/test_set/cats/cat.4007.jpg,0,0,1.0,5.3896754e-10
/data/Zeyu/Pooling/cat_dog_data/test_set/test_set/cats/cat.4008.jpg,0,0,0.9999962,3.8370854e-06
/data/Zeyu/Pooling/cat_dog_data/test_set/test_set/cats/cat.4009.jpg,0,0,1.0,7.9603425e-12
/data/Zeyu/Pooling/cat_dog_data/test_set/test_set/cats/cat.4010.jpg,0,0,0.9998852,0.000114709896
/data/Zeyu/Pooling/cat_dog_data/test_set/test_set/cats/cat.4011.jpg,0,0,0.99999547,4.5158963e-06
/data/Zeyu/Pooling/cat_dog_data/test_set/test_set/cats/cat.4012.jpg,0,0,1.0,7.47937e-10
/data/Zeyu/Pooling/cat_dog_data/test_set/test_set/cats/cat.4013.jpg,0,0,0.9999994,6.420529e-07
/data/Zeyu/Pooling/cat_dog_data/test_set/test_set/cats/cat.4014.jpg,0,1,0.007323473,0.9926738
/data/Zeyu/Pooling/cat_dog_data/test_set/test_set/cats/cat.4015.jpg,0,0,1.0,6.123387e-10
/data/Zeyu/Pooling/cat_dog_data/test_set/test_set/cats/cat.4016.jpg,0,0,0.99982834,0.00017157628
/data/Zeyu/Pooling/cat_dog_data/test_set/test_set/cats/cat.4017.jpg,0,0,1.0,1.9398878e-11
/data/Zeyu/Pooling/cat_dog_data/test_set/test_set/cats/cat.4018.jpg,0,0,1.0,2.48128e-09
/data/Zeyu/Pooling/cat_dog_data/test_set/test_set/cats/cat.4019.jpg,0,0,0.99997354,2.6449572e-05
/data/Zeyu/Pooling/cat_dog_data/test_set/test_set/cats/cat.4020.jpg,0,0,1.0,3.0541123e-12
/data/Zeyu/Pooling/cat_dog_data/test_set/test_set/cats/cat.4021.jpg,0,0,1.0,1.3697577e-12
/data/Zeyu/Pooling/cat_dog_data/test_set/test_set/cats/cat.4022.jpg,0,0,1.0,2.149147e-09
/data/Zeyu/Pooling/cat_dog_data/test_set/test_set/cats/cat.4023.jpg,0,0,0.9999964,3.6262306e-06
/data/Zeyu/Pooling/cat_dog_data/test_set/test_set/cats/cat.4024.jpg,0,0,0.99999833,1.6315611e-06
/data/Zeyu/Pooling/cat_dog_data/test_set/test_set/cats/cat.4025.jpg,0,0,0.99999917,8.5070747e-07
/data/Zeyu/Pooling/cat_dog_data/test_set/test_set/cats/cat.4026.jpg,0,0,1.0,1.7411354e-10
/data/Zeyu/Pooling/cat_dog_data/test_set/test_set/cats/cat.4027.jpg,0,0,1.0,4.2126339e-10
/data/Zeyu/Pooling/cat_dog_data/test_set/test_set/cats/cat.4028.jpg,0,0,1.0,2.32794e-12
/data/Zeyu/Pooling/cat_dog_data/test_set/test_set/cats/cat.4029.jpg,0,0,1.0,8.959188e-09
/data/Zeyu/Pooling/cat_dog_data/test_set/test_set/cats/cat.4030.jpg,0,0,0.9999945,5.466221e-06
/data/Zeyu/Pooling/cat_dog_data/test_set/test_set/cats/cat.4031.jpg,0,0,1.0,2.0906321e-12
/data/Zeyu/Pooling/cat_dog_data/test_set/test_set/cats/cat.4032.jpg,0,0,0.99986124,0.00013866376
/data/Zeyu/Pooling/cat_dog_data/test_set/test_set/cats/cat.4033.jpg,0,0,1.0,4.363814e-08
/data/Zeyu/Pooling/cat_dog_data/test_set/test_set/cats/cat.4034.jpg,0,0,0.9999994,6.053352e-07
/data/Zeyu/Pooling/cat_dog_data/test_set/test_set/cats/cat.4035.jpg,0,0,1.0,1.8351404e-14
/data/Zeyu/Pooling/cat_dog_data/test_set/test_set/cats/cat.4036.jpg,0,0,1.0,1.6595336e-11
/data/Zeyu/Pooling/cat_dog_data/test_set/test_set/cats/cat.4037.jpg,0,0,1.0,2.9704822e-11
/data/Zeyu/Pooling/cat_dog_data/test_set/test_set/cats/cat.4038.jpg,0,0,1.0,6.2251506e-12
/data/Zeyu/Pooling/cat_dog_data/test_set/test_set/cats/cat.4039.jpg,0,0,1.0,1.2750142e-09
/data/Zeyu/Pooling/cat_dog_data/test_set/test_set/cats/cat.4040.jpg,0,0,1.0,1.6000506e-08
/data/Zeyu/Pooling/cat_dog_data/test_set/test_set/cats/cat.4041.jpg,0,0,0.9998841,0.000115594456
/data/Zeyu/Pooling/cat_dog_data/test_set/test_set/cats/cat.4042.jpg,0,0,1.0,3.9095226e-14
/data/Zeyu/Pooling/cat_dog_data/test_set/test_set/cats/cat.4043.jpg,0,0,1.0,1.4293706e-09
/data/Zeyu/Pooling/cat_dog_data/test_set/test_set/cats/cat.4044.jpg,0,0,1.0,2.7158619e-11
/data/Zeyu/Pooling/cat_dog_data/test_set/test_set/cats/cat.4045.jpg,0,0,0.9999999,1.7556559e-07
/data/Zeyu/Pooling/cat_dog_data/test_set/test_set/cats/cat.4046.jpg,0,0,0.99997234,2.762999e-05
/data/Zeyu/Pooling/cat_dog_data/test_set/test_set/cats/cat.4047.jpg,0,0,1.0,5.6626853e-11
/data/Zeyu/Pooling/cat_dog_data/test_set/test_set/cats/cat.4048.jpg,0,0,0.9183022,0.08168195
/data/Zeyu/Pooling/cat_dog_data/test_set/test_set/cats/cat.4049.jpg,0,0,1.0,9.866137e-11
/data/Zeyu/Pooling/cat_dog_data/test_set/test_set/cats/cat.4050.jpg,0,0,1.0,2.6679796e-11
/data/Zeyu/Pooling/cat_dog_data/test_set/test_set/cats/cat.4051.jpg,0,0,0.99999523,4.724199e-06
/data/Zeyu/Pooling/cat_dog_data/test_set/test_set/cats/cat.4052.jpg,0,0,1.0,3.9744308e-10
/data/Zeyu/Pooling/cat_dog_data/test_set/test_set/cats/cat.4053.jpg,0,0,1.0,2.1140074e-10
/data/Zeyu/Pooling/cat_dog_data/test_set/test_set/cats/cat.4054.jpg,0,0,1.0,5.0904133e-12
/data/Zeyu/Pooling/cat_dog_data/test_set/test_set/cats/cat.4055.jpg,0,0,1.0,7.9210656e-13
/data/Zeyu/Pooling/cat_dog_data/test_set/test_set/cats/cat.4056.jpg,0,0,1.0,1.9439372e-10
/data/Zeyu/Pooling/cat_dog_data/test_set/test_set/cats/cat.4057.jpg,0,0,0.8580409,0.14194062
/data/Zeyu/Pooling/cat_dog_data/test_set/test_set/cats/cat.4058.jpg,0,0,1.0,1.0398416e-11
/data/Zeyu/Pooling/cat_dog_data/test_set/test_set/cats/cat.4059.jpg,0,0,0.9999987,1.3267804e-06
/data/Zeyu/Pooling/cat_dog_data/test_set/test_set/cats/cat.4060.jpg,0,0,0.99998987,1.0144434e-05
/data/Zeyu/Pooling/cat_dog_data/test_set/test_set/cats/cat.4061.jpg,0,0,0.9999993,6.7546694e-07
/data/Zeyu/Pooling/cat_dog_data/test_set/test_set/cats/cat.4062.jpg,0,0,1.0,3.4777972e-11
/data/Zeyu/Pooling/cat_dog_data/test_set/test_set/cats/cat.4063.jpg,0,0,0.9999999,1.5389129e-07
/data/Zeyu/Pooling/cat_dog_data/test_set/test_set/cats/cat.4064.jpg,0,0,1.0,1.2367982e-12
/data/Zeyu/Pooling/cat_dog_data/test_set/test_set/cats/cat.4065.jpg,0,0,0.99999845,1.5873952e-06
/data/Zeyu/Pooling/cat_dog_data/test_set/test_set/cats/cat.4066.jpg,0,0,1.0,1.3206344e-08
/data/Zeyu/Pooling/cat_dog_data/test_set/test_set/cats/cat.4067.jpg,0,0,1.0,1.2203293e-09
/data/Zeyu/Pooling/cat_dog_data/test_set/test_set/cats/cat.4068.jpg,0,0,0.99999976,2.6859112e-07
/data/Zeyu/Pooling/cat_dog_data/test_set/test_set/cats/cat.4069.jpg,0,0,0.99993646,6.356267e-05
/data/Zeyu/Pooling/cat_dog_data/test_set/test_set/cats/cat.4070.jpg,0,1,0.47667176,0.5233126
/data/Zeyu/Pooling/cat_dog_data/test_set/test_set/cats/cat.4071.jpg,0,0,0.9954619,0.004536897
/data/Zeyu/Pooling/cat_dog_data/test_set/test_set/cats/cat.4072.jpg,0,0,1.0,1.8740392e-14
/data/Zeyu/Pooling/cat_dog_data/test_set/test_set/cats/cat.4073.jpg,0,0,1.0,4.1987986e-09
/data/Zeyu/Pooling/cat_dog_data/test_set/test_set/cats/cat.4074.jpg,0,0,1.0,3.7892363e-08
/data/Zeyu/Pooling/cat_dog_data/test_set/test_set/cats/cat.4075.jpg,0,0,1.0,9.100483e-09
/data/Zeyu/Pooling/cat_dog_data/test_set/test_set/cats/cat.4076.jpg,0,0,0.9865541,0.013440461
/data/Zeyu/Pooling/cat_dog_data/test_set/test_set/cats/cat.4077.jpg,0,0,0.9999691,3.084826e-05
/data/Zeyu/Pooling/cat_dog_data/test_set/test_set/cats/cat.4078.jpg,0,0,0.9978834,0.0021156068
/data/Zeyu/Pooling/cat_dog_data/test_set/test_set/cats/cat.4079.jpg,0,0,0.9999999,9.177217e-08
/data/Zeyu/Pooling/cat_dog_data/test_set/test_set/cats/cat.4080.jpg,0,0,1.0,2.9203363e-12
/data/Zeyu/Pooling/cat_dog_data/test_set/test_set/cats/cat.4081.jpg,0,0,1.0,9.055568e-09
/data/Zeyu/Pooling/cat_dog_data/test_set/test_set/cats/cat.4082.jpg,0,0,1.0,8.037105e-10
/data/Zeyu/Pooling/cat_dog_data/test_set/test_set/cats/cat.4083.jpg,0,0,0.9999999,6.487866e-08
/data/Zeyu/Pooling/cat_dog_data/test_set/test_set/cats/cat.4084.jpg,0,0,1.0,3.329353e-11
/data/Zeyu/Pooling/cat_dog_data/test_set/test_set/cats/cat.4085.jpg,0,0,0.9995486,0.0004512809
/data/Zeyu/Pooling/cat_dog_data/test_set/test_set/cats/cat.4086.jpg,0,0,1.0,6.439253e-13
/data/Zeyu/Pooling/cat_dog_data/test_set/test_set/cats/cat.4087.jpg,0,0,0.9999999,1.2466312e-07
/data/Zeyu/Pooling/cat_dog_data/test_set/test_set/cats/cat.4088.jpg,0,0,1.0,7.2361855e-10
/data/Zeyu/Pooling/cat_dog_data/test_set/test_set/cats/cat.4089.jpg,0,0,0.9999943,5.666093e-06
/data/Zeyu/Pooling/cat_dog_data/test_set/test_set/cats/cat.4090.jpg,0,0,1.0,2.0137726e-12
/data/Zeyu/Pooling/cat_dog_data/test_set/test_set/cats/cat.4091.jpg,0,0,1.0,1.9982313e-08
/data/Zeyu/Pooling/cat_dog_data/test_set/test_set/cats/cat.4092.jpg,0,0,0.9999994,5.4245436e-07
/data/Zeyu/Pooling/cat_dog_data/test_set/test_set/cats/cat.4093.jpg,0,0,1.0,1.5850708e-10
/data/Zeyu/Pooling/cat_dog_data/test_set/test_set/cats/cat.4094.jpg,0,0,1.0,7.027464e-10
/data/Zeyu/Pooling/cat_dog_data/test_set/test_set/cats/cat.4095.jpg,0,0,1.0,4.802116e-09
/data/Zeyu/Pooling/cat_dog_data/test_set/test_set/cats/cat.4096.jpg,0,0,1.0,6.303383e-13
/data/Zeyu/Pooling/cat_dog_data/test_set/test_set/cats/cat.4097.jpg,0,0,1.0,8.294088e-12
/data/Zeyu/Pooling/cat_dog_data/test_set/test_set/cats/cat.4098.jpg,0,0,1.0,3.212713e-12
/data/Zeyu/Pooling/cat_dog_data/test_set/test_set/cats/cat.4099.jpg,0,0,1.0,4.713519e-10
/data/Zeyu/Pooling/cat_dog_data/test_set/test_set/cats/cat.4100.jpg,0,0,1.0,5.1799554e-11
/data/Zeyu/Pooling/cat_dog_data/test_set/test_set/cats/cat.4101.jpg,0,0,1.0,3.4551967e-08
/data/Zeyu/Pooling/cat_dog_data/test_set/test_set/cats/cat.4102.jpg,0,0,1.0,1.714722e-12
/data/Zeyu/Pooling/cat_dog_data/test_set/test_set/cats/cat.4103.jpg,0,0,0.99999976,2.5375866e-07
/data/Zeyu/Pooling/cat_dog_data/test_set/test_set/cats/cat.4104.jpg,0,0,1.0,2.9534814e-08
/data/Zeyu/Pooling/cat_dog_data/test_set/test_set/cats/cat.4105.jpg,0,0,1.0,3.5851073e-08
/data/Zeyu/Pooling/cat_dog_data/test_set/test_set/cats/cat.4106.jpg,0,0,1.0,1.4880212e-12
/data/Zeyu/Pooling/cat_dog_data/test_set/test_set/cats/cat.4107.jpg,0,0,0.9999999,6.530886e-08
/data/Zeyu/Pooling/cat_dog_data/test_set/test_set/cats/cat.4108.jpg,0,0,1.0,3.252286e-10
/data/Zeyu/Pooling/cat_dog_data/test_set/test_set/cats/cat.4109.jpg,0,1,0.07518861,0.92480314
/data/Zeyu/Pooling/cat_dog_data/test_set/test_set/cats/cat.4110.jpg,0,0,0.9999994,6.545895e-07
/data/Zeyu/Pooling/cat_dog_data/test_set/test_set/cats/cat.4111.jpg,0,0,1.0,1.5991528e-09
/data/Zeyu/Pooling/cat_dog_data/test_set/test_set/cats/cat.4112.jpg,0,0,1.0,1.0657934e-10
/data/Zeyu/Pooling/cat_dog_data/test_set/test_set/cats/cat.4113.jpg,0,0,1.0,1.0657934e-10
/data/Zeyu/Pooling/cat_dog_data/test_set/test_set/cats/cat.4114.jpg,0,0,1.0,6.8851853e-09
/data/Zeyu/Pooling/cat_dog_data/test_set/test_set/cats/cat.4115.jpg,0,0,0.99999523,4.821222e-06
/data/Zeyu/Pooling/cat_dog_data/test_set/test_set/cats/cat.4116.jpg,0,0,0.9960829,0.0039136317
/data/Zeyu/Pooling/cat_dog_data/test_set/test_set/cats/cat.4117.jpg,0,0,0.99908257,0.0009169867
/data/Zeyu/Pooling/cat_dog_data/test_set/test_set/cats/cat.4118.jpg,0,0,0.9999974,2.6115897e-06
/data/Zeyu/Pooling/cat_dog_data/test_set/test_set/cats/cat.4119.jpg,0,0,0.99999917,8.681557e-07
/data/Zeyu/Pooling/cat_dog_data/test_set/test_set/cats/cat.4120.jpg,0,0,0.99999917,8.681557e-07
/data/Zeyu/Pooling/cat_dog_data/test_set/test_set/cats/cat.4121.jpg,0,0,0.99999523,4.812398e-06
/data/Zeyu/Pooling/cat_dog_data/test_set/test_set/cats/cat.4122.jpg,0,0,0.99998116,1.8792438e-05
/data/Zeyu/Pooling/cat_dog_data/test_set/test_set/cats/cat.4123.jpg,0,0,1.0,1.2984687e-13
/data/Zeyu/Pooling/cat_dog_data/test_set/test_set/cats/cat.4124.jpg,0,0,1.0,9.5943406e-11
/data/Zeyu/Pooling/cat_dog_data/test_set/test_set/cats/cat.4125.jpg,0,0,0.9985165,0.0014830197
/data/Zeyu/Pooling/cat_dog_data/test_set/test_set/cats/cat.4126.jpg,0,0,1.0,2.6883803e-12
/data/Zeyu/Pooling/cat_dog_data/test_set/test_set/cats/cat.4127.jpg,0,0,1.0,2.6883803e-12
/data/Zeyu/Pooling/cat_dog_data/test_set/test_set/cats/cat.4128.jpg,0,0,1.0,3.184394e-08
/data/Zeyu/Pooling/cat_dog_data/test_set/test_set/cats/cat.4001.jpg,0,0,0.99999964,3.4597707e-07
/data/Zeyu/Pooling/cat_dog_data/test_set/test_set/cats/cat.4002.jpg,0,0,1.0,6.438861e-09
/data/Zeyu/Pooling/cat_dog_data/test_set/test_set/cats/cat.4003.jpg,0,0,0.64826465,0.3516724
/data/Zeyu/Pooling/cat_dog_data/test_set/test_set/cats/cat.4004.jpg,0,0,0.99999976,2.3388424e-07
/data/Zeyu/Pooling/cat_dog_data/test_set/test_set/cats/cat.4005.jpg,0,0,1.0,3.3202563e-09
/data/Zeyu/Pooling/cat_dog_data/test_set/test_set/cats/cat.4006.jpg,0,0,0.9997758,0.00022413986
/data/Zeyu/Pooling/cat_dog_data/test_set/test_set/cats/cat.4007.jpg,0,0,1.0,1.1509992e-08
/data/Zeyu/Pooling/cat_dog_data/test_set/test_set/cats/cat.4008.jpg,0,0,0.9999999,1.3414703e-07
/data/Zeyu/Pooling/cat_dog_data/test_set/test_set/cats/cat.4009.jpg,0,0,1.0,2.5722722e-08
/data/Zeyu/Pooling/cat_dog_data/test_set/test_set/cats/cat.4010.jpg,0,0,0.99999654,3.441813e-06
/data/Zeyu/Pooling/cat_dog_data/test_set/test_set/cats/cat.4011.jpg,0,0,1.0,2.210461e-12
/data/Zeyu/Pooling/cat_dog_data/test_set/test_set/cats/cat.4012.jpg,0,0,1.0,2.1183585e-10
/data/Zeyu/Pooling/cat_dog_data/test_set/test_set/cats/cat.4013.jpg,0,0,1.0,4.2610497e-09
/data/Zeyu/Pooling/cat_dog_data/test_set/test_set/cats/cat.4014.jpg,0,0,0.99189705,0.008100945
/data/Zeyu/Pooling/cat_dog_data/test_set/test_set/cats/cat.4015.jpg,0,0,0.9999999,1.5226036e-07
/data/Zeyu/Pooling/cat_dog_data/test_set/test_set/cats/cat.4016.jpg,0,0,0.9948041,0.0051939855
/data/Zeyu/Pooling/cat_dog_data/test_set/test_set/cats/cat.4017.jpg,0,0,1.0,7.151052e-13
/data/Zeyu/Pooling/cat_dog_data/test_set/test_set/cats/cat.4018.jpg,0,0,0.9999937,6.28311e-06
/data/Zeyu/Pooling/cat_dog_data/test_set/test_set/cats/cat.4019.jpg,0,0,0.9974222,0.0025770583
/data/Zeyu/Pooling/cat_dog_data/test_set/test_set/cats/cat.4020.jpg,0,0,1.0,8.4927126e-10
/data/Zeyu/Pooling/cat_dog_data/test_set/test_set/cats/cat.4021.jpg,0,0,0.9999821,1.7839047e-05
/data/Zeyu/Pooling/cat_dog_data/test_set/test_set/cats/cat.4022.jpg,0,0,1.0,7.25834e-11
/data/Zeyu/Pooling/cat_dog_data/test_set/test_set/cats/cat.4023.jpg,0,0,0.9999994,5.736404e-07
/data/Zeyu/Pooling/cat_dog_data/test_set/test_set/cats/cat.4024.jpg,0,0,1.0,3.513114e-10
/data/Zeyu/Pooling/cat_dog_data/test_set/test_set/cats/cat.4025.jpg,0,0,1.0,6.1969416e-09
/data/Zeyu/Pooling/cat_dog_data/test_set/test_set/cats/cat.4026.jpg,0,0,0.99999833,1.6905566e-06
/data/Zeyu/Pooling/cat_dog_data/test_set/test_set/cats/cat.4027.jpg,0,0,0.99996936,3.0653253e-05
/data/Zeyu/Pooling/cat_dog_data/test_set/test_set/cats/cat.4028.jpg,0,0,1.0,4.072282e-11
/data/Zeyu/Pooling/cat_dog_data/test_set/test_set/cats/cat.4029.jpg,0,0,1.0,8.158888e-11
/data/Zeyu/Pooling/cat_dog_data/test_set/test_set/cats/cat.4030.jpg,0,0,0.9999994,6.270775e-07
/data/Zeyu/Pooling/cat_dog_data/test_set/test_set/cats/cat.4031.jpg,0,0,1.0,1.160317e-11
/data/Zeyu/Pooling/cat_dog_data/test_set/test_set/cats/cat.4032.jpg,0,0,1.0,2.680521e-08
/data/Zeyu/Pooling/cat_dog_data/test_set/test_set/cats/cat.4033.jpg,0,0,0.9999988,1.1478738e-06
/data/Zeyu/Pooling/cat_dog_data/test_set/test_set/cats/cat.4034.jpg,0,0,1.0,3.7706767e-09
/data/Zeyu/Pooling/cat_dog_data/test_set/test_set/cats/cat.4035.jpg,0,1,0.43030664,0.5696653
/data/Zeyu/Pooling/cat_dog_data/test_set/test_set/cats/cat.4036.jpg,0,0,1.0,1.1980608e-11
/data/Zeyu/Pooling/cat_dog_data/test_set/test_set/cats/cat.4037.jpg,0,0,1.0,6.5291155e-09
/data/Zeyu/Pooling/cat_dog_data/test_set/test_set/cats/cat.4038.jpg,0,0,1.0,3.776247e-13
/data/Zeyu/Pooling/cat_dog_data/test_set/test_set/cats/cat.4039.jpg,0,0,0.99996066,3.9253802e-05
/data/Zeyu/Pooling/cat_dog_data/test_set/test_set/cats/cat.4040.jpg,0,0,1.0,1.8759833e-08
/data/Zeyu/Pooling/cat_dog_data/test_set/test_set/cats/cat.4041.jpg,0,0,1.0,5.459099e-13
/data/Zeyu/Pooling/cat_dog_data/test_set/test_set/cats/cat.4042.jpg,0,0,0.9982223,0.0017769841
/data/Zeyu/Pooling/cat_dog_data/test_set/test_set/cats/cat.4043.jpg,0,0,1.0,5.879405e-08
/data/Zeyu/Pooling/cat_dog_data/test_set/test_set/cats/cat.4044.jpg,0,0,0.99999607,3.966608e-06
/data/Zeyu/Pooling/cat_dog_data/test_set/test_set/cats/cat.4045.jpg,0,0,1.0,9.320021e-14
/data/Zeyu/Pooling/cat_dog_data/test_set/test_set/cats/cat.4046.jpg,0,0,0.9999995,4.792214e-07
/data/Zeyu/Pooling/cat_dog_data/test_set/test_set/cats/cat.4047.jpg,0,0,1.0,5.2756294e-10
/data/Zeyu/Pooling/cat_dog_data/test_set/test_set/cats/cat.4048.jpg,0,0,1.0,9.229423e-12
/data/Zeyu/Pooling/cat_dog_data/test_set/test_set/cats/cat.4049.jpg,0,0,0.9999274,7.255746e-05
/data/Zeyu/Pooling/cat_dog_data/test_set/test_set/cats/cat.4050.jpg,0,0,1.0,2.080324e-10
/data/Zeyu/Pooling/cat_dog_data/test_set/test_set/cats/cat.4051.jpg,0,0,0.9999927,7.2602647e-06
/data/Zeyu/Pooling/cat_dog_data/test_set/test_set/cats/cat.4052.jpg,0,0,1.0,5.5470387e-08
/data/Zeyu/Pooling/cat_dog_data/test_set/test_set/cats/cat.4053.jpg,0,0,0.99999213,7.912651e-06
/data/Zeyu/Pooling/cat_dog_data/test_set/test_set/cats/cat.4054.jpg,0,0,0.9983431,0.0016567899
/data/Zeyu/Pooling/cat_dog_data/test_set/test_set/cats/cat.4055.jpg,0,0,0.9999976,2.3980685e-06
/data/Zeyu/Pooling/cat_dog_data/test_set/test_set/cats/cat.4056.jpg,0,0,1.0,1.3426235e-09
/data/Zeyu/Pooling/cat_dog_data/test_set/test_set/cats/cat.4057.jpg,0,1,3.1294046e-05,0.99996865
/data/Zeyu/Pooling/cat_dog_data/test_set/test_set/cats/cat.4058.jpg,0,0,1.0,2.5957245e-10
/data/Zeyu/Pooling/cat_dog_data/test_set/test_set/cats/cat.4059.jpg,0,0,1.0,1.1549971e-12
/data/Zeyu/Pooling/cat_dog_data/test_set/test_set/cats/cat.4060.jpg,0,0,1.0,1.03870335e-08
/data/Zeyu/Pooling/cat_dog_data/test_set/test_set/cats/cat.4061.jpg,0,0,1.0,2.7360159e-10
/data/Zeyu/Pooling/cat_dog_data/test_set/test_set/cats/cat.4062.jpg,0,0,1.0,2.5510805e-09
/data/Zeyu/Pooling/cat_dog_data/test_set/test_set/cats/cat.4063.jpg,0,0,1.0,8.779699e-10
/data/Zeyu/Pooling/cat_dog_data/test_set/test_set/cats/cat.4064.jpg,0,0,1.0,3.0417181e-12
/data/Zeyu/Pooling/cat_dog_data/test_set/test_set/cats/cat.4065.jpg,0,0,0.9999999,8.826284e-08
/data/Zeyu/Pooling/cat_dog_data/test_set/test_set/cats/cat.4066.jpg,0,0,0.99999976,1.9449004e-07
/data/Zeyu/Pooling/cat_dog_data/test_set/test_set/cats/cat.4067.jpg,0,0,1.0,1.0841879e-08
/data/Zeyu/Pooling/cat_dog_data/test_set/test_set/cats/cat.4068.jpg,0,0,0.99999654,3.4146215e-06
/data/Zeyu/Pooling/cat_dog_data/test_set/test_set/cats/cat.4069.jpg,0,0,1.0,9.7865015e-11
/data/Zeyu/Pooling/cat_dog_data/test_set/test_set/cats/cat.4070.jpg,0,0,0.9998142,0.00018583448
/data/Zeyu/Pooling/cat_dog_data/test_set/test_set/cats/cat.4071.jpg,0,0,1.0,2.8626994e-12
/data/Zeyu/Pooling/cat_dog_data/test_set/test_set/cats/cat.4072.jpg,0,0,1.0,6.6670168e-12
/data/Zeyu/Pooling/cat_dog_data/test_set/test_set/cats/cat.4073.jpg,0,0,1.0,9.816087e-09
/data/Zeyu/Pooling/cat_dog_data/test_set/test_set/cats/cat.4074.jpg,0,0,1.0,5.062567e-08
/data/Zeyu/Pooling/cat_dog_data/test_set/test_set/cats/cat.4075.jpg,0,0,0.98568845,0.0143082375
/data/Zeyu/Pooling/cat_dog_data/test_set/test_set/cats/cat.4076.jpg,0,0,0.9999932,6.7827564e-06
/data/Zeyu/Pooling/cat_dog_data/test_set/test_set/cats/cat.4077.jpg,0,0,1.0,3.8092875e-08
/data/Zeyu/Pooling/cat_dog_data/test_set/test_set/cats/cat.4078.jpg,0,0,1.0,4.1099359e-13
/data/Zeyu/Pooling/cat_dog_data/test_set/test_set/cats/cat.4079.jpg,0,0,0.9999975,2.5367183e-06
/data/Zeyu/Pooling/cat_dog_data/test_set/test_set/cats/cat.4080.jpg,0,0,1.0,3.8168378e-11
/data/Zeyu/Pooling/cat_dog_data/test_set/test_set/cats/cat.4081.jpg,0,0,0.9999982,1.8183368e-06
/data/Zeyu/Pooling/cat_dog_data/test_set/test_set/cats/cat.4082.jpg,0,0,1.0,3.5559122e-08
/data/Zeyu/Pooling/cat_dog_data/test_set/test_set/cats/cat.4083.jpg,0,0,1.0,7.81804e-09
/data/Zeyu/Pooling/cat_dog_data/test_set/test_set/cats/cat.4084.jpg,0,0,1.0,3.055753e-10
/data/Zeyu/Pooling/cat_dog_data/test_set/test_set/cats/cat.4085.jpg,0,0,1.0,1.3363761e-10
/data/Zeyu/Pooling/cat_dog_data/test_set/test_set/cats/cat.4086.jpg,0,0,0.99999857,1.4704351e-06
/data/Zeyu/Pooling/cat_dog_data/test_set/test_set/cats/cat.4087.jpg,0,0,1.0,2.716045e-10
/data/Zeyu/Pooling/cat_dog_data/test_set/test_set/cats/cat.4088.jpg,0,0,1.0,1.6337248e-10
/data/Zeyu/Pooling/cat_dog_data/test_set/test_set/cats/cat.4089.jpg,0,0,1.0,3.403321e-09
/data/Zeyu/Pooling/cat_dog_data/test_set/test_set/cats/cat.4090.jpg,0,0,0.9999999,8.541667e-08
/data/Zeyu/Pooling/cat_dog_data/test_set/test_set/cats/cat.4091.jpg,0,0,0.99998367,1.6374303e-05
/data/Zeyu/Pooling/cat_dog_data/test_set/test_set/cats/cat.4092.jpg,0,0,1.0,1.6456033e-09
/data/Zeyu/Pooling/cat_dog_data/test_set/test_set/cats/cat.4093.jpg,0,0,1.0,8.269155e-10
/data/Zeyu/Pooling/cat_dog_data/test_set/test_set/cats/cat.4094.jpg,0,0,0.99999976,2.7011282e-07
/data/Zeyu/Pooling/cat_dog_data/test_set/test_set/cats/cat.4095.jpg,0,0,1.0,2.4214536e-13
/data/Zeyu/Pooling/cat_dog_data/test_set/test_set/cats/cat.4096.jpg,0,0,1.0,2.151886e-10
/data/Zeyu/Pooling/cat_dog_data/test_set/test_set/cats/cat.4097.jpg,0,0,1.0,6.10327e-11
/data/Zeyu/Pooling/cat_dog_data/test_set/test_set/cats/cat.4098.jpg,0,0,0.99998844,1.1526134e-05
/data/Zeyu/Pooling/cat_dog_data/test_set/test_set/cats/cat.4099.jpg,0,0,1.0,4.963729e-12
/data/Zeyu/Pooling/cat_dog_data/test_set/test_set/cats/cat.4100.jpg,0,0,1.0,5.579801e-10
/data/Zeyu/Pooling/cat_dog_data/test_set/test_set/cats/cat.4101.jpg,0,0,1.0,2.3761295e-11
/data/Zeyu/Pooling/cat_dog_data/test_set/test_set/cats/cat.4102.jpg,0,0,0.99999964,4.1243806e-07
/data/Zeyu/Pooling/cat_dog_data/test_set/test_set/cats/cat.4103.jpg,0,0,1.0,1.6436647e-13
/data/Zeyu/Pooling/cat_dog_data/test_set/test_set/cats/cat.4104.jpg,0,0,1.0,8.334456e-10
/data/Zeyu/Pooling/cat_dog_data/test_set/test_set/cats/cat.4105.jpg,0,0,1.0,1.5899147e-11
/data/Zeyu/Pooling/cat_dog_data/test_set/test_set/cats/cat.4106.jpg,0,0,1.0,1.1394571e-12
/data/Zeyu/Pooling/cat_dog_data/test_set/test_set/cats/cat.4107.jpg,0,0,0.9999999,8.817164e-08
/data/Zeyu/Pooling/cat_dog_data/test_set/test_set/cats/cat.4108.jpg,0,0,0.99999344,6.5529302e-06
/data/Zeyu/Pooling/cat_dog_data/test_set/test_set/cats/cat.4109.jpg,0,0,1.0,5.748381e-12
/data/Zeyu/Pooling/cat_dog_data/test_set/test_set/cats/cat.4110.jpg,0,0,0.99698097,0.0030179939
/data/Zeyu/Pooling/cat_dog_data/test_set/test_set/cats/cat.4111.jpg,0,0,0.9999993,7.2947614e-07
/data/Zeyu/Pooling/cat_dog_data/test_set/test_set/cats/cat.4112.jpg,0,0,1.0,9.732631e-11
/data/Zeyu/Pooling/cat_dog_data/test_set/test_set/cats/cat.4113.jpg,0,0,1.0,7.26828e-09
/data/Zeyu/Pooling/cat_dog_data/test_set/test_set/cats/cat.4114.jpg,0,0,0.9999969,3.1224472e-06
/data/Zeyu/Pooling/cat_dog_data/test_set/test_set/cats/cat.4115.jpg,0,0,1.0,4.6096865e-08
/data/Zeyu/Pooling/cat_dog_data/test_set/test_set/cats/cat.4116.jpg,0,0,1.0,2.9234519e-08
/data/Zeyu/Pooling/cat_dog_data/test_set/test_set/cats/cat.4117.jpg,0,0,1.0,1.9685998e-11
/data/Zeyu/Pooling/cat_dog_data/test_set/test_set/cats/cat.4118.jpg,0,0,1.0,1.6888124e-10
/data/Zeyu/Pooling/cat_dog_data/test_set/test_set/cats/cat.4119.jpg,0,0,0.9999975,2.544452e-06
/data/Zeyu/Pooling/cat_dog_data/test_set/test_set/cats/cat.4120.jpg,0,0,1.0,4.7930935e-09
/data/Zeyu/Pooling/cat_dog_data/test_set/test_set/cats/cat.4121.jpg,0,0,1.0,1.87595e-13
/data/Zeyu/Pooling/cat_dog_data/test_set/test_set/cats/cat.4122.jpg,0,0,1.0,2.2184736e-08
/data/Zeyu/Pooling/cat_dog_data/test_set/test_set/cats/cat.4123.jpg,0,0,0.9999995,4.6430145e-07
/data/Zeyu/Pooling/cat_dog_data/test_set/test_set/cats/cat.4124.jpg,0,1,0.21837837,0.7816135
/data/Zeyu/Pooling/cat_dog_data/test_set/test_set/cats/cat.4125.jpg,0,0,0.9999647,3.524089e-05
/data/Zeyu/Pooling/cat_dog_data/test_set/test_set/cats/cat.4126.jpg,0,0,0.99999964,3.8582655e-07
/data/Zeyu/Pooling/cat_dog_data/test_set/test_set/cats/cat.4127.jpg,0,0,0.99480623,0.005190907
/data/Zeyu/Pooling/cat_dog_data/test_set/test_set/cats/cat.4128.jpg,0,0,0.9999999,6.4423034e-08
/data/Zeyu/Pooling/cat_dog_data/test_set/test_set/cats/cat.4001.jpg,0,0,1.0,3.3272102e-13
/data/Zeyu/Pooling/cat_dog_data/test_set/test_set/cats/cat.4002.jpg,0,0,0.9999958,4.1979984e-06
/data/Zeyu/Pooling/cat_dog_data/test_set/test_set/cats/cat.4003.jpg,0,0,0.9999999,1.7364633e-07
/data/Zeyu/Pooling/cat_dog_data/test_set/test_set/cats/cat.4004.jpg,0,0,0.9999968,3.2403875e-06
/data/Zeyu/Pooling/cat_dog_data/test_set/test_set/cats/cat.4005.jpg,0,0,0.9999989,1.1206035e-06
/data/Zeyu/Pooling/cat_dog_data/test_set/test_set/cats/cat.4006.jpg,0,0,1.0,3.5848184e-09
/data/Zeyu/Pooling/cat_dog_data/test_set/test_set/cats/cat.4007.jpg,0,0,0.99999714,2.9030484e-06
/data/Zeyu/Pooling/cat_dog_data/test_set/test_set/cats/cat.4008.jpg,0,0,1.0,1.1885748e-10
/data/Zeyu/Pooling/cat_dog_data/test_set/test_set/cats/cat.4009.jpg,0,0,1.0,1.5695271e-09
/data/Zeyu/Pooling/cat_dog_data/test_set/test_set/cats/cat.4010.jpg,0,0,1.0,1.7309252e-12
/data/Zeyu/Pooling/cat_dog_data/test_set/test_set/cats/cat.4011.jpg,0,0,0.99998856,1.1396655e-05
/data/Zeyu/Pooling/cat_dog_data/test_set/test_set/cats/cat.4012.jpg,0,0,0.996976,0.0030234393
/data/Zeyu/Pooling/cat_dog_data/test_set/test_set/cats/cat.4013.jpg,0,0,1.0,1.2645836e-08
/data/Zeyu/Pooling/cat_dog_data/test_set/test_set/cats/cat.4014.jpg,0,0,0.92732817,0.07266607
/data/Zeyu/Pooling/cat_dog_data/test_set/test_set/cats/cat.4015.jpg,0,0,0.99999964,3.7081725e-07
/data/Zeyu/Pooling/cat_dog_data/test_set/test_set/cats/cat.4016.jpg,0,0,1.0,1.8088256e-08
/data/Zeyu/Pooling/cat_dog_data/test_set/test_set/cats/cat.4017.jpg,0,0,1.0,3.5813977e-11
/data/Zeyu/Pooling/cat_dog_data/test_set/test_set/cats/cat.4018.jpg,0,0,1.0,1.2218279e-11
/data/Zeyu/Pooling/cat_dog_data/test_set/test_set/cats/cat.4019.jpg,0,0,1.0,4.600626e-10
/data/Zeyu/Pooling/cat_dog_data/test_set/test_set/cats/cat.4020.jpg,0,0,0.9999988,1.239261e-06
/data/Zeyu/Pooling/cat_dog_data/test_set/test_set/cats/cat.4021.jpg,0,0,0.9999949,5.0910244e-06
/data/Zeyu/Pooling/cat_dog_data/test_set/test_set/cats/cat.4022.jpg,0,0,0.99999154,8.417669e-06
/data/Zeyu/Pooling/cat_dog_data/test_set/test_set/cats/cat.4023.jpg,0,0,0.9999999,1.3106938e-07
/data/Zeyu/Pooling/cat_dog_data/test_set/test_set/cats/cat.4024.jpg,0,0,0.9986595,0.0013400237
/data/Zeyu/Pooling/cat_dog_data/test_set/test_set/cats/cat.4025.jpg,0,0,1.0,7.3607974e-11
/data/Zeyu/Pooling/cat_dog_data/test_set/test_set/cats/cat.4026.jpg,0,0,1.0,8.201366e-09
/data/Zeyu/Pooling/cat_dog_data/test_set/test_set/cats/cat.4027.jpg,0,0,1.0,1.14020175e-10
/data/Zeyu/Pooling/cat_dog_data/test_set/test_set/cats/cat.4028.jpg,0,0,1.0,9.451455e-10
/data/Zeyu/Pooling/cat_dog_data/test_set/test_set/cats/cat.4029.jpg,0,0,0.7229035,0.277076
/data/Zeyu/Pooling/cat_dog_data/test_set/test_set/cats/cat.4030.jpg,0,0,1.0,1.3561637e-13
/data/Zeyu/Pooling/cat_dog_data/test_set/test_set/cats/cat.4031.jpg,0,0,1.0,3.4543296e-10
/data/Zeyu/Pooling/cat_dog_data/test_set/test_set/cats/cat.4032.jpg,0,0,1.0,1.7689846e-08
/data/Zeyu/Pooling/cat_dog_data/test_set/test_set/cats/cat.4033.jpg,0,0,0.9999857,1.435629e-05
/data/Zeyu/Pooling/cat_dog_data/test_set/test_set/cats/cat.4034.jpg,0,0,0.9999993,6.9430604e-07
/data/Zeyu/Pooling/cat_dog_data/test_set/test_set/cats/cat.4035.jpg,0,0,0.9999757,2.4306266e-05
/data/Zeyu/Pooling/cat_dog_data/test_set/test_set/cats/cat.4036.jpg,0,0,1.0,4.3525703e-14
/data/Zeyu/Pooling/cat_dog_data/test_set/test_set/cats/cat.4037.jpg,0,0,1.0,7.10918e-09
/data/Zeyu/Pooling/cat_dog_data/test_set/test_set/cats/cat.4038.jpg,0,0,1.0,8.695339e-10
/data/Zeyu/Pooling/cat_dog_data/test_set/test_set/cats/cat.4039.jpg,0,0,1.0,9.4111385e-11
/data/Zeyu/Pooling/cat_dog_data/test_set/test_set/cats/cat.4040.jpg,0,0,1.0,4.1200118e-10
/data/Zeyu/Pooling/cat_dog_data/test_set/test_set/cats/cat.4041.jpg,0,0,0.99999976,2.7278074e-07
/data/Zeyu/Pooling/cat_dog_data/test_set/test_set/cats/cat.4042.jpg,0,0,1.0,2.6729457e-11
/data/Zeyu/Pooling/cat_dog_data/test_set/test_set/cats/cat.4043.jpg,0,0,0.99999976,2.3277676e-07
/data/Zeyu/Pooling/cat_dog_data/test_set/test_set/cats/cat.4044.jpg,0,0,1.0,6.6102973e-10
/data/Zeyu/Pooling/cat_dog_data/test_set/test_set/cats/cat.4045.jpg,0,0,1.0,6.6102973e-10
/data/Zeyu/Pooling/cat_dog_data/test_set/test_set/cats/cat.4046.jpg,0,0,1.0,2.1104138e-10
/data/Zeyu/Pooling/cat_dog_data/test_set/test_set/cats/cat.4047.jpg,0,0,1.0,2.790619e-09
/data/Zeyu/Pooling/cat_dog_data/test_set/test_set/cats/cat.4048.jpg,0,0,1.0,4.6861083e-13
/data/Zeyu/Pooling/cat_dog_data/test_set/test_set/cats/cat.4049.jpg,0,0,0.98950154,0.010496591
/data/Zeyu/Pooling/cat_dog_data/test_set/test_set/cats/cat.4050.jpg,0,0,1.0,1.95843e-09
/data/Zeyu/Pooling/cat_dog_data/test_set/test_set/cats/cat.4051.jpg,0,0,0.99999917,7.861038e-07
/data/Zeyu/Pooling/cat_dog_data/test_set/test_set/cats/cat.4052.jpg,0,0,0.99999833,1.6358582e-06
/data/Zeyu/Pooling/cat_dog_data/test_set/test_set/cats/cat.4053.jpg,0,0,1.0,2.9753675e-09
/data/Zeyu/Pooling/cat_dog_data/test_set/test_set/cats/cat.4054.jpg,0,0,1.0,4.145275e-10
/data/Zeyu/Pooling/cat_dog_data/test_set/test_set/cats/cat.4055.jpg,0,0,1.0,1.0228966e-11
/data/Zeyu/Pooling/cat_dog_data/test_set/test_set/cats/cat.4056.jpg,0,0,0.9999769,2.3126328e-05
/data/Zeyu/Pooling/cat_dog_data/test_set/test_set/cats/cat.4057.jpg,0,0,0.963718,0.036275785
/data/Zeyu/Pooling/cat_dog_data/test_set/test_set/cats/cat.4058.jpg,0,0,0.9999449,5.501614e-05
/data/Zeyu/Pooling/cat_dog_data/test_set/test_set/cats/cat.4059.jpg,0,0,0.9998665,0.00013345869
/data/Zeyu/Pooling/cat_dog_data/test_set/test_set/cats/cat.4060.jpg,0,0,0.9998665,0.00013345869
/data/Zeyu/Pooling/cat_dog_data/test_set/test_set/cats/cat.4061.jpg,0,1,0.440278,0.55967623
/data/Zeyu/Pooling/cat_dog_data/test_set/test_set/cats/cat.4062.jpg,0,0,0.99999547,4.4727735e-06
/data/Zeyu/Pooling/cat_dog_data/test_set/test_set/cats/cat.4063.jpg,0,0,1.0,4.2139257e-11
/data/Zeyu/Pooling/cat_dog_data/test_set/test_set/cats/cat.4064.jpg,0,0,0.99994266,5.726972e-05
/data/Zeyu/Pooling/cat_dog_data/test_set/test_set/cats/cat.4065.jpg,0,0,0.9999999,6.507472e-08
/data/Zeyu/Pooling/cat_dog_data/test_set/test_set/cats/cat.4066.jpg,0,0,1.0,7.514198e-11
/data/Zeyu/Pooling/cat_dog_data/test_set/test_set/cats/cat.4067.jpg,0,0,1.0,4.772759e-09
/data/Zeyu/Pooling/cat_dog_data/test_set/test_set/cats/cat.4068.jpg,0,0,0.99999905,9.768273e-07
/data/Zeyu/Pooling/cat_dog_data/test_set/test_set/cats/cat.4069.jpg,0,0,1.0,5.446668e-10
/data/Zeyu/Pooling/cat_dog_data/test_set/test_set/cats/cat.4070.jpg,0,0,0.7351682,0.2648291
/data/Zeyu/Pooling/cat_dog_data/test_set/test_set/cats/cat.4071.jpg,0,0,1.0,7.5564716e-10
/data/Zeyu/Pooling/cat_dog_data/test_set/test_set/cats/cat.4072.jpg,0,0,1.0,3.6295245e-13
/data/Zeyu/Pooling/cat_dog_data/test_set/test_set/cats/cat.4073.jpg,0,0,1.0,3.108114e-11
/data/Zeyu/Pooling/cat_dog_data/test_set/test_set/cats/cat.4074.jpg,0,0,0.99999976,2.515837e-07
/data/Zeyu/Pooling/cat_dog_data/test_set/test_set/cats/cat.4075.jpg,0,0,1.0,4.51541e-11
/data/Zeyu/Pooling/cat_dog_data/test_set/test_set/cats/cat.4076.jpg,0,0,0.91423726,0.08573808
/data/Zeyu/Pooling/cat_dog_data/test_set/test_set/cats/cat.4077.jpg,0,0,1.0,2.5358001e-12
/data/Zeyu/Pooling/cat_dog_data/test_set/test_set/cats/cat.4078.jpg,0,0,1.0,2.2527326e-10
/data/Zeyu/Pooling/cat_dog_data/test_set/test_set/cats/cat.4079.jpg,0,0,1.0,5.0769405e-10
/data/Zeyu/Pooling/cat_dog_data/test_set/test_set/cats/cat.4080.jpg,0,0,1.0,2.2198076e-15
/data/Zeyu/Pooling/cat_dog_data/test_set/test_set/cats/cat.4081.jpg,0,0,1.0,2.963191e-09
/data/Zeyu/Pooling/cat_dog_data/test_set/test_set/cats/cat.4082.jpg,0,0,1.0,5.9542935e-12
/data/Zeyu/Pooling/cat_dog_data/test_set/test_set/cats/cat.4083.jpg,0,0,1.0,2.6036064e-08
/data/Zeyu/Pooling/cat_dog_data/test_set/test_set/cats/cat.4084.jpg,0,0,0.99999607,3.9478964e-06
/data/Zeyu/Pooling/cat_dog_data/test_set/test_set/cats/cat.4085.jpg,0,0,0.9999893,1.0774915e-05
/data/Zeyu/Pooling/cat_dog_data/test_set/test_set/cats/cat.4086.jpg,0,0,0.9999993,7.576422e-07
/data/Zeyu/Pooling/cat_dog_data/test_set/test_set/cats/cat.4087.jpg,0,1,0.02955759,0.9704366
/data/Zeyu/Pooling/cat_dog_data/test_set/test_set/cats/cat.4088.jpg,0,0,0.999811,0.00018897017
/data/Zeyu/Pooling/cat_dog_data/test_set/test_set/cats/cat.4089.jpg,0,0,1.0,5.4530773e-08
/data/Zeyu/Pooling/cat_dog_data/test_set/test_set/cats/cat.4090.jpg,0,0,1.0,1.09031175e-08
/data/Zeyu/Pooling/cat_dog_data/test_set/test_set/cats/cat.4091.jpg,0,0,1.0,2.276908e-12
/data/Zeyu/Pooling/cat_dog_data/test_set/test_set/cats/cat.4092.jpg,0,0,0.9999999,7.383743e-08
/data/Zeyu/Pooling/cat_dog_data/test_set/test_set/cats/cat.4093.jpg,0,0,0.99943465,0.00056499004
/data/Zeyu/Pooling/cat_dog_data/test_set/test_set/cats/cat.4094.jpg,0,0,1.0,2.7895402e-08
/data/Zeyu/Pooling/cat_dog_data/test_set/test_set/cats/cat.4095.jpg,0,1,0.39317185,0.60682046
/data/Zeyu/Pooling/cat_dog_data/test_set/test_set/cats/cat.4096.jpg,0,0,1.0,3.6303714e-08
/data/Zeyu/Pooling/cat_dog_data/test_set/test_set/cats/cat.4097.jpg,0,0,0.9999999,1.4517747e-07
/data/Zeyu/Pooling/cat_dog_data/test_set/test_set/cats/cat.4098.jpg,0,0,0.9999999,1.3778673e-07
/data/Zeyu/Pooling/cat_dog_data/test_set/test_set/cats/cat.4099.jpg,0,0,1.0,1.5378813e-13
/data/Zeyu/Pooling/cat_dog_data/test_set/test_set/cats/cat.4100.jpg,0,0,0.9998369,0.00016299558
/data/Zeyu/Pooling/cat_dog_data/test_set/test_set/cats/cat.4101.jpg,0,0,1.0,2.1500258e-08
/data/Zeyu/Pooling/cat_dog_data/test_set/test_set/cats/cat.4102.jpg,0,0,0.9999988,1.1936238e-06
/data/Zeyu/Pooling/cat_dog_data/test_set/test_set/cats/cat.4103.jpg,0,0,0.9999999,1.2881713e-07
/data/Zeyu/Pooling/cat_dog_data/test_set/test_set/cats/cat.4104.jpg,0,0,0.999992,7.928384e-06
/data/Zeyu/Pooling/cat_dog_data/test_set/test_set/cats/cat.4105.jpg,0,0,1.0,1.0511601e-11
/data/Zeyu/Pooling/cat_dog_data/test_set/test_set/cats/cat.4106.jpg,0,0,0.9999554,4.4572083e-05
/data/Zeyu/Pooling/cat_dog_data/test_set/test_set/cats/cat.4107.jpg,0,0,1.0,2.5627545e-10
/data/Zeyu/Pooling/cat_dog_data/test_set/test_set/cats/cat.4108.jpg,0,0,1.0,4.3015296e-12
/data/Zeyu/Pooling/cat_dog_data/test_set/test_set/cats/cat.4109.jpg,0,0,0.9999968,3.179668e-06
/data/Zeyu/Pooling/cat_dog_data/test_set/test_set/cats/cat.4110.jpg,0,0,1.0,2.8243796e-10
/data/Zeyu/Pooling/cat_dog_data/test_set/test_set/cats/cat.4111.jpg,0,0,0.9998221,0.00017785176
/data/Zeyu/Pooling/cat_dog_data/test_set/test_set/cats/cat.4112.jpg,0,0,0.99998987,1.0115221e-05
/data/Zeyu/Pooling/cat_dog_data/test_set/test_set/cats/cat.4113.jpg,0,0,1.0,5.5802424e-12
/data/Zeyu/Pooling/cat_dog_data/test_set/test_set/cats/cat.4114.jpg,0,0,1.0,2.3760153e-08
/data/Zeyu/Pooling/cat_dog_data/test_set/test_set/cats/cat.4115.jpg,0,0,1.0,1.464548e-10
/data/Zeyu/Pooling/cat_dog_data/test_set/test_set/cats/cat.4116.jpg,0,0,0.99929094,0.00070860534
/data/Zeyu/Pooling/cat_dog_data/test_set/test_set/cats/cat.4117.jpg,0,0,0.99925846,0.0007412673
/data/Zeyu/Pooling/cat_dog_data/test_set/test_set/cats/cat.4118.jpg,0,0,0.9999999,9.286281e-08
/data/Zeyu/Pooling/cat_dog_data/test_set/test_set/cats/cat.4119.jpg,0,0,1.0,7.3178397e-10
/data/Zeyu/Pooling/cat_dog_data/test_set/test_set/cats/cat.4120.jpg,0,0,1.0,5.8535767e-09
/data/Zeyu/Pooling/cat_dog_data/test_set/test_set/cats/cat.4121.jpg,0,0,1.0,2.5281301e-09
/data/Zeyu/Pooling/cat_dog_data/test_set/test_set/cats/cat.4122.jpg,0,0,0.99580294,0.004193688
/data/Zeyu/Pooling/cat_dog_data/test_set/test_set/cats/cat.4123.jpg,0,0,0.66468346,0.33528695
/data/Zeyu/Pooling/cat_dog_data/test_set/test_set/cats/cat.4124.jpg,0,0,1.0,6.279306e-11
/data/Zeyu/Pooling/cat_dog_data/test_set/test_set/cats/cat.4125.jpg,0,0,1.0,5.0546567e-11
/data/Zeyu/Pooling/cat_dog_data/test_set/test_set/cats/cat.4126.jpg,0,0,1.0,1.2910374e-10
/data/Zeyu/Pooling/cat_dog_data/test_set/test_set/cats/cat.4127.jpg,0,0,1.0,1.947812e-10
/data/Zeyu/Pooling/cat_dog_data/test_set/test_set/cats/cat.4128.jpg,0,0,0.5983202,0.40165833
/data/Zeyu/Pooling/cat_dog_data/test_set/test_set/cats/cat.4001.jpg,0,0,1.0,6.1977574e-09
/data/Zeyu/Pooling/cat_dog_data/test_set/test_set/cats/cat.4002.jpg,0,0,1.0,4.32238e-15
/data/Zeyu/Pooling/cat_dog_data/test_set/test_set/cats/cat.4003.jpg,0,0,1.0,1.9857046e-12
/data/Zeyu/Pooling/cat_dog_data/test_set/test_set/cats/cat.4004.jpg,0,0,0.87672883,0.12326548
/data/Zeyu/Pooling/cat_dog_data/test_set/test_set/cats/cat.4005.jpg,0,0,1.0,4.9776204e-11
/data/Zeyu/Pooling/cat_dog_data/test_set/test_set/cats/cat.4006.jpg,0,0,1.0,3.7927103e-10
/data/Zeyu/Pooling/cat_dog_data/test_set/test_set/cats/cat.4007.jpg,0,0,1.0,4.5878107e-08
/data/Zeyu/Pooling/cat_dog_data/test_set/test_set/cats/cat.4008.jpg,0,0,1.0,5.450007e-09
/data/Zeyu/Pooling/cat_dog_data/test_set/test_set/cats/cat.4009.jpg,0,0,1.0,1.7860505e-09
/data/Zeyu/Pooling/cat_dog_data/test_set/test_set/cats/cat.4010.jpg,0,0,1.0,3.2413357e-11
/data/Zeyu/Pooling/cat_dog_data/test_set/test_set/cats/cat.4011.jpg,0,0,1.0,3.1139384e-09
/data/Zeyu/Pooling/cat_dog_data/test_set/test_set/cats/cat.4012.jpg,0,0,1.0,1.1774434e-11
/data/Zeyu/Pooling/cat_dog_data/test_set/test_set/cats/cat.4013.jpg,0,0,1.0,1.0973024e-09
/data/Zeyu/Pooling/cat_dog_data/test_set/test_set/cats/cat.4014.jpg,0,0,1.0,1.9258449e-08
/data/Zeyu/Pooling/cat_dog_data/test_set/test_set/cats/cat.4015.jpg,0,0,1.0,1.8592235e-08
/data/Zeyu/Pooling/cat_dog_data/test_set/test_set/cats/cat.4016.jpg,0,0,0.9999987,1.2976459e-06
/data/Zeyu/Pooling/cat_dog_data/test_set/test_set/cats/cat.4017.jpg,0,0,1.0,9.130631e-09
/data/Zeyu/Pooling/cat_dog_data/test_set/test_set/cats/cat.4018.jpg,0,0,0.99999857,1.4108559e-06
/data/Zeyu/Pooling/cat_dog_data/test_set/test_set/cats/cat.4019.jpg,0,0,0.9999989,1.0408601e-06
/data/Zeyu/Pooling/cat_dog_data/test_set/test_set/cats/cat.4020.jpg,0,0,0.9999995,4.413338e-07
/data/Zeyu/Pooling/cat_dog_data/test_set/test_set/cats/cat.4021.jpg,0,0,1.0,1.6681522e-08
/data/Zeyu/Pooling/cat_dog_data/test_set/test_set/cats/cat.4022.jpg,0,0,0.9999999,1.6496243e-07
/data/Zeyu/Pooling/cat_dog_data/test_set/test_set/cats/cat.4023.jpg,0,0,1.0,3.205219e-10
/data/Zeyu/Pooling/cat_dog_data/test_set/test_set/cats/cat.4024.jpg,0,0,0.6679122,0.3320826
/data/Zeyu/Pooling/cat_dog_data/test_set/test_set/cats/cat.4025.jpg,0,0,0.99999905,9.541328e-07
/data/Zeyu/Pooling/cat_dog_data/test_set/test_set/cats/cat.4026.jpg,0,0,1.0,6.171163e-11
/data/Zeyu/Pooling/cat_dog_data/test_set/test_set/cats/cat.4027.jpg,0,0,0.99278826,0.0072083334
/data/Zeyu/Pooling/cat_dog_data/test_set/test_set/cats/cat.4028.jpg,0,0,0.9999999,1.5817812e-07
/data/Zeyu/Pooling/cat_dog_data/test_set/test_set/cats/cat.4029.jpg,0,0,0.9999248,7.5209966e-05
/data/Zeyu/Pooling/cat_dog_data/test_set/test_set/cats/cat.4030.jpg,0,0,0.7115474,0.28842995
/data/Zeyu/Pooling/cat_dog_data/test_set/test_set/cats/cat.4031.jpg,0,0,1.0,3.316193e-09
/data/Zeyu/Pooling/cat_dog_data/test_set/test_set/cats/cat.4032.jpg,0,0,0.9999999,9.092852e-08
/data/Zeyu/Pooling/cat_dog_data/test_set/test_set/cats/cat.4033.jpg,0,0,1.0,2.6003874e-10
/data/Zeyu/Pooling/cat_dog_data/test_set/test_set/cats/cat.4034.jpg,0,0,1.0,2.8140082e-13
/data/Zeyu/Pooling/cat_dog_data/test_set/test_set/cats/cat.4035.jpg,0,0,1.0,1.5068904e-10
/data/Zeyu/Pooling/cat_dog_data/test_set/test_set/cats/cat.4036.jpg,0,0,1.0,4.6732847e-08
/data/Zeyu/Pooling/cat_dog_data/test_set/test_set/cats/cat.4037.jpg,0,0,1.0,1.4706601e-12
/data/Zeyu/Pooling/cat_dog_data/test_set/test_set/cats/cat.4038.jpg,0,0,1.0,6.156823e-10
/data/Zeyu/Pooling/cat_dog_data/test_set/test_set/cats/cat.4039.jpg,0,0,1.0,7.370684e-12
/data/Zeyu/Pooling/cat_dog_data/test_set/test_set/cats/cat.4040.jpg,0,0,0.9999993,7.115937e-07
/data/Zeyu/Pooling/cat_dog_data/test_set/test_set/cats/cat.4041.jpg,0,0,0.99996674,3.3275413e-05
/data/Zeyu/Pooling/cat_dog_data/test_set/test_set/cats/cat.4042.jpg,0,0,1.0,3.642759e-12
/data/Zeyu/Pooling/cat_dog_data/test_set/test_set/cats/cat.4043.jpg,0,0,0.99999964,3.268561e-07
/data/Zeyu/Pooling/cat_dog_data/test_set/test_set/cats/cat.4044.jpg,0,0,1.0,2.2159956e-08
/data/Zeyu/Pooling/cat_dog_data/test_set/test_set/cats/cat.4045.jpg,0,0,0.9995944,0.0004051045
/data/Zeyu/Pooling/cat_dog_data/test_set/test_set/cats/cat.4046.jpg,0,0,0.99999964,3.1285765e-07
/data/Zeyu/Pooling/cat_dog_data/test_set/test_set/cats/cat.4047.jpg,0,0,0.9999968,3.238083e-06
/data/Zeyu/Pooling/cat_dog_data/test_set/test_set/cats/cat.4048.jpg,0,0,0.99999595,4.0648533e-06
/data/Zeyu/Pooling/cat_dog_data/test_set/test_set/cats/cat.4049.jpg,0,0,1.0,1.14967286e-10
/data/Zeyu/Pooling/cat_dog_data/test_set/test_set/cats/cat.4050.jpg,0,0,1.0,9.059835e-09
/data/Zeyu/Pooling/cat_dog_data/test_set/test_set/cats/cat.4051.jpg,0,0,1.0,5.899795e-11
/data/Zeyu/Pooling/cat_dog_data/test_set/test_set/cats/cat.4052.jpg,0,0,0.9962871,0.0037101181
/data/Zeyu/Pooling/cat_dog_data/test_set/test_set/cats/cat.4053.jpg,0,0,1.0,3.1298564e-23
/data/Zeyu/Pooling/cat_dog_data/test_set/test_set/cats/cat.4054.jpg,0,0,0.9999975,2.4934848e-06
/data/Zeyu/Pooling/cat_dog_data/test_set/test_set/cats/cat.4055.jpg,0,0,1.0,3.5504427e-12
/data/Zeyu/Pooling/cat_dog_data/test_set/test_set/cats/cat.4056.jpg,0,0,1.0,1.17125865e-08
/data/Zeyu/Pooling/cat_dog_data/test_set/test_set/cats/cat.4057.jpg,0,0,1.0,7.103144e-14
/data/Zeyu/Pooling/cat_dog_data/test_set/test_set/cats/cat.4058.jpg,0,0,1.0,1.2807431e-11
/data/Zeyu/Pooling/cat_dog_data/test_set/test_set/cats/cat.4059.jpg,0,0,0.9999994,5.9760765e-07
/data/Zeyu/Pooling/cat_dog_data/test_set/test_set/cats/cat.4060.jpg,0,0,0.9999999,8.632025e-08
/data/Zeyu/Pooling/cat_dog_data/test_set/test_set/cats/cat.4061.jpg,0,0,0.9999999,9.842225e-08
/data/Zeyu/Pooling/cat_dog_data/test_set/test_set/cats/cat.4062.jpg,0,0,0.999943,5.6909485e-05
/data/Zeyu/Pooling/cat_dog_data/test_set/test_set/cats/cat.4063.jpg,0,0,1.0,9.602625e-09
/data/Zeyu/Pooling/cat_dog_data/test_set/test_set/cats/cat.4064.jpg,0,0,1.0,7.55899e-11
/data/Zeyu/Pooling/cat_dog_data/test_set/test_set/cats/cat.4065.jpg,0,0,0.9997404,0.00025952124
/data/Zeyu/Pooling/cat_dog_data/test_set/test_set/cats/cat.4066.jpg,0,0,0.9904032,0.009596154
/data/Zeyu/Pooling/cat_dog_data/test_set/test_set/cats/cat.4067.jpg,0,0,0.7911894,0.20878915
/data/Zeyu/Pooling/cat_dog_data/test_set/test_set/cats/cat.4068.jpg,0,0,1.0,1.076875e-13
/data/Zeyu/Pooling/cat_dog_data/test_set/test_set/cats/cat.4069.jpg,0,0,0.99986184,0.00013802646
/data/Zeyu/Pooling/cat_dog_data/test_set/test_set/cats/cat.4070.jpg,0,0,1.0,1.5383405e-11
/data/Zeyu/Pooling/cat_dog_data/test_set/test_set/cats/cat.4071.jpg,0,0,0.99999964,3.2097557e-07
/data/Zeyu/Pooling/cat_dog_data/test_set/test_set/cats/cat.4072.jpg,0,0,1.0,2.255636e-09
/data/Zeyu/Pooling/cat_dog_data/test_set/test_set/cats/cat.4073.jpg,0,0,1.0,3.1957903e-08
/data/Zeyu/Pooling/cat_dog_data/test_set/test_set/cats/cat.4074.jpg,0,0,0.9999995,4.9943185e-07
/data/Zeyu/Pooling/cat_dog_data/test_set/test_set/cats/cat.4075.jpg,0,0,1.0,1.5449188e-14
/data/Zeyu/Pooling/cat_dog_data/test_set/test_set/cats/cat.4076.jpg,0,0,1.0,9.725694e-14
/data/Zeyu/Pooling/cat_dog_data/test_set/test_set/cats/cat.4077.jpg,0,0,1.0,4.954294e-10
/data/Zeyu/Pooling/cat_dog_data/test_set/test_set/cats/cat.4078.jpg,0,0,1.0,6.411314e-12
/data/Zeyu/Pooling/cat_dog_data/test_set/test_set/cats/cat.4079.jpg,0,0,0.9999882,1.1806838e-05
/data/Zeyu/Pooling/cat_dog_data/test_set/test_set/cats/cat.4080.jpg,0,1,0.029499093,0.9704826
/data/Zeyu/Pooling/cat_dog_data/test_set/test_set/cats/cat.4081.jpg,0,0,0.99999833,1.6998622e-06
/data/Zeyu/Pooling/cat_dog_data/test_set/test_set/cats/cat.4082.jpg,0,0,0.9999342,6.575563e-05
/data/Zeyu/Pooling/cat_dog_data/test_set/test_set/cats/cat.4083.jpg,0,1,0.034337867,0.9656504
/data/Zeyu/Pooling/cat_dog_data/test_set/test_set/cats/cat.4084.jpg,0,0,1.0,9.979304e-13
/data/Zeyu/Pooling/cat_dog_data/test_set/test_set/cats/cat.4085.jpg,0,0,0.99997044,2.9553205e-05
/data/Zeyu/Pooling/cat_dog_data/test_set/test_set/cats/cat.4086.jpg,0,0,0.99999976,2.0081717e-07
/data/Zeyu/Pooling/cat_dog_data/test_set/test_set/cats/cat.4087.jpg,0,0,0.9999999,9.5162406e-08
/data/Zeyu/Pooling/cat_dog_data/test_set/test_set/cats/cat.4088.jpg,0,0,1.0,1.2910459e-12
/data/Zeyu/Pooling/cat_dog_data/test_set/test_set/cats/cat.4089.jpg,0,0,1.0,5.7783033e-08
/data/Zeyu/Pooling/cat_dog_data/test_set/test_set/cats/cat.4090.jpg,0,0,1.0,1.2442605e-09
/data/Zeyu/Pooling/cat_dog_data/test_set/test_set/cats/cat.4091.jpg,0,0,0.999905,9.49925e-05
/data/Zeyu/Pooling/cat_dog_data/test_set/test_set/cats/cat.4092.jpg,0,0,1.0,1.0652303e-10
/data/Zeyu/Pooling/cat_dog_data/test_set/test_set/cats/cat.4093.jpg,0,0,0.99999785,2.0889977e-06
/data/Zeyu/Pooling/cat_dog_data/test_set/test_set/cats/cat.4094.jpg,0,0,1.0,6.3520404e-11
/data/Zeyu/Pooling/cat_dog_data/test_set/test_set/cats/cat.4095.jpg,0,0,1.0,4.2396174e-08
/data/Zeyu/Pooling/cat_dog_data/test_set/test_set/cats/cat.4096.jpg,0,0,1.0,2.0004029e-10
/data/Zeyu/Pooling/cat_dog_data/test_set/test_set/cats/cat.4097.jpg,0,0,1.0,1.9441931e-10
/data/Zeyu/Pooling/cat_dog_data/test_set/test_set/cats/cat.4098.jpg,0,0,1.0,5.186701e-10
/data/Zeyu/Pooling/cat_dog_data/test_set/test_set/cats/cat.4099.jpg,0,0,1.0,3.722722e-11
/data/Zeyu/Pooling/cat_dog_data/test_set/test_set/cats/cat.4100.jpg,0,1,0.079774186,0.92019135
/data/Zeyu/Pooling/cat_dog_data/test_set/test_set/cats/cat.4101.jpg,0,0,0.9999348,6.511361e-05
/data/Zeyu/Pooling/cat_dog_data/test_set/test_set/cats/cat.4102.jpg,0,0,1.0,2.612493e-10
/data/Zeyu/Pooling/cat_dog_data/test_set/test_set/cats/cat.4103.jpg,0,0,1.0,4.1750464e-10
/data/Zeyu/Pooling/cat_dog_data/test_set/test_set/cats/cat.4104.jpg,0,0,0.9999932,6.7375695e-06
/data/Zeyu/Pooling/cat_dog_data/test_set/test_set/cats/cat.4105.jpg,0,0,1.0,2.7050948e-10
/data/Zeyu/Pooling/cat_dog_data/test_set/test_set/cats/cat.4106.jpg,0,0,1.0,2.541245e-10
/data/Zeyu/Pooling/cat_dog_data/test_set/test_set/cats/cat.4107.jpg,0,0,0.9999666,3.3406315e-05
/data/Zeyu/Pooling/cat_dog_data/test_set/test_set/cats/cat.4108.jpg,0,0,1.0,1.4877348e-08
/data/Zeyu/Pooling/cat_dog_data/test_set/test_set/cats/cat.4109.jpg,0,0,0.9999988,1.2098345e-06
/data/Zeyu/Pooling/cat_dog_data/test_set/test_set/cats/cat.4110.jpg,0,0,0.9983469,0.0016523001
/data/Zeyu/Pooling/cat_dog_data/test_set/test_set/cats/cat.4111.jpg,0,0,1.0,5.87211e-15
/data/Zeyu/Pooling/cat_dog_data/test_set/test_set/cats/cat.4112.jpg,0,0,1.0,1.5883865e-08
/data/Zeyu/Pooling/cat_dog_data/test_set/test_set/cats/cat.4113.jpg,0,0,1.0,8.038239e-10
/data/Zeyu/Pooling/cat_dog_data/test_set/test_set/cats/cat.4114.jpg,0,0,1.0,3.948426e-09
/data/Zeyu/Pooling/cat_dog_data/test_set/test_set/cats/cat.4115.jpg,0,0,1.0,6.596116e-10
/data/Zeyu/Pooling/cat_dog_data/test_set/test_set/cats/cat.4116.jpg,1,0,0.832433,0.16756113
/data/Zeyu/Pooling/cat_dog_data/test_set/test_set/cats/cat.4117.jpg,1,1,6.0331746e-07,0.9999994
/data/Zeyu/Pooling/cat_dog_data/test_set/test_set/cats/cat.4118.jpg,1,1,3.4271576e-08,1.0
/data/Zeyu/Pooling/cat_dog_data/test_set/test_set/cats/cat.4119.jpg,1,1,4.7282634e-12,1.0
/data/Zeyu/Pooling/cat_dog_data/test_set/test_set/cats/cat.4120.jpg,1,1,0.0009098307,0.9990902
/data/Zeyu/Pooling/cat_dog_data/test_set/test_set/cats/cat.4121.jpg,1,1,4.8349055e-05,0.9999516
/data/Zeyu/Pooling/cat_dog_data/test_set/test_set/cats/cat.4122.jpg,1,1,0.00026688926,0.99973303
/data/Zeyu/Pooling/cat_dog_data/test_set/test_set/cats/cat.4123.jpg,1,1,6.1777515e-13,1.0
/data/Zeyu/Pooling/cat_dog_data/test_set/test_set/cats/cat.4124.jpg,1,1,1.8402885e-06,0.9999982
/data/Zeyu/Pooling/cat_dog_data/test_set/test_set/cats/cat.4125.jpg,1,1,1.891675e-07,0.99999976
/data/Zeyu/Pooling/cat_dog_data/test_set/test_set/cats/cat.4126.jpg,1,1,1.2297409e-07,0.9999999
/data/Zeyu/Pooling/cat_dog_data/test_set/test_set/cats/cat.4127.jpg,1,1,5.839228e-08,1.0
/data/Zeyu/Pooling/cat_dog_data/test_set/test_set/cats/cat.4128.jpg,1,1,5.6422934e-05,0.9999436
/data/Zeyu/Pooling/cat_dog_data/test_set/test_set/cats/cat.4001.jpg,1,1,1.4982769e-08,1.0
/data/Zeyu/Pooling/cat_dog_data/test_set/test_set/cats/cat.4002.jpg,1,1,3.8551022e-07,0.99999964
/data/Zeyu/Pooling/cat_dog_data/test_set/test_set/cats/cat.4003.jpg,1,1,2.9058901e-08,1.0
/data/Zeyu/Pooling/cat_dog_data/test_set/test_set/cats/cat.4004.jpg,1,1,2.6686656e-08,1.0
/data/Zeyu/Pooling/cat_dog_data/test_set/test_set/cats/cat.4005.jpg,1,1,4.305388e-08,1.0
/data/Zeyu/Pooling/cat_dog_data/test_set/test_set/cats/cat.4006.jpg,1,1,2.021233e-05,0.99997973
/data/Zeyu/Pooling/cat_dog_data/test_set/test_set/cats/cat.4007.jpg,1,1,0.00032218444,0.99967754
/data/Zeyu/Pooling/cat_dog_data/test_set/test_set/cats/cat.4008.jpg,1,1,0.0006806327,0.9993193
/data/Zeyu/Pooling/cat_dog_data/test_set/test_set/cats/cat.4009.jpg,1,1,6.169801e-10,1.0
/data/Zeyu/Pooling/cat_dog_data/test_set/test_set/cats/cat.4010.jpg,1,1,0.0006648657,0.99933463
/data/Zeyu/Pooling/cat_dog_data/test_set/test_set/cats/cat.4011.jpg,1,1,0.036927182,0.96305656
/data/Zeyu/Pooling/cat_dog_data/test_set/test_set/cats/cat.4012.jpg,1,1,5.8360516e-09,1.0
/data/Zeyu/Pooling/cat_dog_data/test_set/test_set/cats/cat.4013.jpg,1,1,1.7330402e-05,0.9999826
/data/Zeyu/Pooling/cat_dog_data/test_set/test_set/cats/cat.4014.jpg,1,1,4.582698e-10,1.0
/data/Zeyu/Pooling/cat_dog_data/test_set/test_set/cats/cat.4015.jpg,1,1,3.4490075e-08,1.0
/data/Zeyu/Pooling/cat_dog_data/test_set/test_set/cats/cat.4016.jpg,1,1,0.0028758715,0.99712014
/data/Zeyu/Pooling/cat_dog_data/test_set/test_set/cats/cat.4017.jpg,1,1,3.502758e-06,0.99999654
/data/Zeyu/Pooling/cat_dog_data/test_set/test_set/cats/cat.4018.jpg,1,1,0.00062646426,0.99937254
/data/Zeyu/Pooling/cat_dog_data/test_set/test_set/cats/cat.4019.jpg,1,1,9.94928e-08,0.9999999
/data/Zeyu/Pooling/cat_dog_data/test_set/test_set/cats/cat.4020.jpg,1,1,2.980606e-07,0.99999964
/data/Zeyu/Pooling/cat_dog_data/test_set/test_set/cats/cat.4021.jpg,1,1,1.03614326e-07,0.9999999
/data/Zeyu/Pooling/cat_dog_data/test_set/test_set/cats/cat.4022.jpg,1,1,8.48479e-06,0.99999154
/data/Zeyu/Pooling/cat_dog_data/test_set/test_set/cats/cat.4023.jpg,1,1,0.0033878067,0.99660873
/data/Zeyu/Pooling/cat_dog_data/test_set/test_set/cats/cat.4024.jpg,1,1,1.7910855e-07,0.99999976
/data/Zeyu/Pooling/cat_dog_data/test_set/test_set/cats/cat.4025.jpg,1,1,0.0025124012,0.99748516
/data/Zeyu/Pooling/cat_dog_data/test_set/test_set/cats/cat.4026.jpg,1,1,3.6862198e-07,0.99999964
/data/Zeyu/Pooling/cat_dog_data/test_set/test_set/cats/cat.4027.jpg,1,1,0.00053234864,0.99946696
/data/Zeyu/Pooling/cat_dog_data/test_set/test_set/cats/cat.4028.jpg,1,1,2.4629132e-10,1.0
/data/Zeyu/Pooling/cat_dog_data/test_set/test_set/cats/cat.4029.jpg,1,1,1.2449287e-07,0.9999999
/data/Zeyu/Pooling/cat_dog_data/test_set/test_set/cats/cat.4030.jpg,1,1,0.00080317655,0.9991968
/data/Zeyu/Pooling/cat_dog_data/test_set/test_set/cats/cat.4031.jpg,1,1,3.320434e-06,0.99999666
/data/Zeyu/Pooling/cat_dog_data/test_set/test_set/cats/cat.4032.jpg,1,1,2.972673e-09,1.0
/data/Zeyu/Pooling/cat_dog_data/test_set/test_set/cats/cat.4033.jpg,1,1,2.7710314e-09,1.0
/data/Zeyu/Pooling/cat_dog_data/test_set/test_set/cats/cat.4034.jpg,1,1,0.0035270203,0.99646986
/data/Zeyu/Pooling/cat_dog_data/test_set/test_set/cats/cat.4035.jpg,1,1,6.1448794e-05,0.99993825
/data/Zeyu/Pooling/cat_dog_data/test_set/test_set/cats/cat.4036.jpg,1,1,9.919005e-15,1.0
/data/Zeyu/Pooling/cat_dog_data/test_set/test_set/cats/cat.4037.jpg,1,1,4.344586e-06,0.9999956
/data/Zeyu/Pooling/cat_dog_data/test_set/test_set/cats/cat.4038.jpg,1,1,1.4136452e-06,0.99999857
/data/Zeyu/Pooling/cat_dog_data/test_set/test_set/cats/cat.4039.jpg,1,1,1.5477069e-09,1.0
/data/Zeyu/Pooling/cat_dog_data/test_set/test_set/cats/cat.4040.jpg,1,1,2.3680254e-08,1.0
/data/Zeyu/Pooling/cat_dog_data/test_set/test_set/cats/cat.4041.jpg,1,1,3.8237923e-07,0.99999964
/data/Zeyu/Pooling/cat_dog_data/test_set/test_set/cats/cat.4042.jpg,1,1,1.4007813e-08,1.0
/data/Zeyu/Pooling/cat_dog_data/test_set/test_set/cats/cat.4043.jpg,1,1,0.00015351053,0.9998462
/data/Zeyu/Pooling/cat_dog_data/test_set/test_set/cats/cat.4044.jpg,1,1,4.709507e-08,1.0
/data/Zeyu/Pooling/cat_dog_data/test_set/test_set/cats/cat.4045.jpg,1,1,6.7453265e-11,1.0
/data/Zeyu/Pooling/cat_dog_data/test_set/test_set/cats/cat.4046.jpg,1,1,7.601479e-08,0.9999999
/data/Zeyu/Pooling/cat_dog_data/test_set/test_set/cats/cat.4047.jpg,1,1,0.1767557,0.823222
/data/Zeyu/Pooling/cat_dog_data/test_set/test_set/cats/cat.4048.jpg,1,1,1.1907124e-05,0.9999881
/data/Zeyu/Pooling/cat_dog_data/test_set/test_set/cats/cat.4049.jpg,1,1,9.498571e-06,0.99999046
/data/Zeyu/Pooling/cat_dog_data/test_set/test_set/cats/cat.4050.jpg,1,1,5.1338757e-05,0.9999486
/data/Zeyu/Pooling/cat_dog_data/test_set/test_set/cats/cat.4051.jpg,1,1,4.406218e-08,1.0
/data/Zeyu/Pooling/cat_dog_data/test_set/test_set/cats/cat.4052.jpg,1,0,0.60029763,0.39967683
/data/Zeyu/Pooling/cat_dog_data/test_set/test_set/cats/cat.4053.jpg,1,1,2.3554222e-07,0.99999976
/data/Zeyu/Pooling/cat_dog_data/test_set/test_set/cats/cat.4054.jpg,1,1,2.1277821e-05,0.99997866
/data/Zeyu/Pooling/cat_dog_data/test_set/test_set/cats/cat.4055.jpg,1,1,9.790054e-10,1.0
/data/Zeyu/Pooling/cat_dog_data/test_set/test_set/cats/cat.4056.jpg,1,1,4.6035275e-05,0.99995375
/data/Zeyu/Pooling/cat_dog_data/test_set/test_set/cats/cat.4057.jpg,1,1,0.00013975699,0.9998599
/data/Zeyu/Pooling/cat_dog_data/test_set/test_set/cats/cat.4058.jpg,1,1,4.526133e-09,1.0
/data/Zeyu/Pooling/cat_dog_data/test_set/test_set/cats/cat.4059.jpg,1,1,1.6918259e-06,0.99999833
/data/Zeyu/Pooling/cat_dog_data/test_set/test_set/cats/cat.4060.jpg,1,1,3.928869e-10,1.0
/data/Zeyu/Pooling/cat_dog_data/test_set/test_set/cats/cat.4061.jpg,1,1,0.00012121884,0.9998778
/data/Zeyu/Pooling/cat_dog_data/test_set/test_set/cats/cat.4062.jpg,1,1,5.262656e-07,0.9999995
/data/Zeyu/Pooling/cat_dog_data/test_set/test_set/cats/cat.4063.jpg,1,1,2.6763078e-05,0.9999732
/data/Zeyu/Pooling/cat_dog_data/test_set/test_set/cats/cat.4064.jpg,1,1,0.00028299127,0.9997167
/data/Zeyu/Pooling/cat_dog_data/test_set/test_set/cats/cat.4065.jpg,1,1,1.04663695e-05,0.9999895
/data/Zeyu/Pooling/cat_dog_data/test_set/test_set/cats/cat.4066.jpg,1,1,4.5813312e-08,1.0
/data/Zeyu/Pooling/cat_dog_data/test_set/test_set/cats/cat.4067.jpg,1,1,2.6175782e-08,1.0
/data/Zeyu/Pooling/cat_dog_data/test_set/test_set/cats/cat.4068.jpg,1,1,1.5104709e-09,1.0
/data/Zeyu/Pooling/cat_dog_data/test_set/test_set/cats/cat.4069.jpg,1,1,3.1703065e-10,1.0
/data/Zeyu/Pooling/cat_dog_data/test_set/test_set/cats/cat.4070.jpg,1,1,0.0025275478,0.99747187
/data/Zeyu/Pooling/cat_dog_data/test_set/test_set/cats/cat.4071.jpg,1,1,1.2643646e-07,0.9999999
/data/Zeyu/Pooling/cat_dog_data/test_set/test_set/cats/cat.4072.jpg,1,1,0.0016023788,0.9983975
/data/Zeyu/Pooling/cat_dog_data/test_set/test_set/cats/cat.4073.jpg,1,1,0.00026538022,0.99973434
/data/Zeyu/Pooling/cat_dog_data/test_set/test_set/cats/cat.4074.jpg,1,1,0.0006632171,0.9993368
/data/Zeyu/Pooling/cat_dog_data/test_set/test_set/cats/cat.4075.jpg,1,1,1.28158e-07,0.9999999
/data/Zeyu/Pooling/cat_dog_data/test_set/test_set/cats/cat.4076.jpg,1,1,2.1985187e-09,1.0
/data/Zeyu/Pooling/cat_dog_data/test_set/test_set/cats/cat.4077.jpg,1,1,8.467027e-05,0.99991524
/data/Zeyu/Pooling/cat_dog_data/test_set/test_set/cats/cat.4078.jpg,1,0,0.6447156,0.3552518
/data/Zeyu/Pooling/cat_dog_data/test_set/test_set/cats/cat.4079.jpg,1,1,1.491616e-05,0.9999851
/data/Zeyu/Pooling/cat_dog_data/test_set/test_set/cats/cat.4080.jpg,1,1,0.00032943525,0.9996705
/data/Zeyu/Pooling/cat_dog_data/test_set/test_set/cats/cat.4081.jpg,1,1,8.566856e-05,0.99991405
/data/Zeyu/Pooling/cat_dog_data/test_set/test_set/cats/cat.4082.jpg,1,1,2.73498e-05,0.9999726
/data/Zeyu/Pooling/cat_dog_data/test_set/test_set/cats/cat.4083.jpg,1,1,5.566811e-10,1.0
/data/Zeyu/Pooling/cat_dog_data/test_set/test_set/cats/cat.4084.jpg,1,1,7.692741e-08,0.9999999
/data/Zeyu/Pooling/cat_dog_data/test_set/test_set/cats/cat.4085.jpg,1,1,0.0014468199,0.9985505
/data/Zeyu/Pooling/cat_dog_data/test_set/test_set/cats/cat.4086.jpg,1,1,1.4282136e-07,0.9999999
/data/Zeyu/Pooling/cat_dog_data/test_set/test_set/cats/cat.4087.jpg,1,1,4.1179538e-10,1.0
/data/Zeyu/Pooling/cat_dog_data/test_set/test_set/cats/cat.4088.jpg,1,1,0.0992771,0.9007169
/data/Zeyu/Pooling/cat_dog_data/test_set/test_set/cats/cat.4089.jpg,1,1,1.6948266e-07,0.9999999
/data/Zeyu/Pooling/cat_dog_data/test_set/test_set/cats/cat.4090.jpg,1,1,0.0006024578,0.99939656
/data/Zeyu/Pooling/cat_dog_data/test_set/test_set/cats/cat.4091.jpg,1,1,0.0017526041,0.9982425
/data/Zeyu/Pooling/cat_dog_data/test_set/test_set/cats/cat.4092.jpg,1,1,5.7832426e-07,0.9999994
/data/Zeyu/Pooling/cat_dog_data/test_set/test_set/cats/cat.4093.jpg,1,1,0.2254505,0.77452433
/data/Zeyu/Pooling/cat_dog_data/test_set/test_set/cats/cat.4094.jpg,1,1,1.0480922e-05,0.9999895
/data/Zeyu/Pooling/cat_dog_data/test_set/test_set/cats/cat.4095.jpg,1,1,5.6554944e-07,0.9999994
/data/Zeyu/Pooling/cat_dog_data/test_set/test_set/cats/cat.4096.jpg,1,1,6.500578e-05,0.9999349
/data/Zeyu/Pooling/cat_dog_data/test_set/test_set/cats/cat.4097.jpg,1,1,0.00017378159,0.99982625
/data/Zeyu/Pooling/cat_dog_data/test_set/test_set/cats/cat.4098.jpg,1,1,1.2592137e-12,1.0
/data/Zeyu/Pooling/cat_dog_data/test_set/test_set/cats/cat.4099.jpg,1,1,3.247478e-05,0.9999676
/data/Zeyu/Pooling/cat_dog_data/test_set/test_set/cats/cat.4100.jpg,1,1,0.0009242515,0.99907446
/data/Zeyu/Pooling/cat_dog_data/test_set/test_set/cats/cat.4101.jpg,1,1,3.5435093e-07,0.99999964
/data/Zeyu/Pooling/cat_dog_data/test_set/test_set/cats/cat.4102.jpg,1,1,9.2163655e-06,0.9999908
/data/Zeyu/Pooling/cat_dog_data/test_set/test_set/cats/cat.4103.jpg,1,1,0.0052414057,0.99475694
/data/Zeyu/Pooling/cat_dog_data/test_set/test_set/cats/cat.4104.jpg,1,1,1.3139393e-06,0.9999987
/data/Zeyu/Pooling/cat_dog_data/test_set/test_set/cats/cat.4105.jpg,1,1,0.0012277914,0.9987716
/data/Zeyu/Pooling/cat_dog_data/test_set/test_set/cats/cat.4106.jpg,1,0,0.53290546,0.46708712
/data/Zeyu/Pooling/cat_dog_data/test_set/test_set/cats/cat.4107.jpg,1,1,1.0373792e-07,0.9999999
/data/Zeyu/Pooling/cat_dog_data/test_set/test_set/cats/cat.4108.jpg,1,1,4.1319147e-08,1.0
/data/Zeyu/Pooling/cat_dog_data/test_set/test_set/cats/cat.4109.jpg,1,1,1.3839219e-05,0.9999862
/data/Zeyu/Pooling/cat_dog_data/test_set/test_set/cats/cat.4110.jpg,1,1,3.30481e-08,1.0
/data/Zeyu/Pooling/cat_dog_data/test_set/test_set/cats/cat.4111.jpg,1,1,1.6920481e-08,1.0
/data/Zeyu/Pooling/cat_dog_data/test_set/test_set/cats/cat.4112.jpg,1,1,7.42583e-12,1.0
/data/Zeyu/Pooling/cat_dog_data/test_set/test_set/cats/cat.4113.jpg,1,1,2.1959431e-05,0.9999778
/data/Zeyu/Pooling/cat_dog_data/test_set/test_set/cats/cat.4114.jpg,1,0,0.893836,0.106124446
/data/Zeyu/Pooling/cat_dog_data/test_set/test_set/cats/cat.4115.jpg,1,1,1.3650385e-10,1.0
/data/Zeyu/Pooling/cat_dog_data/test_set/test_set/cats/cat.4116.jpg,1,1,0.00572736,0.994269
/data/Zeyu/Pooling/cat_dog_data/test_set/test_set/cats/cat.4117.jpg,1,1,0.0015747021,0.9984224
/data/Zeyu/Pooling/cat_dog_data/test_set/test_set/cats/cat.4118.jpg,1,1,3.4885763e-06,0.99999654
/data/Zeyu/Pooling/cat_dog_data/test_set/test_set/cats/cat.4119.jpg,1,1,3.6229456e-10,1.0
/data/Zeyu/Pooling/cat_dog_data/test_set/test_set/cats/cat.4120.jpg,1,0,0.7671891,0.23279426
/data/Zeyu/Pooling/cat_dog_data/test_set/test_set/cats/cat.4121.jpg,1,1,0.0399419,0.9600438
/data/Zeyu/Pooling/cat_dog_data/test_set/test_set/cats/cat.4122.jpg,1,1,0.000108333625,0.99989116
/data/Zeyu/Pooling/cat_dog_data/test_set/test_set/cats/cat.4123.jpg,1,1,1.8377314e-05,0.9999815
/data/Zeyu/Pooling/cat_dog_data/test_set/test_set/cats/cat.4124.jpg,1,1,1.1738202e-06,0.9999988
/data/Zeyu/Pooling/cat_dog_data/test_set/test_set/cats/cat.4125.jpg,1,1,3.3263861e-06,0.99999666
/data/Zeyu/Pooling/cat_dog_data/test_set/test_set/cats/cat.4126.jpg,1,1,5.745564e-07,0.9999994
/data/Zeyu/Pooling/cat_dog_data/test_set/test_set/cats/cat.4127.jpg,1,1,0.00063642533,0.99936324
/data/Zeyu/Pooling/cat_dog_data/test_set/test_set/cats/cat.4128.jpg,1,1,1.1259088e-09,1.0
/data/Zeyu/Pooling/cat_dog_data/test_set/test_set/cats/cat.4001.jpg,1,1,0.03391238,0.9660876
/data/Zeyu/Pooling/cat_dog_data/test_set/test_set/cats/cat.4002.jpg,1,1,1.735954e-12,1.0
/data/Zeyu/Pooling/cat_dog_data/test_set/test_set/cats/cat.4003.jpg,1,1,4.4311648e-07,0.9999995
/data/Zeyu/Pooling/cat_dog_data/test_set/test_set/cats/cat.4004.jpg,1,1,1.6579976e-06,0.99999833
/data/Zeyu/Pooling/cat_dog_data/test_set/test_set/cats/cat.4005.jpg,1,1,5.754324e-09,1.0
/data/Zeyu/Pooling/cat_dog_data/test_set/test_set/cats/cat.4006.jpg,1,1,0.2467666,0.7532171
/data/Zeyu/Pooling/cat_dog_data/test_set/test_set/cats/cat.4007.jpg,1,1,1.0485546e-08,1.0
/data/Zeyu/Pooling/cat_dog_data/test_set/test_set/cats/cat.4008.jpg,1,1,1.7207185e-07,0.9999999
/data/Zeyu/Pooling/cat_dog_data/test_set/test_set/cats/cat.4009.jpg,1,1,2.675021e-06,0.9999974
/data/Zeyu/Pooling/cat_dog_data/test_set/test_set/cats/cat.4010.jpg,1,1,4.2191274e-07,0.9999995
/data/Zeyu/Pooling/cat_dog_data/test_set/test_set/cats/cat.4011.jpg,1,1,0.05078964,0.9492076
/data/Zeyu/Pooling/cat_dog_data/test_set/test_set/cats/cat.4012.jpg,1,1,4.3706652e-10,1.0
/data/Zeyu/Pooling/cat_dog_data/test_set/test_set/cats/cat.4013.jpg,1,1,4.9562086e-08,1.0
/data/Zeyu/Pooling/cat_dog_data/test_set/test_set/cats/cat.4014.jpg,1,1,2.5541539e-08,1.0
/data/Zeyu/Pooling/cat_dog_data/test_set/test_set/cats/cat.4015.jpg,1,1,8.2628245e-12,1.0
/data/Zeyu/Pooling/cat_dog_data/test_set/test_set/cats/cat.4016.jpg,1,1,5.609414e-06,0.9999944
/data/Zeyu/Pooling/cat_dog_data/test_set/test_set/cats/cat.4017.jpg,1,1,2.1238877e-07,0.99999976
/data/Zeyu/Pooling/cat_dog_data/test_set/test_set/cats/cat.4018.jpg,1,1,5.716525e-07,0.9999994
/data/Zeyu/Pooling/cat_dog_data/test_set/test_set/cats/cat.4019.jpg,1,1,5.716525e-07,0.9999994
/data/Zeyu/Pooling/cat_dog_data/test_set/test_set/cats/cat.4020.jpg,1,1,0.00054371887,0.99945575
/data/Zeyu/Pooling/cat_dog_data/test_set/test_set/cats/cat.4021.jpg,1,1,8.275661e-07,0.99999917
/data/Zeyu/Pooling/cat_dog_data/test_set/test_set/cats/cat.4022.jpg,1,1,1.2145615e-06,0.9999988
/data/Zeyu/Pooling/cat_dog_data/test_set/test_set/cats/cat.4023.jpg,1,1,0.0001034102,0.9998965
/data/Zeyu/Pooling/cat_dog_data/test_set/test_set/cats/cat.4024.jpg,1,1,1.9413033e-05,0.99998057
/data/Zeyu/Pooling/cat_dog_data/test_set/test_set/cats/cat.4025.jpg,1,1,4.4625485e-06,0.99999547
/data/Zeyu/Pooling/cat_dog_data/test_set/test_set/cats/cat.4026.jpg,1,1,4.4625485e-06,0.99999547
/data/Zeyu/Pooling/cat_dog_data/test_set/test_set/cats/cat.4027.jpg,1,1,4.5383817e-13,1.0
/data/Zeyu/Pooling/cat_dog_data/test_set/test_set/cats/cat.4028.jpg,1,1,0.016383197,0.9836165
/data/Zeyu/Pooling/cat_dog_data/test_set/test_set/cats/cat.4029.jpg,1,1,3.8766103e-08,1.0
/data/Zeyu/Pooling/cat_dog_data/test_set/test_set/cats/cat.4030.jpg,1,1,4.1785603e-07,0.9999995
/data/Zeyu/Pooling/cat_dog_data/test_set/test_set/cats/cat.4031.jpg,1,1,1.5327092e-10,1.0
/data/Zeyu/Pooling/cat_dog_data/test_set/test_set/cats/cat.4032.jpg,1,1,0.088646084,0.9113438
/data/Zeyu/Pooling/cat_dog_data/test_set/test_set/cats/cat.4033.jpg,1,1,0.088646084,0.9113438
/data/Zeyu/Pooling/cat_dog_data/test_set/test_set/cats/cat.4034.jpg,1,1,1.1144e-08,1.0
/data/Zeyu/Pooling/cat_dog_data/test_set/test_set/cats/cat.4035.jpg,1,1,4.1796506e-05,0.99995816
/data/Zeyu/Pooling/cat_dog_data/test_set/test_set/cats/cat.4036.jpg,1,1,0.00011389253,0.9998858
/data/Zeyu/Pooling/cat_dog_data/test_set/test_set/cats/cat.4037.jpg,1,1,0.00039702922,0.99960274
/data/Zeyu/Pooling/cat_dog_data/test_set/test_set/cats/cat.4038.jpg,1,1,8.246033e-05,0.99991727
/data/Zeyu/Pooling/cat_dog_data/test_set/test_set/cats/cat.4039.jpg,1,1,3.8632206e-06,0.99999607
/data/Zeyu/Pooling/cat_dog_data/test_set/test_set/cats/cat.4040.jpg,1,1,7.4318704e-11,1.0
/data/Zeyu/Pooling/cat_dog_data/test_set/test_set/cats/cat.4041.jpg,1,1,7.226543e-14,1.0
/data/Zeyu/Pooling/cat_dog_data/test_set/test_set/cats/cat.4042.jpg,1,1,0.000672509,0.9993249
/data/Zeyu/Pooling/cat_dog_data/test_set/test_set/cats/cat.4043.jpg,1,1,1.0898937e-12,1.0
/data/Zeyu/Pooling/cat_dog_data/test_set/test_set/cats/cat.4044.jpg,1,1,1.5425215e-06,0.99999845
/data/Zeyu/Pooling/cat_dog_data/test_set/test_set/cats/cat.4045.jpg,1,0,0.9959364,0.004061659
/data/Zeyu/Pooling/cat_dog_data/test_set/test_set/cats/cat.4046.jpg,1,1,3.278948e-08,1.0
/data/Zeyu/Pooling/cat_dog_data/test_set/test_set/cats/cat.4047.jpg,1,1,1.2374985e-09,1.0
/data/Zeyu/Pooling/cat_dog_data/test_set/test_set/cats/cat.4048.jpg,1,1,2.1867214e-05,0.99997807
/data/Zeyu/Pooling/cat_dog_data/test_set/test_set/cats/cat.4049.jpg,1,1,4.0249216e-08,1.0
/data/Zeyu/Pooling/cat_dog_data/test_set/test_set/cats/cat.4050.jpg,1,1,7.862709e-07,0.99999917
/data/Zeyu/Pooling/cat_dog_data/test_set/test_set/cats/cat.4051.jpg,1,1,1.673953e-08,1.0
/data/Zeyu/Pooling/cat_dog_data/test_set/test_set/cats/cat.4052.jpg,1,1,1.0899499e-06,0.9999989
/data/Zeyu/Pooling/cat_dog_data/test_set/test_set/cats/cat.4053.jpg,1,1,0.0005354671,0.9994618
/data/Zeyu/Pooling/cat_dog_data/test_set/test_set/cats/cat.4054.jpg,1,1,4.4326676e-09,1.0
/data/Zeyu/Pooling/cat_dog_data/test_set/test_set/cats/cat.4055.jpg,1,1,1.1696213e-05,0.9999882
/data/Zeyu/Pooling/cat_dog_data/test_set/test_set/cats/cat.4056.jpg,1,1,0.012890626,0.9871039
/data/Zeyu/Pooling/cat_dog_data/test_set/test_set/cats/cat.4057.jpg,1,1,1.373824e-08,1.0
/data/Zeyu/Pooling/cat_dog_data/test_set/test_set/cats/cat.4058.jpg,1,0,0.64415765,0.3558206
/data/Zeyu/Pooling/cat_dog_data/test_set/test_set/cats/cat.4059.jpg,1,1,0.061761513,0.9382268
/data/Zeyu/Pooling/cat_dog_data/test_set/test_set/cats/cat.4060.jpg,1,1,0.0075244377,0.9924712
/data/Zeyu/Pooling/cat_dog_data/test_set/test_set/cats/cat.4061.jpg,1,1,2.727404e-07,0.99999976
/data/Zeyu/Pooling/cat_dog_data/test_set/test_set/cats/cat.4062.jpg,1,1,9.726109e-07,0.99999905
/data/Zeyu/Pooling/cat_dog_data/test_set/test_set/cats/cat.4063.jpg,1,1,0.0003358104,0.99966383
/data/Zeyu/Pooling/cat_dog_data/test_set/test_set/cats/cat.4064.jpg,1,1,0.00042057398,0.9995789
/data/Zeyu/Pooling/cat_dog_data/test_set/test_set/cats/cat.4065.jpg,1,1,7.6425323e-07,0.99999917
/data/Zeyu/Pooling/cat_dog_data/test_set/test_set/cats/cat.4066.jpg,1,1,0.26992372,0.7300587
/data/Zeyu/Pooling/cat_dog_data/test_set/test_set/cats/cat.4067.jpg,1,1,1.7717105e-07,0.9999999
/data/Zeyu/Pooling/cat_dog_data/test_set/test_set/cats/cat.4068.jpg,1,1,1.7717105e-07,0.9999999
/data/Zeyu/Pooling/cat_dog_data/test_set/test_set/cats/cat.4069.jpg,1,1,5.427396e-08,1.0
/data/Zeyu/Pooling/cat_dog_data/test_set/test_set/cats/cat.4070.jpg,1,1,0.0002072691,0.9997925
/data/Zeyu/Pooling/cat_dog_data/test_set/test_set/cats/cat.4071.jpg,1,1,2.6025173e-06,0.9999974
/data/Zeyu/Pooling/cat_dog_data/test_set/test_set/cats/cat.4072.jpg,1,1,6.1838546e-05,0.99993813
/data/Zeyu/Pooling/cat_dog_data/test_set/test_set/cats/cat.4073.jpg,1,1,4.4799788e-07,0.9999995
/data/Zeyu/Pooling/cat_dog_data/test_set/test_set/cats/cat.4074.jpg,1,1,0.0016757145,0.998324
/data/Zeyu/Pooling/cat_dog_data/test_set/test_set/cats/cat.4075.jpg,1,1,7.12228e-08,0.9999999
/data/Zeyu/Pooling/cat_dog_data/test_set/test_set/cats/cat.4076.jpg,1,1,4.5454827e-14,1.0
/data/Zeyu/Pooling/cat_dog_data/test_set/test_set/cats/cat.4077.jpg,1,1,5.8807337e-10,1.0
/data/Zeyu/Pooling/cat_dog_data/test_set/test_set/cats/cat.4078.jpg,1,1,3.196284e-05,0.99996793
/data/Zeyu/Pooling/cat_dog_data/test_set/test_set/cats/cat.4079.jpg,1,1,7.818386e-08,0.9999999
/data/Zeyu/Pooling/cat_dog_data/test_set/test_set/cats/cat.4080.jpg,1,1,2.3744284e-09,1.0
/data/Zeyu/Pooling/cat_dog_data/test_set/test_set/cats/cat.4081.jpg,1,1,0.20675302,0.7932274
/data/Zeyu/Pooling/cat_dog_data/test_set/test_set/cats/cat.4082.jpg,1,1,5.2340507e-08,1.0
/data/Zeyu/Pooling/cat_dog_data/test_set/test_set/cats/cat.4083.jpg,1,1,7.3394397e-09,1.0
/data/Zeyu/Pooling/cat_dog_data/test_set/test_set/cats/cat.4084.jpg,1,1,5.397391e-10,1.0
/data/Zeyu/Pooling/cat_dog_data/test_set/test_set/cats/cat.4085.jpg,1,1,2.154809e-07,0.99999976
/data/Zeyu/Pooling/cat_dog_data/test_set/test_set/cats/cat.4086.jpg,1,1,0.00033357032,0.9996656
/data/Zeyu/Pooling/cat_dog_data/test_set/test_set/cats/cat.4087.jpg,1,1,1.13157945e-07,0.9999999
/data/Zeyu/Pooling/cat_dog_data/test_set/test_set/cats/cat.4088.jpg,1,1,3.08919e-11,1.0
/data/Zeyu/Pooling/cat_dog_data/test_set/test_set/cats/cat.4089.jpg,1,1,4.7624635e-06,0.99999523
/data/Zeyu/Pooling/cat_dog_data/test_set/test_set/cats/cat.4090.jpg,1,1,4.7911635e-06,0.99999523
/data/Zeyu/Pooling/cat_dog_data/test_set/test_set/cats/cat.4091.jpg,1,1,0.0049688243,0.99502856
/data/Zeyu/Pooling/cat_dog_data/test_set/test_set/cats/cat.4092.jpg,1,1,1.2749686e-08,1.0
/data/Zeyu/Pooling/cat_dog_data/test_set/test_set/cats/cat.4093.jpg,1,1,1.1998686e-09,1.0
/data/Zeyu/Pooling/cat_dog_data/test_set/test_set/cats/cat.4094.jpg,1,1,3.7236683e-10,1.0
/data/Zeyu/Pooling/cat_dog_data/test_set/test_set/cats/cat.4095.jpg,1,1,4.3174886e-10,1.0
/data/Zeyu/Pooling/cat_dog_data/test_set/test_set/cats/cat.4096.jpg,1,1,1.1557262e-05,0.99998844
/data/Zeyu/Pooling/cat_dog_data/test_set/test_set/cats/cat.4097.jpg,1,1,0.000109222514,0.9998907
/data/Zeyu/Pooling/cat_dog_data/test_set/test_set/cats/cat.4098.jpg,1,1,2.4281033e-10,1.0
/data/Zeyu/Pooling/cat_dog_data/test_set/test_set/cats/cat.4099.jpg,1,1,7.612258e-07,0.9999993
/data/Zeyu/Pooling/cat_dog_data/test_set/test_set/cats/cat.4100.jpg,1,1,0.011684703,0.9883106
/data/Zeyu/Pooling/cat_dog_data/test_set/test_set/cats/cat.4101.jpg,1,1,1.9927267e-09,1.0
/data/Zeyu/Pooling/cat_dog_data/test_set/test_set/cats/cat.4102.jpg,1,1,4.613508e-10,1.0
/data/Zeyu/Pooling/cat_dog_data/test_set/test_set/cats/cat.4103.jpg,1,1,3.894429e-05,0.999961
/data/Zeyu/Pooling/cat_dog_data/test_set/test_set/cats/cat.4104.jpg,1,1,1.2849095e-08,1.0
/data/Zeyu/Pooling/cat_dog_data/test_set/test_set/cats/cat.4105.jpg,1,1,5.7902298e-08,1.0
/data/Zeyu/Pooling/cat_dog_data/test_set/test_set/cats/cat.4106.jpg,1,1,1.9659224e-07,0.99999976
/data/Zeyu/Pooling/cat_dog_data/test_set/test_set/cats/cat.4107.jpg,1,1,3.8536243e-08,1.0
/data/Zeyu/Pooling/cat_dog_data/test_set/test_set/cats/cat.4108.jpg,1,1,1.0413396e-06,0.9999989
/data/Zeyu/Pooling/cat_dog_data/test_set/test_set/cats/cat.4109.jpg,1,1,1.2968435e-05,0.999987
/data/Zeyu/Pooling/cat_dog_data/test_set/test_set/cats/cat.4110.jpg,1,1,2.6759594e-08,1.0
/data/Zeyu/Pooling/cat_dog_data/test_set/test_set/cats/cat.4111.jpg,1,1,0.00011096117,0.999889
/data/Zeyu/Pooling/cat_dog_data/test_set/test_set/cats/cat.4112.jpg,1,1,5.2783267e-10,1.0
/data/Zeyu/Pooling/cat_dog_data/test_set/test_set/cats/cat.4113.jpg,1,1,1.6130285e-05,0.9999838
/data/Zeyu/Pooling/cat_dog_data/test_set/test_set/cats/cat.4114.jpg,1,1,1.3733747e-05,0.9999862
/data/Zeyu/Pooling/cat_dog_data/test_set/test_set/cats/cat.4115.jpg,1,1,1.1535112e-08,1.0
/data/Zeyu/Pooling/cat_dog_data/test_set/test_set/cats/cat.4116.jpg,1,1,3.2485882e-08,1.0
/data/Zeyu/Pooling/cat_dog_data/test_set/test_set/cats/cat.4117.jpg,1,1,0.02536295,0.9746346
/data/Zeyu/Pooling/cat_dog_data/test_set/test_set/cats/cat.4118.jpg,1,1,2.0748496e-08,1.0
/data/Zeyu/Pooling/cat_dog_data/test_set/test_set/cats/cat.4119.jpg,1,1,1.0246439e-08,1.0
/data/Zeyu/Pooling/cat_dog_data/test_set/test_set/cats/cat.4120.jpg,1,1,2.6173066e-07,0.99999976
/data/Zeyu/Pooling/cat_dog_data/test_set/test_set/cats/cat.4121.jpg,1,1,4.977505e-08,1.0
/data/Zeyu/Pooling/cat_dog_data/test_set/test_set/cats/cat.4122.jpg,1,1,2.0533741e-07,0.99999976
/data/Zeyu/Pooling/cat_dog_data/test_set/test_set/cats/cat.4123.jpg,1,1,9.351544e-09,1.0
/data/Zeyu/Pooling/cat_dog_data/test_set/test_set/cats/cat.4124.jpg,1,1,0.0018160302,0.99817634
/data/Zeyu/Pooling/cat_dog_data/test_set/test_set/cats/cat.4125.jpg,1,1,2.809608e-07,0.99999976
/data/Zeyu/Pooling/cat_dog_data/test_set/test_set/cats/cat.4126.jpg,1,1,8.449067e-06,0.99999154
/data/Zeyu/Pooling/cat_dog_data/test_set/test_set/cats/cat.4127.jpg,1,1,5.558318e-05,0.9999441
/data/Zeyu/Pooling/cat_dog_data/test_set/test_set/cats/cat.4128.jpg,1,1,7.876923e-09,1.0
/data/Zeyu/Pooling/cat_dog_data/test_set/test_set/cats/cat.4001.jpg,1,1,4.1559753e-07,0.99999964
/data/Zeyu/Pooling/cat_dog_data/test_set/test_set/cats/cat.4002.jpg,1,1,6.648339e-06,0.9999933
/data/Zeyu/Pooling/cat_dog_data/test_set/test_set/cats/cat.4003.jpg,1,1,2.4860576e-06,0.9999975
/data/Zeyu/Pooling/cat_dog_data/test_set/test_set/cats/cat.4004.jpg,1,1,0.0029027418,0.99709654
/data/Zeyu/Pooling/cat_dog_data/test_set/test_set/cats/cat.4005.jpg,1,1,1.7640527e-07,0.9999999
/data/Zeyu/Pooling/cat_dog_data/test_set/test_set/cats/cat.4006.jpg,1,1,2.2060017e-11,1.0
/data/Zeyu/Pooling/cat_dog_data/test_set/test_set/cats/cat.4007.jpg,1,1,7.268491e-08,0.9999999
/data/Zeyu/Pooling/cat_dog_data/test_set/test_set/cats/cat.4008.jpg,1,1,3.2409523e-11,1.0
/data/Zeyu/Pooling/cat_dog_data/test_set/test_set/cats/cat.4009.jpg,1,1,3.0326123e-07,0.99999964
/data/Zeyu/Pooling/cat_dog_data/test_set/test_set/cats/cat.4010.jpg,1,1,0.010352035,0.98964065
/data/Zeyu/Pooling/cat_dog_data/test_set/test_set/cats/cat.4011.jpg,1,1,9.359415e-09,1.0
/data/Zeyu/Pooling/cat_dog_data/test_set/test_set/cats/cat.4012.jpg,1,1,1.495471e-06,0.99999845
/data/Zeyu/Pooling/cat_dog_data/test_set/test_set/cats/cat.4013.jpg,1,1,3.677224e-08,1.0
/data/Zeyu/Pooling/cat_dog_data/test_set/test_set/cats/cat.4014.jpg,1,1,0.00493979,0.9950597
/data/Zeyu/Pooling/cat_dog_data/test_set/test_set/cats/cat.4015.jpg,1,1,1.0239249e-06,0.9999989
/data/Zeyu/Pooling/cat_dog_data/test_set/test_set/cats/cat.4016.jpg,1,1,1.1217568e-09,1.0
/data/Zeyu/Pooling/cat_dog_data/test_set/test_set/cats/cat.4017.jpg,1,1,0.0003101373,0.99968874
/data/Zeyu/Pooling/cat_dog_data/test_set/test_set/cats/cat.4018.jpg,1,1,0.0013775971,0.9986203
/data/Zeyu/Pooling/cat_dog_data/test_set/test_set/cats/cat.4019.jpg,1,1,1.0595066e-09,1.0
/data/Zeyu/Pooling/cat_dog_data/test_set/test_set/cats/cat.4020.jpg,1,1,1.5107589e-06,0.99999845
/data/Zeyu/Pooling/cat_dog_data/test_set/test_set/cats/cat.4021.jpg,1,1,1.3735736e-10,1.0
/data/Zeyu/Pooling/cat_dog_data/test_set/test_set/cats/cat.4022.jpg,1,1,1.2132275e-09,1.0
/data/Zeyu/Pooling/cat_dog_data/test_set/test_set/cats/cat.4023.jpg,1,1,1.0714754e-07,0.9999999
/data/Zeyu/Pooling/cat_dog_data/test_set/test_set/cats/cat.4024.jpg,1,1,2.294052e-05,0.999977
/data/Zeyu/Pooling/cat_dog_data/test_set/test_set/cats/cat.4025.jpg,1,1,0.00029082308,0.99970835
/data/Zeyu/Pooling/cat_dog_data/test_set/test_set/cats/cat.4026.jpg,1,1,4.2178178e-11,1.0
/data/Zeyu/Pooling/cat_dog_data/test_set/test_set/cats/cat.4027.jpg,1,1,8.664716e-07,0.99999917
/data/Zeyu/Pooling/cat_dog_data/test_set/test_set/cats/cat.4028.jpg,1,1,2.8758603e-05,0.9999713
/data/Zeyu/Pooling/cat_dog_data/test_set/test_set/cats/cat.4029.jpg,1,1,1.8064024e-07,0.99999976
/data/Zeyu/Pooling/cat_dog_data/test_set/test_set/cats/cat.4030.jpg,1,1,3.1511806e-06,0.9999969
/data/Zeyu/Pooling/cat_dog_data/test_set/test_set/cats/cat.4031.jpg,1,1,1.16336905e-10,1.0
/data/Zeyu/Pooling/cat_dog_data/test_set/test_set/cats/cat.4032.jpg,1,1,0.019369869,0.9806137
/data/Zeyu/Pooling/cat_dog_data/test_set/test_set/cats/cat.4033.jpg,1,1,1.0486085e-06,0.9999989
/data/Zeyu/Pooling/cat_dog_data/test_set/test_set/cats/cat.4034.jpg,1,1,1.6476395e-08,1.0
/data/Zeyu/Pooling/cat_dog_data/test_set/test_set/cats/cat.4035.jpg,1,1,1.3292295e-07,0.9999999
/data/Zeyu/Pooling/cat_dog_data/test_set/test_set/cats/cat.4036.jpg,1,0,0.5302487,0.46974295
/data/Zeyu/Pooling/cat_dog_data/test_set/test_set/cats/cat.4037.jpg,1,1,1.994841e-09,1.0
/data/Zeyu/Pooling/cat_dog_data/test_set/test_set/cats/cat.4038.jpg,1,1,0.00012183454,0.9998772
/data/Zeyu/Pooling/cat_dog_data/test_set/test_set/cats/cat.4039.jpg,1,0,0.50166696,0.4983301
/data/Zeyu/Pooling/cat_dog_data/test_set/test_set/cats/cat.4040.jpg,1,1,8.144859e-08,0.9999999
/data/Zeyu/Pooling/cat_dog_data/test_set/test_set/cats/cat.4041.jpg,1,1,0.13666102,0.8633009
/data/Zeyu/Pooling/cat_dog_data/test_set/test_set/cats/cat.4042.jpg,1,1,2.9602293e-06,0.999997
/data/Zeyu/Pooling/cat_dog_data/test_set/test_set/cats/cat.4043.jpg,1,1,2.3703212e-08,1.0
/data/Zeyu/Pooling/cat_dog_data/test_set/test_set/cats/cat.4044.jpg,1,1,0.0025898162,0.9974082
/data/Zeyu/Pooling/cat_dog_data/test_set/test_set/cats/cat.4045.jpg,1,1,0.028340016,0.9716574
/data/Zeyu/Pooling/cat_dog_data/test_set/test_set/cats/cat.4046.jpg,1,1,0.00020036993,0.9997991
/data/Zeyu/Pooling/cat_dog_data/test_set/test_set/cats/cat.4047.jpg,1,1,1.1159824e-06,0.9999989
/data/Zeyu/Pooling/cat_dog_data/test_set/test_set/cats/cat.4048.jpg,1,0,0.8019394,0.19805336
/data/Zeyu/Pooling/cat_dog_data/test_set/test_set/cats/cat.4049.jpg,1,1,0.00022788,0.9997718
/data/Zeyu/Pooling/cat_dog_data/test_set/test_set/cats/cat.4050.jpg,1,1,0.0453874,0.9546011
/data/Zeyu/Pooling/cat_dog_data/test_set/test_set/cats/cat.4051.jpg,1,1,3.479202e-08,1.0
/data/Zeyu/Pooling/cat_dog_data/test_set/test_set/cats/cat.4052.jpg,1,1,1.0919209e-07,0.9999999
/data/Zeyu/Pooling/cat_dog_data/test_set/test_set/cats/cat.4053.jpg,1,1,6.5475096e-09,1.0
/data/Zeyu/Pooling/cat_dog_data/test_set/test_set/cats/cat.4054.jpg,1,1,1.0200512e-09,1.0
/data/Zeyu/Pooling/cat_dog_data/test_set/test_set/cats/cat.4055.jpg,1,1,0.008762016,0.991235
/data/Zeyu/Pooling/cat_dog_data/test_set/test_set/cats/cat.4056.jpg,1,1,1.7099218e-06,0.99999833
/data/Zeyu/Pooling/cat_dog_data/test_set/test_set/cats/cat.4057.jpg,1,1,4.2779065e-09,1.0
/data/Zeyu/Pooling/cat_dog_data/test_set/test_set/cats/cat.4058.jpg,1,1,0.00037179192,0.99962723
/data/Zeyu/Pooling/cat_dog_data/test_set/test_set/cats/cat.4059.jpg,1,0,0.69068754,0.30929667
/data/Zeyu/Pooling/cat_dog_data/test_set/test_set/cats/cat.4060.jpg,1,1,0.0007499673,0.99925
/data/Zeyu/Pooling/cat_dog_data/test_set/test_set/cats/cat.4061.jpg,1,1,6.71564e-09,1.0
/data/Zeyu/Pooling/cat_dog_data/test_set/test_set/cats/cat.4062.jpg,1,1,1.8194127e-09,1.0
/data/Zeyu/Pooling/cat_dog_data/test_set/test_set/cats/cat.4063.jpg,1,1,1.3060778e-08,1.0
/data/Zeyu/Pooling/cat_dog_data/test_set/test_set/cats/cat.4064.jpg,1,1,0.0006656714,0.9993318
/data/Zeyu/Pooling/cat_dog_data/test_set/test_set/cats/cat.4065.jpg,1,1,2.6953618e-05,0.99997306
/data/Zeyu/Pooling/cat_dog_data/test_set/test_set/cats/cat.4066.jpg,1,1,2.3642254e-08,1.0
/data/Zeyu/Pooling/cat_dog_data/test_set/test_set/cats/cat.4067.jpg,1,1,0.000806737,0.99919254
/data/Zeyu/Pooling/cat_dog_data/test_set/test_set/cats/cat.4068.jpg,1,1,5.5793695e-05,0.999944
/data/Zeyu/Pooling/cat_dog_data/test_set/test_set/cats/cat.4069.jpg,1,0,0.9999995,5.3284845e-07
/data/Zeyu/Pooling/cat_dog_data/test_set/test_set/cats/cat.4070.jpg,1,1,1.2129109e-06,0.9999988
/data/Zeyu/Pooling/cat_dog_data/test_set/test_set/cats/cat.4071.jpg,1,1,1.3270979e-07,0.9999999
/data/Zeyu/Pooling/cat_dog_data/test_set/test_set/cats/cat.4072.jpg,1,1,4.839475e-09,1.0
/data/Zeyu/Pooling/cat_dog_data/test_set/test_set/cats/cat.4073.jpg,1,1,4.1465286e-05,0.9999585
/data/Zeyu/Pooling/cat_dog_data/test_set/test_set/cats/cat.4074.jpg,1,1,1.0704459e-07,0.9999999
/data/Zeyu/Pooling/cat_dog_data/test_set/test_set/cats/cat.4075.jpg,1,1,5.439193e-07,0.9999994
/data/Zeyu/Pooling/cat_dog_data/test_set/test_set/cats/cat.4076.jpg,1,1,2.9197156e-10,1.0
/data/Zeyu/Pooling/cat_dog_data/test_set/test_set/cats/cat.4077.jpg,1,1,2.693002e-10,1.0
/data/Zeyu/Pooling/cat_dog_data/test_set/test_set/cats/cat.4078.jpg,1,1,8.147413e-07,0.99999917
/data/Zeyu/Pooling/cat_dog_data/test_set/test_set/cats/cat.4079.jpg,1,1,0.00024504497,0.99975497
/data/Zeyu/Pooling/cat_dog_data/test_set/test_set/cats/cat.4080.jpg,1,1,2.3527566e-05,0.9999765
/data/Zeyu/Pooling/cat_dog_data/test_set/test_set/cats/cat.4081.jpg,1,1,1.7892079e-09,1.0
/data/Zeyu/Pooling/cat_dog_data/test_set/test_set/cats/cat.4082.jpg,1,1,0.00030748875,0.9996923
/data/Zeyu/Pooling/cat_dog_data/test_set/test_set/cats/cat.4083.jpg,1,1,5.1706013e-07,0.9999995
/data/Zeyu/Pooling/cat_dog_data/test_set/test_set/cats/cat.4084.jpg,1,1,8.096483e-13,1.0
/data/Zeyu/Pooling/cat_dog_data/test_set/test_set/cats/cat.4085.jpg,1,1,0.00041015897,0.99958974
/data/Zeyu/Pooling/cat_dog_data/test_set/test_set/cats/cat.4086.jpg,1,1,1.6119058e-05,0.9999838
/data/Zeyu/Pooling/cat_dog_data/test_set/test_set/cats/cat.4087.jpg,1,1,7.3304605e-08,0.9999999
/data/Zeyu/Pooling/cat_dog_data/test_set/test_set/cats/cat.4088.jpg,1,1,3.9743063e-06,0.99999607
/data/Zeyu/Pooling/cat_dog_data/test_set/test_set/cats/cat.4089.jpg,1,1,2.397087e-07,0.99999976
/data/Zeyu/Pooling/cat_dog_data/test_set/test_set/cats/cat.4090.jpg,1,1,0.004905278,0.9950905
/data/Zeyu/Pooling/cat_dog_data/test_set/test_set/cats/cat.4091.jpg,1,1,0.0022327274,0.9977665
/data/Zeyu/Pooling/cat_dog_data/test_set/test_set/cats/cat.4092.jpg,1,1,0.0013220193,0.99867564
/data/Zeyu/Pooling/cat_dog_data/test_set/test_set/cats/cat.4093.jpg,1,1,9.154844e-11,1.0
/data/Zeyu/Pooling/cat_dog_data/test_set/test_set/cats/cat.4094.jpg,1,1,0.31859678,0.6813988
/data/Zeyu/Pooling/cat_dog_data/test_set/test_set/cats/cat.4095.jpg,1,1,8.193947e-06,0.9999918
/data/Zeyu/Pooling/cat_dog_data/test_set/test_set/cats/cat.4096.jpg,1,1,8.411531e-09,1.0
/data/Zeyu/Pooling/cat_dog_data/test_set/test_set/cats/cat.4097.jpg,1,1,1.12130385e-08,1.0
/data/Zeyu/Pooling/cat_dog_data/test_set/test_set/cats/cat.4098.jpg,1,1,8.197856e-07,0.99999917
/data/Zeyu/Pooling/cat_dog_data/test_set/test_set/cats/cat.4099.jpg,1,1,1.4445647e-10,1.0
/data/Zeyu/Pooling/cat_dog_data/test_set/test_set/cats/cat.4100.jpg,1,1,4.7455906e-09,1.0
/data/Zeyu/Pooling/cat_dog_data/test_set/test_set/cats/cat.4101.jpg,1,1,0.0026632487,0.99733067
/data/Zeyu/Pooling/cat_dog_data/test_set/test_set/cats/cat.4102.jpg,1,1,0.020280935,0.97971386
/data/Zeyu/Pooling/cat_dog_data/test_set/test_set/cats/cat.4103.jpg,1,1,0.00060957373,0.9993892
/data/Zeyu/Pooling/cat_dog_data/test_set/test_set/cats/cat.4104.jpg,1,1,3.5457272e-06,0.9999964
/data/Zeyu/Pooling/cat_dog_data/test_set/test_set/cats/cat.4105.jpg,1,1,0.16409779,0.83587253
/data/Zeyu/Pooling/cat_dog_data/test_set/test_set/cats/cat.4106.jpg,1,1,9.044197e-12,1.0
/data/Zeyu/Pooling/cat_dog_data/test_set/test_set/cats/cat.4107.jpg,1,1,1.7784377e-07,0.9999999
/data/Zeyu/Pooling/cat_dog_data/test_set/test_set/cats/cat.4108.jpg,1,1,0.012859304,0.98713034
/data/Zeyu/Pooling/cat_dog_data/test_set/test_set/cats/cat.4109.jpg,1,1,0.012859304,0.98713034
/data/Zeyu/Pooling/cat_dog_data/test_set/test_set/cats/cat.4110.jpg,1,1,2.481526e-09,1.0
/data/Zeyu/Pooling/cat_dog_data/test_set/test_set/cats/cat.4111.jpg,1,1,7.4946416e-05,0.9999249
/data/Zeyu/Pooling/cat_dog_data/test_set/test_set/cats/cat.4112.jpg,1,1,0.0051731253,0.9948232
/data/Zeyu/Pooling/cat_dog_data/test_set/test_set/cats/cat.4113.jpg,1,1,3.8355492e-07,0.99999964
/data/Zeyu/Pooling/cat_dog_data/test_set/test_set/cats/cat.4114.jpg,1,1,1.4204353e-08,1.0
/data/Zeyu/Pooling/cat_dog_data/test_set/test_set/cats/cat.4115.jpg,1,1,7.62807e-09,1.0
/data/Zeyu/Pooling/cat_dog_data/test_set/test_set/cats/cat.4116.jpg,1,1,0.015928747,0.98406607
/data/Zeyu/Pooling/cat_dog_data/test_set/test_set/cats/cat.4117.jpg,1,1,2.9124527e-07,0.99999976
/data/Zeyu/Pooling/cat_dog_data/test_set/test_set/cats/cat.4118.jpg,1,1,1.2344252e-08,1.0
/data/Zeyu/Pooling/cat_dog_data/test_set/test_set/cats/cat.4119.jpg,1,1,1.2643689e-08,1.0
/data/Zeyu/Pooling/cat_dog_data/test_set/test_set/cats/cat.4120.jpg,1,1,7.1408056e-07,0.9999993
/data/Zeyu/Pooling/cat_dog_data/test_set/test_set/cats/cat.4121.jpg,1,1,1.3141109e-06,0.9999987
/data/Zeyu/Pooling/cat_dog_data/test_set/test_set/cats/cat.4122.jpg,1,1,0.29674554,0.7032087
/data/Zeyu/Pooling/cat_dog_data/test_set/test_set/cats/cat.4123.jpg,1,1,0.00030107383,0.99969804
/data/Zeyu/Pooling/cat_dog_data/test_set/test_set/cats/cat.4124.jpg,1,1,0.12793624,0.87202686
/data/Zeyu/Pooling/cat_dog_data/test_set/test_set/cats/cat.4125.jpg,1,1,2.6112557e-05,0.9999739
/data/Zeyu/Pooling/cat_dog_data/test_set/test_set/cats/cat.4126.jpg,1,1,1.0715683e-13,1.0
/data/Zeyu/Pooling/cat_dog_data/test_set/test_set/cats/cat.4127.jpg,1,1,4.933675e-06,0.999995
/data/Zeyu/Pooling/cat_dog_data/test_set/test_set/cats/cat.4128.jpg,1,1,0.00043212844,0.9995665
/data/Zeyu/Pooling/cat_dog_data/test_set/test_set/cats/cat.4001.jpg,1,1,0.002131406,0.997866
/data/Zeyu/Pooling/cat_dog_data/test_set/test_set/cats/cat.4002.jpg,1,1,0.044048946,0.9559311
/data/Zeyu/Pooling/cat_dog_data/test_set/test_set/cats/cat.4003.jpg,1,1,7.803897e-05,0.9999219
/data/Zeyu/Pooling/cat_dog_data/test_set/test_set/cats/cat.4004.jpg,1,1,1.9071576e-05,0.9999809
/data/Zeyu/Pooling/cat_dog_data/test_set/test_set/cats/cat.4005.jpg,1,1,2.8201137e-05,0.99997175
/data/Zeyu/Pooling/cat_dog_data/test_set/test_set/cats/cat.4006.jpg,1,1,4.32957e-07,0.9999995
/data/Zeyu/Pooling/cat_dog_data/test_set/test_set/cats/cat.4007.jpg,1,1,2.0567797e-06,0.999998
/data/Zeyu/Pooling/cat_dog_data/test_set/test_set/cats/cat.4008.jpg,1,1,7.272918e-05,0.99992716
/data/Zeyu/Pooling/cat_dog_data/test_set/test_set/cats/cat.4009.jpg,1,1,8.145377e-05,0.999918
/data/Zeyu/Pooling/cat_dog_data/test_set/test_set/cats/cat.4010.jpg,1,1,9.936684e-09,1.0
/data/Zeyu/Pooling/cat_dog_data/test_set/test_set/cats/cat.4011.jpg,1,1,3.354234e-09,1.0
/data/Zeyu/Pooling/cat_dog_data/test_set/test_set/cats/cat.4012.jpg,1,1,1.1377692e-09,1.0
/data/Zeyu/Pooling/cat_dog_data/test_set/test_set/cats/cat.4013.jpg,1,1,0.00028908203,0.99971086
/data/Zeyu/Pooling/cat_dog_data/test_set/test_set/cats/cat.4014.jpg,1,1,3.2827458e-12,1.0
/data/Zeyu/Pooling/cat_dog_data/test_set/test_set/cats/cat.4015.jpg,1,1,1.4755563e-05,0.9999852
/data/Zeyu/Pooling/cat_dog_data/test_set/test_set/cats/cat.4016.jpg,1,1,0.0002220934,0.99977785
/data/Zeyu/Pooling/cat_dog_data/test_set/test_set/cats/cat.4017.jpg,1,1,6.1325915e-07,0.9999994
/data/Zeyu/Pooling/cat_dog_data/test_set/test_set/cats/cat.4018.jpg,1,1,1.3417798e-07,0.9999999
/data/Zeyu/Pooling/cat_dog_data/test_set/test_set/cats/cat.4019.jpg,1,1,0.00041626664,0.9995838
/data/Zeyu/Pooling/cat_dog_data/test_set/test_set/cats/cat.4020.jpg,1,1,1.329714e-05,0.99998665
/data/Zeyu/Pooling/cat_dog_data/test_set/test_set/cats/cat.4021.jpg,1,1,0.00034410733,0.99965584
/data/Zeyu/Pooling/cat_dog_data/test_set/test_set/cats/cat.4022.jpg,1,1,4.943995e-10,1.0
/data/Zeyu/Pooling/cat_dog_data/test_set/test_set/cats/cat.4023.jpg,1,1,0.0019587502,0.9980398
/data/Zeyu/Pooling/cat_dog_data/test_set/test_set/cats/cat.4024.jpg,1,1,5.6468834e-06,0.9999944
/data/Zeyu/Pooling/cat_dog_data/test_set/test_set/cats/cat.4025.jpg,1,1,3.168831e-06,0.9999968
/data/Zeyu/Pooling/cat_dog_data/test_set/test_set/cats/cat.4026.jpg,1,1,4.3886022e-05,0.999956
/data/Zeyu/Pooling/cat_dog_data/test_set/test_set/cats/cat.4027.jpg,1,1,5.2523717e-07,0.9999995
/data/Zeyu/Pooling/cat_dog_data/test_set/test_set/cats/cat.4028.jpg,1,1,7.466309e-06,0.9999925
/data/Zeyu/Pooling/cat_dog_data/test_set/test_set/cats/cat.4029.jpg,1,1,3.4025322e-06,0.99999654
/data/Zeyu/Pooling/cat_dog_data/test_set/test_set/cats/cat.4030.jpg,1,1,1.5496757e-07,0.9999999
/data/Zeyu/Pooling/cat_dog_data/test_set/test_set/cats/cat.4031.jpg,1,1,0.00087409717,0.9991252
/data/Zeyu/Pooling/cat_dog_data/test_set/test_set/cats/cat.4032.jpg,1,1,1.7418137e-05,0.9999826
/data/Zeyu/Pooling/cat_dog_data/test_set/test_set/cats/cat.4033.jpg,1,1,3.568669e-10,1.0
/data/Zeyu/Pooling/cat_dog_data/test_set/test_set/cats/cat.4034.jpg,1,1,4.014501e-06,0.99999595
/data/Zeyu/Pooling/cat_dog_data/test_set/test_set/cats/cat.4035.jpg,1,1,0.0007620587,0.9992372
/data/Zeyu/Pooling/cat_dog_data/test_set/test_set/cats/cat.4036.jpg,1,1,2.9245376e-07,0.99999976
/data/Zeyu/Pooling/cat_dog_data/test_set/test_set/cats/cat.4037.jpg,1,1,1.0653381e-06,0.9999989
/data/Zeyu/Pooling/cat_dog_data/test_set/test_set/cats/cat.4038.jpg,1,1,1.0653381e-06,0.9999989
/data/Zeyu/Pooling/cat_dog_data/test_set/test_set/cats/cat.4039.jpg,1,1,4.473361e-07,0.9999995
/data/Zeyu/Pooling/cat_dog_data/test_set/test_set/cats/cat.4040.jpg,1,1,3.877076e-08,1.0
/data/Zeyu/Pooling/cat_dog_data/test_set/test_set/cats/cat.4041.jpg,1,0,0.9669189,0.033077043
/data/Zeyu/Pooling/cat_dog_data/test_set/test_set/cats/cat.4042.jpg,1,1,8.141737e-08,0.9999999
/data/Zeyu/Pooling/cat_dog_data/test_set/test_set/cats/cat.4043.jpg,1,1,1.4631268e-10,1.0
/data/Zeyu/Pooling/cat_dog_data/test_set/test_set/cats/cat.4044.jpg,1,1,5.372878e-07,0.9999994
/data/Zeyu/Pooling/cat_dog_data/test_set/test_set/cats/cat.4045.jpg,1,1,1.3284368e-10,1.0
/data/Zeyu/Pooling/cat_dog_data/test_set/test_set/cats/cat.4046.jpg,1,1,5.9565517e-09,1.0
/data/Zeyu/Pooling/cat_dog_data/test_set/test_set/cats/cat.4047.jpg,1,1,0.0029244998,0.99707234
/data/Zeyu/Pooling/cat_dog_data/test_set/test_set/cats/cat.4048.jpg,1,1,2.7959427e-08,1.0
/data/Zeyu/Pooling/cat_dog_data/test_set/test_set/cats/cat.4049.jpg,1,1,2.7269222e-08,1.0
/data/Zeyu/Pooling/cat_dog_data/test_set/test_set/cats/cat.4050.jpg,1,1,7.5076984e-10,1.0
/data/Zeyu/Pooling/cat_dog_data/test_set/test_set/cats/cat.4051.jpg,1,1,6.145542e-07,0.9999994
/data/Zeyu/Pooling/cat_dog_data/test_set/test_set/cats/cat.4052.jpg,1,1,2.4721594e-08,1.0
/data/Zeyu/Pooling/cat_dog_data/test_set/test_set/cats/cat.4053.jpg,1,1,1.8192184e-09,1.0
/data/Zeyu/Pooling/cat_dog_data/test_set/test_set/cats/cat.4054.jpg,1,1,3.8632995e-09,1.0
/data/Zeyu/Pooling/cat_dog_data/test_set/test_set/cats/cat.4055.jpg,1,1,1.6032113e-06,0.99999833
/data/Zeyu/Pooling/cat_dog_data/test_set/test_set/cats/cat.4056.jpg,1,1,3.9863797e-05,0.99996006
/data/Zeyu/Pooling/cat_dog_data/test_set/test_set/cats/cat.4057.jpg,1,1,0.2061132,0.79388547
/data/Zeyu/Pooling/cat_dog_data/test_set/test_set/cats/cat.4058.jpg,1,1,2.2934788e-05,0.999977
/data/Zeyu/Pooling/cat_dog_data/test_set/test_set/cats/cat.4059.jpg,1,1,1.6995205e-07,0.9999999
/data/Zeyu/Pooling/cat_dog_data/test_set/test_set/cats/cat.4060.jpg,1,1,1.1054277e-09,1.0
/data/Zeyu/Pooling/cat_dog_data/test_set/test_set/cats/cat.4061.jpg,1,1,1.5536147e-05,0.9999845
/data/Zeyu/Pooling/cat_dog_data/test_set/test_set/cats/cat.4062.jpg,1,1,0.042883173,0.95711076
/data/Zeyu/Pooling/cat_dog_data/test_set/test_set/cats/cat.4063.jpg,1,1,2.7384223e-05,0.9999726
/data/Zeyu/Pooling/cat_dog_data/test_set/test_set/cats/cat.4064.jpg,1,1,4.599301e-10,1.0
/data/Zeyu/Pooling/cat_dog_data/test_set/test_set/cats/cat.4065.jpg,1,1,1.0502506e-05,0.9999895
/data/Zeyu/Pooling/cat_dog_data/test_set/test_set/cats/cat.4066.jpg,1,1,4.8433257e-09,1.0
/data/Zeyu/Pooling/cat_dog_data/test_set/test_set/cats/cat.4067.jpg,1,1,7.665948e-09,1.0
/data/Zeyu/Pooling/cat_dog_data/test_set/test_set/cats/cat.4068.jpg,1,1,2.3989812e-06,0.9999976
/data/Zeyu/Pooling/cat_dog_data/test_set/test_set/cats/cat.4069.jpg,1,1,1.2350121e-11,1.0
/data/Zeyu/Pooling/cat_dog_data/test_set/test_set/cats/cat.4070.jpg,1,1,0.012161322,0.9878386
/data/Zeyu/Pooling/cat_dog_data/test_set/test_set/cats/cat.4071.jpg,1,1,0.0031468137,0.9968527
/data/Zeyu/Pooling/cat_dog_data/test_set/test_set/cats/cat.4072.jpg,1,1,0.0012606708,0.9987381
/data/Zeyu/Pooling/cat_dog_data/test_set/test_set/cats/cat.4073.jpg,1,1,1.0226513e-06,0.9999989
/data/Zeyu/Pooling/cat_dog_data/test_set/test_set/cats/cat.4074.jpg,1,1,1.1897722e-06,0.9999988
/data/Zeyu/Pooling/cat_dog_data/test_set/test_set/cats/cat.4075.jpg,1,1,1.1833353e-07,0.9999999
/data/Zeyu/Pooling/cat_dog_data/test_set/test_set/cats/cat.4076.jpg,1,1,2.079931e-06,0.999998
/data/Zeyu/Pooling/cat_dog_data/test_set/test_set/cats/cat.4077.jpg,1,1,0.4203014,0.5796916
/data/Zeyu/Pooling/cat_dog_data/test_set/test_set/cats/cat.4078.jpg,1,1,1.2812885e-10,1.0
/data/Zeyu/Pooling/cat_dog_data/test_set/test_set/cats/cat.4079.jpg,1,1,0.00084089674,0.9991579
/data/Zeyu/Pooling/cat_dog_data/test_set/test_set/cats/cat.4080.jpg,1,1,8.795695e-07,0.99999917
/data/Zeyu/Pooling/cat_dog_data/test_set/test_set/cats/cat.4081.jpg,1,1,3.1476502e-11,1.0
/data/Zeyu/Pooling/cat_dog_data/test_set/test_set/cats/cat.4082.jpg,1,1,1.1959433e-09,1.0
/data/Zeyu/Pooling/cat_dog_data/test_set/test_set/cats/cat.4083.jpg,1,1,1.7802711e-05,0.9999821
/data/Zeyu/Pooling/cat_dog_data/test_set/test_set/cats/cat.4084.jpg,1,1,0.0048827017,0.9951132
/data/Zeyu/Pooling/cat_dog_data/test_set/test_set/cats/cat.4085.jpg,1,1,0.22737065,0.77261317
/data/Zeyu/Pooling/cat_dog_data/test_set/test_set/cats/cat.4086.jpg,1,1,1.8571418e-13,1.0
/data/Zeyu/Pooling/cat_dog_data/test_set/test_set/cats/cat.4087.jpg,1,1,9.187346e-07,0.99999905
/data/Zeyu/Pooling/cat_dog_data/test_set/test_set/cats/cat.4088.jpg,1,1,0.21714981,0.7828446
/data/Zeyu/Pooling/cat_dog_data/test_set/test_set/cats/cat.4089.jpg,1,1,1.9618033e-08,1.0
/data/Zeyu/Pooling/cat_dog_data/test_set/test_set/cats/cat.4090.jpg,1,1,4.0386958e-11,1.0
/data/Zeyu/Pooling/cat_dog_data/test_set/test_set/cats/cat.4091.jpg,1,1,1.8070612e-05,0.9999819
/data/Zeyu/Pooling/cat_dog_data/test_set/test_set/cats/cat.4092.jpg,1,1,0.0007350973,0.9992643
/data/Zeyu/Pooling/cat_dog_data/test_set/test_set/cats/cat.4093.jpg,1,1,4.5522473e-08,1.0
/data/Zeyu/Pooling/cat_dog_data/test_set/test_set/cats/cat.4094.jpg,1,1,6.653742e-08,0.9999999
/data/Zeyu/Pooling/cat_dog_data/test_set/test_set/cats/cat.4095.jpg,1,1,1.3587464e-07,0.9999999
/data/Zeyu/Pooling/cat_dog_data/test_set/test_set/cats/cat.4096.jpg,1,1,9.567783e-08,0.9999999
/data/Zeyu/Pooling/cat_dog_data/test_set/test_set/cats/cat.4097.jpg,1,1,5.7629873e-10,1.0
/data/Zeyu/Pooling/cat_dog_data/test_set/test_set/cats/cat.4098.jpg,1,1,1.4705558e-06,0.99999857
/data/Zeyu/Pooling/cat_dog_data/test_set/test_set/cats/cat.4099.jpg,1,1,3.488141e-06,0.99999654
/data/Zeyu/Pooling/cat_dog_data/test_set/test_set/cats/cat.4100.jpg,1,1,6.3142797e-06,0.9999937
/data/Zeyu/Pooling/cat_dog_data/test_set/test_set/cats/cat.4101.jpg,1,1,4.53754e-10,1.0
/data/Zeyu/Pooling/cat_dog_data/test_set/test_set/cats/cat.4102.jpg,1,1,2.6147773e-09,1.0
/data/Zeyu/Pooling/cat_dog_data/test_set/test_set/cats/cat.4103.jpg,1,0,0.7123783,0.28759527
/data/Zeyu/Pooling/cat_dog_data/test_set/test_set/cats/cat.4104.jpg,1,1,5.623397e-07,0.9999994
/data/Zeyu/Pooling/cat_dog_data/test_set/test_set/cats/cat.4105.jpg,1,1,6.473189e-05,0.99993455
/data/Zeyu/Pooling/cat_dog_data/test_set/test_set/cats/cat.4106.jpg,1,1,1.0328399e-08,1.0
/data/Zeyu/Pooling/cat_dog_data/test_set/test_set/cats/cat.4107.jpg,1,1,3.7110874e-07,0.99999964
/data/Zeyu/Pooling/cat_dog_data/test_set/test_set/cats/cat.4108.jpg,1,1,1.7212848e-07,0.9999999
/data/Zeyu/Pooling/cat_dog_data/test_set/test_set/cats/cat.4109.jpg,1,1,0.00023490576,0.9997645
/data/Zeyu/Pooling/cat_dog_data/test_set/test_set/cats/cat.4110.jpg,1,1,8.11416e-05,0.9999186
/data/Zeyu/Pooling/cat_dog_data/test_set/test_set/cats/cat.4111.jpg,1,1,4.0663043e-08,1.0
/data/Zeyu/Pooling/cat_dog_data/test_set/test_set/cats/cat.4112.jpg,1,1,1.0806091e-10,1.0
/data/Zeyu/Pooling/cat_dog_data/test_set/test_set/cats/cat.4113.jpg,1,1,6.54023e-10,1.0
/data/Zeyu/Pooling/cat_dog_data/test_set/test_set/cats/cat.4114.jpg,1,1,7.520405e-06,0.9999925
/data/Zeyu/Pooling/cat_dog_data/test_set/test_set/cats/cat.4115.jpg,1,1,3.3587366e-07,0.99999964
/data/Zeyu/Pooling/cat_dog_data/test_set/test_set/cats/cat.4116.jpg,1,0,0.629586,0.37037563
/data/Zeyu/Pooling/cat_dog_data/test_set/test_set/cats/cat.4117.jpg,1,1,0.0004612988,0.9995372
/data/Zeyu/Pooling/cat_dog_data/test_set/test_set/cats/cat.4118.jpg,1,1,1.8724659e-06,0.9999981
/data/Zeyu/Pooling/cat_dog_data/test_set/test_set/cats/cat.4119.jpg,1,1,1.5180221e-05,0.99998474
/data/Zeyu/Pooling/cat_dog_data/test_set/test_set/cats/cat.4120.jpg,1,1,6.3536e-07,0.9999994
/data/Zeyu/Pooling/cat_dog_data/test_set/test_set/cats/cat.4121.jpg,1,1,4.8349843e-06,0.9999951
/data/Zeyu/Pooling/cat_dog_data/test_set/test_set/cats/cat.4122.jpg,1,1,2.4209703e-08,1.0
/data/Zeyu/Pooling/cat_dog_data/test_set/test_set/cats/cat.4123.jpg,1,1,3.959834e-14,1.0
/data/Zeyu/Pooling/cat_dog_data/test_set/test_set/cats/cat.4124.jpg,1,1,0.16954516,0.8304216
/data/Zeyu/Pooling/cat_dog_data/test_set/test_set/cats/cat.4125.jpg,1,1,5.5562083e-07,0.9999994
/data/Zeyu/Pooling/cat_dog_data/test_set/test_set/cats/cat.4126.jpg,1,1,3.0664899e-06,0.9999969
/data/Zeyu/Pooling/cat_dog_data/test_set/test_set/cats/cat.4127.jpg,1,1,6.190258e-07,0.9999994
/data/Zeyu/Pooling/cat_dog_data/test_set/test_set/cats/cat.4128.jpg,1,1,7.2259063e-06,0.9999927
/data/Zeyu/Pooling/cat_dog_data/test_set/test_set/cats/cat.4001.jpg,1,1,7.091662e-06,0.99999285
/data/Zeyu/Pooling/cat_dog_data/test_set/test_set/cats/cat.4002.jpg,1,0,0.98672664,0.013270907
/data/Zeyu/Pooling/cat_dog_data/test_set/test_set/cats/cat.4003.jpg,1,1,4.093258e-05,0.999959
/data/Zeyu/Pooling/cat_dog_data/test_set/test_set/cats/cat.4004.jpg,1,1,1.4761297e-07,0.9999999
/data/Zeyu/Pooling/cat_dog_data/test_set/test_set/cats/cat.4005.jpg,1,1,0.00048580256,0.9995142
/data/Zeyu/Pooling/cat_dog_data/test_set/test_set/cats/cat.4006.jpg,1,1,0.008820003,0.991176
/data/Zeyu/Pooling/cat_dog_data/test_set/test_set/cats/cat.4007.jpg,1,1,0.08674669,0.91325164
/data/Zeyu/Pooling/cat_dog_data/test_set/test_set/cats/cat.4008.jpg,1,1,0.00049891067,0.999501
/data/Zeyu/Pooling/cat_dog_data/test_set/test_set/cats/cat.4009.jpg,1,1,3.61437e-08,1.0
/data/Zeyu/Pooling/cat_dog_data/test_set/test_set/cats/cat.4010.jpg,1,1,1.1470652e-06,0.9999988
/data/Zeyu/Pooling/cat_dog_data/test_set/test_set/cats/cat.4011.jpg,1,1,1.2710272e-07,0.9999999
/data/Zeyu/Pooling/cat_dog_data/test_set/test_set/cats/cat.4012.jpg,1,1,9.0451766e-07,0.99999905
/data/Zeyu/Pooling/cat_dog_data/test_set/test_set/cats/cat.4013.jpg,1,1,8.715671e-08,0.9999999
/data/Zeyu/Pooling/cat_dog_data/test_set/test_set/cats/cat.4014.jpg,1,1,0.00015855939,0.99984145
/data/Zeyu/Pooling/cat_dog_data/test_set/test_set/cats/cat.4015.jpg,1,1,0.050919127,0.94907176
/data/Zeyu/Pooling/cat_dog_data/test_set/test_set/cats/cat.4016.jpg,1,1,6.263023e-07,0.9999994
/data/Zeyu/Pooling/cat_dog_data/test_set/test_set/cats/cat.4017.jpg,1,1,4.269293e-07,0.9999995
/data/Zeyu/Pooling/cat_dog_data/test_set/test_set/cats/cat.4018.jpg,1,1,3.5821186e-09,1.0
/data/Zeyu/Pooling/cat_dog_data/test_set/test_set/cats/cat.4019.jpg,1,1,3.85368e-05,0.9999615
/data/Zeyu/Pooling/cat_dog_data/test_set/test_set/cats/cat.4020.jpg,1,1,2.7065996e-06,0.99999726
/data/Zeyu/Pooling/cat_dog_data/test_set/test_set/cats/cat.4021.jpg,1,1,2.7072586e-09,1.0
/data/Zeyu/Pooling/cat_dog_data/test_set/test_set/cats/cat.4022.jpg,1,1,8.258118e-11,1.0
/data/Zeyu/Pooling/cat_dog_data/test_set/test_set/cats/cat.4023.jpg,1,1,0.00024432573,0.9997557
/data/Zeyu/Pooling/cat_dog_data/test_set/test_set/cats/cat.4024.jpg,1,1,5.3920954e-05,0.99994576
/data/Zeyu/Pooling/cat_dog_data/test_set/test_set/cats/cat.4025.jpg,1,1,8.649017e-08,0.9999999
/data/Zeyu/Pooling/cat_dog_data/test_set/test_set/cats/cat.4026.jpg,1,1,6.445295e-05,0.99993527
/data/Zeyu/Pooling/cat_dog_data/test_set/test_set/cats/cat.4027.jpg,1,1,2.2793886e-06,0.99999774
/data/Zeyu/Pooling/cat_dog_data/test_set/test_set/cats/cat.4028.jpg,1,1,1.3970863e-07,0.9999999
/data/Zeyu/Pooling/cat_dog_data/test_set/test_set/cats/cat.4029.jpg,1,1,0.0006107657,0.99938726
/data/Zeyu/Pooling/cat_dog_data/test_set/test_set/cats/cat.4030.jpg,1,1,0.0008617164,0.9991359
/data/Zeyu/Pooling/cat_dog_data/test_set/test_set/cats/cat.4031.jpg,1,1,0.005978525,0.99401784
/data/Zeyu/Pooling/cat_dog_data/test_set/test_set/cats/cat.4032.jpg,1,1,0.04191886,0.95807064
/data/Zeyu/Pooling/cat_dog_data/test_set/test_set/cats/cat.4033.jpg,1,0,0.9813922,0.018606285
/data/Zeyu/Pooling/cat_dog_data/test_set/test_set/cats/cat.4034.jpg,1,1,3.9262995e-06,0.99999607
/data/Zeyu/Pooling/cat_dog_data/test_set/test_set/cats/cat.4035.jpg,1,1,1.2477374e-09,1.0
/data/Zeyu/Pooling/cat_dog_data/test_set/test_set/cats/cat.4036.jpg,1,1,2.7553649e-11,1.0
/data/Zeyu/Pooling/cat_dog_data/test_set/test_set/cats/cat.4037.jpg,1,1,2.4501724e-11,1.0
/data/Zeyu/Pooling/cat_dog_data/test_set/test_set/cats/cat.4038.jpg,1,0,0.5657167,0.4342604
/data/Zeyu/Pooling/cat_dog_data/test_set/test_set/cats/cat.4039.jpg,1,1,4.1086714e-06,0.99999595
/data/Zeyu/Pooling/cat_dog_data/test_set/test_set/cats/cat.4040.jpg,1,1,1.6797956e-09,1.0
/data/Zeyu/Pooling/cat_dog_data/test_set/test_set/cats/cat.4041.jpg,1,1,2.361405e-07,0.99999976
/data/Zeyu/Pooling/cat_dog_data/test_set/test_set/cats/cat.4042.jpg,1,1,5.6398754e-08,1.0
/data/Zeyu/Pooling/cat_dog_data/test_set/test_set/cats/cat.4043.jpg,1,1,2.145536e-08,1.0
/data/Zeyu/Pooling/cat_dog_data/test_set/test_set/cats/cat.4044.jpg,1,1,0.0034768865,0.9965229
/data/Zeyu/Pooling/cat_dog_data/test_set/test_set/cats/cat.4045.jpg,1,1,0.0034768865,0.9965229
/data/Zeyu/Pooling/cat_dog_data/test_set/test_set/cats/cat.4046.jpg,1,1,1.2018422e-06,0.9999988
/data/Zeyu/Pooling/cat_dog_data/test_set/test_set/cats/cat.4047.jpg,1,1,0.00084070803,0.99915755
/data/Zeyu/Pooling/cat_dog_data/test_set/test_set/cats/cat.4048.jpg,1,1,1.1319018e-08,1.0
/data/Zeyu/Pooling/cat_dog_data/test_set/test_set/cats/cat.4049.jpg,1,1,1.2474739e-08,1.0
/data/Zeyu/Pooling/cat_dog_data/test_set/test_set/cats/cat.4050.jpg,1,1,6.6365025e-09,1.0
/data/Zeyu/Pooling/cat_dog_data/test_set/test_set/cats/cat.4051.jpg,1,1,2.622204e-09,1.0
/data/Zeyu/Pooling/cat_dog_data/test_set/test_set/cats/cat.4052.jpg,1,1,1.4421923e-09,1.0
/data/Zeyu/Pooling/cat_dog_data/test_set/test_set/cats/cat.4053.jpg,1,1,0.0011760604,0.9988238
/data/Zeyu/Pooling/cat_dog_data/test_set/test_set/cats/cat.4054.jpg,1,0,0.99715936,0.0028391378
/data/Zeyu/Pooling/cat_dog_data/test_set/test_set/cats/cat.4055.jpg,1,1,2.4402425e-07,0.99999976
/data/Zeyu/Pooling/cat_dog_data/test_set/test_set/cats/cat.4056.jpg,1,1,0.004250526,0.9957398
/data/Zeyu/Pooling/cat_dog_data/test_set/test_set/cats/cat.4057.jpg,1,1,1.1216611e-08,1.0
/data/Zeyu/Pooling/cat_dog_data/test_set/test_set/cats/cat.4058.jpg,1,1,6.829324e-09,1.0
/data/Zeyu/Pooling/cat_dog_data/test_set/test_set/cats/cat.4059.jpg,1,1,4.217127e-06,0.9999958
/data/Zeyu/Pooling/cat_dog_data/test_set/test_set/cats/cat.4060.jpg,1,1,1.2116352e-07,0.9999999
/data/Zeyu/Pooling/cat_dog_data/test_set/test_set/cats/cat.4061.jpg,1,1,3.3463756e-08,1.0
/data/Zeyu/Pooling/cat_dog_data/test_set/test_set/cats/cat.4062.jpg,1,1,4.395473e-12,1.0
/data/Zeyu/Pooling/cat_dog_data/test_set/test_set/cats/cat.4063.jpg,1,1,2.7707138e-06,0.99999726
/data/Zeyu/Pooling/cat_dog_data/test_set/test_set/cats/cat.4064.jpg,1,0,0.9212273,0.07876154
/data/Zeyu/Pooling/cat_dog_data/test_set/test_set/cats/cat.4065.jpg,1,1,2.874884e-09,1.0
/data/Zeyu/Pooling/cat_dog_data/test_set/test_set/cats/cat.4066.jpg,1,1,0.00065016304,0.99934787
/data/Zeyu/Pooling/cat_dog_data/test_set/test_set/cats/cat.4067.jpg,1,1,2.0677331e-07,0.99999976
/data/Zeyu/Pooling/cat_dog_data/test_set/test_set/cats/cat.4068.jpg,1,1,1.126298e-05,0.9999888
/data/Zeyu/Pooling/cat_dog_data/test_set/test_set/cats/cat.4069.jpg,1,1,7.7441564e-10,1.0
/data/Zeyu/Pooling/cat_dog_data/test_set/test_set/cats/cat.4070.jpg,1,1,0.000102998005,0.9998965
/data/Zeyu/Pooling/cat_dog_data/test_set/test_set/cats/cat.4071.jpg,1,1,5.9193712e-06,0.99999404
/data/Zeyu/Pooling/cat_dog_data/test_set/test_set/cats/cat.4072.jpg,1,1,1.0047355e-06,0.99999905
/data/Zeyu/Pooling/cat_dog_data/test_set/test_set/cats/cat.4073.jpg,1,1,1.5871327e-08,1.0
/data/Zeyu/Pooling/cat_dog_data/test_set/test_set/cats/cat.4074.jpg,1,1,0.3413098,0.65868837
/data/Zeyu/Pooling/cat_dog_data/test_set/test_set/cats/cat.4075.jpg,1,1,3.523512e-08,1.0
/data/Zeyu/Pooling/cat_dog_data/test_set/test_set/cats/cat.4076.jpg,1,1,1.8232688e-09,1.0
/data/Zeyu/Pooling/cat_dog_data/test_set/test_set/cats/cat.4077.jpg,1,1,1.0614797e-11,1.0
/data/Zeyu/Pooling/cat_dog_data/test_set/test_set/cats/cat.4078.jpg,1,1,1.05081395e-10,1.0
/data/Zeyu/Pooling/cat_dog_data/test_set/test_set/cats/cat.4079.jpg,1,1,5.3160026e-10,1.0
/data/Zeyu/Pooling/cat_dog_data/test_set/test_set/cats/cat.4080.jpg,1,1,9.2891504e-08,0.9999999
/data/Zeyu/Pooling/cat_dog_data/test_set/test_set/cats/cat.4081.jpg,1,1,2.049062e-08,1.0
/data/Zeyu/Pooling/cat_dog_data/test_set/test_set/cats/cat.4082.jpg,1,1,0.08094083,0.9190508
/data/Zeyu/Pooling/cat_dog_data/test_set/test_set/cats/cat.4083.jpg,1,1,1.6698434e-07,0.9999999
/data/Zeyu/Pooling/cat_dog_data/test_set/test_set/cats/cat.4084.jpg,1,1,1.2194258e-10,1.0
/data/Zeyu/Pooling/cat_dog_data/test_set/test_set/cats/cat.4085.jpg,1,1,6.920684e-08,0.9999999
/data/Zeyu/Pooling/cat_dog_data/test_set/test_set/cats/cat.4086.jpg,1,1,6.920684e-08,0.9999999
/data/Zeyu/Pooling/cat_dog_data/test_set/test_set/cats/cat.4087.jpg,1,1,0.0010491448,0.99895084
/data/Zeyu/Pooling/cat_dog_data/test_set/test_set/cats/cat.4088.jpg,1,1,5.6059823e-09,1.0
/data/Zeyu/Pooling/cat_dog_data/test_set/test_set/cats/cat.4089.jpg,1,1,1.7724793e-09,1.0
/data/Zeyu/Pooling/cat_dog_data/test_set/test_set/cats/cat.4090.jpg,1,1,4.3563417e-10,1.0
/data/Zeyu/Pooling/cat_dog_data/test_set/test_set/cats/cat.4091.jpg,1,1,6.636226e-05,0.9999336
/data/Zeyu/Pooling/cat_dog_data/test_set/test_set/cats/cat.4092.jpg,1,1,0.00010737147,0.9998926
/data/Zeyu/Pooling/cat_dog_data/test_set/test_set/cats/cat.4093.jpg,1,1,1.7484457e-05,0.9999825
/data/Zeyu/Pooling/cat_dog_data/test_set/test_set/cats/cat.4094.jpg,1,1,0.002572675,0.997426
/data/Zeyu/Pooling/cat_dog_data/test_set/test_set/cats/cat.4095.jpg,1,1,2.7899233e-08,1.0
/data/Zeyu/Pooling/cat_dog_data/test_set/test_set/cats/cat.4096.jpg,1,1,6.753523e-08,0.9999999
/data/Zeyu/Pooling/cat_dog_data/test_set/test_set/cats/cat.4097.jpg,1,1,0.001209196,0.99879056
/data/Zeyu/Pooling/cat_dog_data/test_set/test_set/cats/cat.4098.jpg,1,1,4.149233e-06,0.9999958
/data/Zeyu/Pooling/cat_dog_data/test_set/test_set/cats/cat.4099.jpg,1,0,0.99999857,1.3827248e-06
/data/Zeyu/Pooling/cat_dog_data/test_set/test_set/cats/cat.4100.jpg,1,1,3.703231e-08,1.0
/data/Zeyu/Pooling/cat_dog_data/test_set/test_set/cats/cat.4101.jpg,1,1,3.703231e-08,1.0
/data/Zeyu/Pooling/cat_dog_data/test_set/test_set/cats/cat.4102.jpg,1,1,0.0016881817,0.99831104
/data/Zeyu/Pooling/cat_dog_data/test_set/test_set/cats/cat.4103.jpg,1,1,0.21082407,0.78916806
/data/Zeyu/Pooling/cat_dog_data/test_set/test_set/cats/cat.4104.jpg,1,0,0.8910545,0.108943164
/data/Zeyu/Pooling/cat_dog_data/test_set/test_set/cats/cat.4105.jpg,1,1,7.019922e-10,1.0
/data/Zeyu/Pooling/cat_dog_data/test_set/test_set/cats/cat.4106.jpg,1,1,5.999043e-07,0.9999994
/data/Zeyu/Pooling/cat_dog_data/test_set/test_set/cats/cat.4107.jpg,1,1,2.2734296e-06,0.99999774
/data/Zeyu/Pooling/cat_dog_data/test_set/test_set/cats/cat.4108.jpg,1,1,3.4062888e-09,1.0
/data/Zeyu/Pooling/cat_dog_data/test_set/test_set/cats/cat.4109.jpg,1,1,0.018047422,0.9819436
/data/Zeyu/Pooling/cat_dog_data/test_set/test_set/cats/cat.4110.jpg,1,1,3.986642e-05,0.99996006
/data/Zeyu/Pooling/cat_dog_data/test_set/test_set/cats/cat.4111.jpg,1,1,2.605952e-06,0.9999974
/data/Zeyu/Pooling/cat_dog_data/test_set/test_set/cats/cat.4112.jpg,1,1,1.8017913e-06,0.9999982
/data/Zeyu/Pooling/cat_dog_data/test_set/test_set/cats/cat.4113.jpg,1,1,5.3473215e-11,1.0
/data/Zeyu/Pooling/cat_dog_data/test_set/test_set/cats/cat.4114.jpg,1,1,1.8140209e-07,0.99999976
/data/Zeyu/Pooling/cat_dog_data/test_set/test_set/cats/cat.4115.jpg,1,1,3.4081115e-06,0.99999654
/data/Zeyu/Pooling/cat_dog_data/test_set/test_set/cats/cat.4116.jpg,1,1,0.0010562302,0.9989373
/data/Zeyu/Pooling/cat_dog_data/test_set/test_set/cats/cat.4117.jpg,1,1,0.00029488516,0.9997043
/data/Zeyu/Pooling/cat_dog_data/test_set/test_set/cats/cat.4118.jpg,1,1,1.06035266e-07,0.9999999
/data/Zeyu/Pooling/cat_dog_data/test_set/test_set/cats/cat.4119.jpg,1,1,5.5205863e-05,0.9999447
/data/Zeyu/Pooling/cat_dog_data/test_set/test_set/cats/cat.4120.jpg,1,1,5.781886e-07,0.9999994
/data/Zeyu/Pooling/cat_dog_data/test_set/test_set/cats/cat.4121.jpg,1,1,4.7054616e-10,1.0
/data/Zeyu/Pooling/cat_dog_data/test_set/test_set/cats/cat.4122.jpg,1,1,3.9117795e-06,0.99999607
/data/Zeyu/Pooling/cat_dog_data/test_set/test_set/cats/cat.4123.jpg,1,1,0.00011619025,0.9998838
/data/Zeyu/Pooling/cat_dog_data/test_set/test_set/cats/cat.4124.jpg,1,1,1.1650732e-12,1.0
/data/Zeyu/Pooling/cat_dog_data/test_set/test_set/cats/cat.4125.jpg,1,1,0.00850281,0.99149644
/data/Zeyu/Pooling/cat_dog_data/test_set/test_set/cats/cat.4126.jpg,1,1,1.1493604e-08,1.0
/data/Zeyu/Pooling/cat_dog_data/test_set/test_set/cats/cat.4127.jpg,1,1,0.19472848,0.80525154
/data/Zeyu/Pooling/cat_dog_data/test_set/test_set/cats/cat.4128.jpg,1,1,4.9522114e-08,1.0
/data/Zeyu/Pooling/cat_dog_data/test_set/test_set/cats/cat.4001.jpg,1,1,1.2297902e-09,1.0
/data/Zeyu/Pooling/cat_dog_data/test_set/test_set/cats/cat.4002.jpg,1,1,7.135795e-07,0.9999993
/data/Zeyu/Pooling/cat_dog_data/test_set/test_set/cats/cat.4003.jpg,1,1,4.2708447e-07,0.9999995
/data/Zeyu/Pooling/cat_dog_data/test_set/test_set/cats/cat.4004.jpg,1,1,8.442125e-05,0.9999149
/data/Zeyu/Pooling/cat_dog_data/test_set/test_set/cats/cat.4005.jpg,1,1,0.00014884217,0.9998511
/data/Zeyu/Pooling/cat_dog_data/test_set/test_set/cats/cat.4006.jpg,1,1,1.12365255e-08,1.0
/data/Zeyu/Pooling/cat_dog_data/test_set/test_set/cats/cat.4007.jpg,1,1,1.3800258e-10,1.0
/data/Zeyu/Pooling/cat_dog_data/test_set/test_set/cats/cat.4008.jpg,1,1,8.872496e-06,0.9999912
/data/Zeyu/Pooling/cat_dog_data/test_set/test_set/cats/cat.4009.jpg,1,1,0.0013363044,0.99865997
/data/Zeyu/Pooling/cat_dog_data/test_set/test_set/cats/cat.4010.jpg,1,1,5.380085e-06,0.99999464
/data/Zeyu/Pooling/cat_dog_data/test_set/test_set/cats/cat.4011.jpg,1,1,1.4686297e-05,0.99998534
/data/Zeyu/Pooling/cat_dog_data/test_set/test_set/cats/cat.4012.jpg,1,1,8.251733e-09,1.0
/data/Zeyu/Pooling/cat_dog_data/test_set/test_set/cats/cat.4013.jpg,1,1,0.03168333,0.9683137
/data/Zeyu/Pooling/cat_dog_data/test_set/test_set/cats/cat.4014.jpg,1,1,5.4412685e-14,1.0
/data/Zeyu/Pooling/cat_dog_data/test_set/test_set/cats/cat.4015.jpg,1,1,0.00056413107,0.9994357
/data/Zeyu/Pooling/cat_dog_data/test_set/test_set/cats/cat.4016.jpg,1,1,3.5349092e-07,0.99999964
/data/Zeyu/Pooling/cat_dog_data/test_set/test_set/cats/cat.4017.jpg,1,1,2.0204982e-06,0.999998
/data/Zeyu/Pooling/cat_dog_data/test_set/test_set/cats/cat.4018.jpg,1,1,2.6676581e-08,1.0
/data/Zeyu/Pooling/cat_dog_data/test_set/test_set/cats/cat.4019.jpg,1,1,1.1036733e-06,0.9999989
/data/Zeyu/Pooling/cat_dog_data/test_set/test_set/cats/cat.4020.jpg,1,1,0.45574954,0.5442288
/data/Zeyu/Pooling/cat_dog_data/test_set/test_set/cats/cat.4021.jpg,1,0,0.99999917,8.024198e-07
/data/Zeyu/Pooling/cat_dog_data/test_set/test_set/cats/cat.4022.jpg,1,0,0.9051341,0.09485714
/data/Zeyu/Pooling/cat_dog_data/test_set/test_set/cats/cat.4023.jpg,1,1,4.2724864e-07,0.9999995
/data/Zeyu/Pooling/cat_dog_data/test_set/test_set/cats/cat.4024.jpg,1,1,1.1541434e-11,1.0
/data/Zeyu/Pooling/cat_dog_data/test_set/test_set/cats/cat.4025.jpg,1,1,1.471128e-09,1.0
/data/Zeyu/Pooling/cat_dog_data/test_set/test_set/cats/cat.4026.jpg,1,1,0.00011566395,0.99988425
/data/Zeyu/Pooling/cat_dog_data/test_set/test_set/cats/cat.4027.jpg,1,1,1.0538437e-06,0.9999989
/data/Zeyu/Pooling/cat_dog_data/test_set/test_set/cats/cat.4028.jpg,1,1,0.001347256,0.9986525
/data/Zeyu/Pooling/cat_dog_data/test_set/test_set/cats/cat.4029.jpg,1,1,6.9166832e-09,1.0
/data/Zeyu/Pooling/cat_dog_data/test_set/test_set/cats/cat.4030.jpg,1,1,2.5390004e-06,0.9999975
/data/Zeyu/Pooling/cat_dog_data/test_set/test_set/cats/cat.4031.jpg,1,1,2.5280988e-06,0.9999975
/data/Zeyu/Pooling/cat_dog_data/test_set/test_set/cats/cat.4032.jpg,1,1,0.0004570966,0.9995427
/data/Zeyu/Pooling/cat_dog_data/test_set/test_set/cats/cat.4033.jpg,1,1,4.9404347e-09,1.0
/data/Zeyu/Pooling/cat_dog_data/test_set/test_set/cats/cat.4034.jpg,1,1,3.2700649e-09,1.0
/data/Zeyu/Pooling/cat_dog_data/test_set/test_set/cats/cat.4035.jpg,1,0,0.7167678,0.28323165
/data/Zeyu/Pooling/cat_dog_data/test_set/test_set/cats/cat.4036.jpg,1,1,9.280597e-08,0.9999999
/data/Zeyu/Pooling/cat_dog_data/test_set/test_set/cats/cat.4037.jpg,1,1,0.0033720508,0.99662435
/data/Zeyu/Pooling/cat_dog_data/test_set/test_set/cats/cat.4038.jpg,1,1,0.0014340908,0.9985656
/data/Zeyu/Pooling/cat_dog_data/test_set/test_set/cats/cat.4039.jpg,1,1,3.7423526e-06,0.9999963
/data/Zeyu/Pooling/cat_dog_data/test_set/test_set/cats/cat.4040.jpg,1,1,1.2664281e-05,0.99998736
/data/Zeyu/Pooling/cat_dog_data/test_set/test_set/cats/cat.4041.jpg,1,1,3.7838236e-06,0.9999962
/data/Zeyu/Pooling/cat_dog_data/test_set/test_set/cats/cat.4042.jpg,1,1,1.1124106e-07,0.9999999
/data/Zeyu/Pooling/cat_dog_data/test_set/test_set/cats/cat.4043.jpg,1,1,3.9040237e-06,0.99999607
/data/Zeyu/Pooling/cat_dog_data/test_set/test_set/cats/cat.4044.jpg,1,1,9.862554e-07,0.99999905
/data/Zeyu/Pooling/cat_dog_data/test_set/test_set/cats/cat.4045.jpg,1,1,0.030423159,0.96957546
/data/Zeyu/Pooling/cat_dog_data/test_set/test_set/cats/cat.4046.jpg,1,0,0.99638593,0.0036127942
/data/Zeyu/Pooling/cat_dog_data/test_set/test_set/cats/cat.4047.jpg,1,1,8.770716e-09,1.0
/data/Zeyu/Pooling/cat_dog_data/test_set/test_set/cats/cat.4048.jpg,1,1,6.1251258e-06,0.9999939
/data/Zeyu/Pooling/cat_dog_data/test_set/test_set/cats/cat.4049.jpg,1,1,1.6638877e-08,1.0
/data/Zeyu/Pooling/cat_dog_data/test_set/test_set/cats/cat.4050.jpg,1,1,0.002244398,0.9977544
/data/Zeyu/Pooling/cat_dog_data/test_set/test_set/cats/cat.4051.jpg,1,1,3.1721772e-09,1.0
/data/Zeyu/Pooling/cat_dog_data/test_set/test_set/cats/cat.4052.jpg,1,1,2.1754607e-08,1.0
/data/Zeyu/Pooling/cat_dog_data/test_set/test_set/cats/cat.4053.jpg,1,1,2.8311619e-05,0.9999716
/data/Zeyu/Pooling/cat_dog_data/test_set/test_set/cats/cat.4054.jpg,1,1,1.5510626e-11,1.0
/data/Zeyu/Pooling/cat_dog_data/test_set/test_set/cats/cat.4055.jpg,1,1,5.8714254e-06,0.99999416
/data/Zeyu/Pooling/cat_dog_data/test_set/test_set/cats/cat.4056.jpg,1,1,1.0120867e-06,0.99999905
/data/Zeyu/Pooling/cat_dog_data/test_set/test_set/cats/cat.4057.jpg,1,0,0.92711574,0.072876126
/data/Zeyu/Pooling/cat_dog_data/test_set/test_set/cats/cat.4058.jpg,1,1,1.0690299e-05,0.9999893
/data/Zeyu/Pooling/cat_dog_data/test_set/test_set/cats/cat.4059.jpg,1,1,1.191213e-06,0.9999988
/data/Zeyu/Pooling/cat_dog_data/test_set/test_set/cats/cat.4060.jpg,1,1,2.381872e-09,1.0
/data/Zeyu/Pooling/cat_dog_data/test_set/test_set/cats/cat.4061.jpg,1,1,2.0389665e-10,1.0
/data/Zeyu/Pooling/cat_dog_data/test_set/test_set/cats/cat.4062.jpg,1,0,0.6253359,0.3746439
/data/Zeyu/Pooling/cat_dog_data/test_set/test_set/cats/cat.4063.jpg,1,0,0.999076,0.0009231284
/data/Zeyu/Pooling/cat_dog_data/test_set/test_set/cats/cat.4064.jpg,1,1,0.0006543934,0.9993436
/data/Zeyu/Pooling/cat_dog_data/test_set/test_set/cats/cat.4065.jpg,1,1,1.0149466e-05,0.99998987
/data/Zeyu/Pooling/cat_dog_data/test_set/test_set/cats/cat.4066.jpg,1,1,0.00023107001,0.9997688
/data/Zeyu/Pooling/cat_dog_data/test_set/test_set/cats/cat.4067.jpg,1,1,3.1437192e-08,1.0
/data/Zeyu/Pooling/cat_dog_data/test_set/test_set/cats/cat.4068.jpg,1,1,6.521378e-06,0.99999344
/data/Zeyu/Pooling/cat_dog_data/test_set/test_set/cats/cat.4069.jpg,1,1,8.375206e-13,1.0
/data/Zeyu/Pooling/cat_dog_data/test_set/test_set/cats/cat.4070.jpg,1,1,1.4460485e-07,0.9999999
/data/Zeyu/Pooling/cat_dog_data/test_set/test_set/cats/cat.4071.jpg,1,1,3.3966444e-11,1.0
/data/Zeyu/Pooling/cat_dog_data/test_set/test_set/cats/cat.4072.jpg,1,0,0.90837187,0.091622524
/data/Zeyu/Pooling/cat_dog_data/test_set/test_set/cats/cat.4073.jpg,1,1,4.4730456e-07,0.9999995
/data/Zeyu/Pooling/cat_dog_data/test_set/test_set/cats/cat.4074.jpg,1,1,2.2128013e-09,1.0
/data/Zeyu/Pooling/cat_dog_data/test_set/test_set/cats/cat.4075.jpg,1,1,5.5791278e-11,1.0
/data/Zeyu/Pooling/cat_dog_data/test_set/test_set/cats/cat.4076.jpg,1,1,5.3209204e-11,1.0
/data/Zeyu/Pooling/cat_dog_data/test_set/test_set/cats/cat.4077.jpg,1,1,2.216899e-09,1.0
/data/Zeyu/Pooling/cat_dog_data/test_set/test_set/cats/cat.4078.jpg,1,1,1.2337e-06,0.9999988
/data/Zeyu/Pooling/cat_dog_data/test_set/test_set/cats/cat.4079.jpg,1,1,6.9481686e-08,0.9999999
/data/Zeyu/Pooling/cat_dog_data/test_set/test_set/cats/cat.4080.jpg,1,1,2.1370967e-09,1.0
/data/Zeyu/Pooling/cat_dog_data/test_set/test_set/cats/cat.4081.jpg,1,1,2.7413373e-07,0.99999976
/data/Zeyu/Pooling/cat_dog_data/test_set/test_set/cats/cat.4082.jpg,1,1,3.6577006e-08,1.0
/data/Zeyu/Pooling/cat_dog_data/test_set/test_set/cats/cat.4083.jpg,1,1,0.011381341,0.9886154
/data/Zeyu/Pooling/cat_dog_data/test_set/test_set/cats/cat.4084.jpg,1,1,4.3234133e-10,1.0
/data/Zeyu/Pooling/cat_dog_data/test_set/test_set/cats/cat.4085.jpg,1,1,0.0014465535,0.99855274
/data/Zeyu/Pooling/cat_dog_data/test_set/test_set/cats/cat.4086.jpg,1,0,0.99895966,0.0010397473
/data/Zeyu/Pooling/cat_dog_data/test_set/test_set/cats/cat.4087.jpg,1,1,3.5990735e-05,0.999964
/data/Zeyu/Pooling/cat_dog_data/test_set/test_set/cats/cat.4088.jpg,1,1,0.45188046,0.5480996
/data/Zeyu/Pooling/cat_dog_data/test_set/test_set/cats/cat.4089.jpg,1,1,0.0005881322,0.9994111
/data/Zeyu/Pooling/cat_dog_data/test_set/test_set/cats/cat.4090.jpg,1,1,0.00019169536,0.999808
/data/Zeyu/Pooling/cat_dog_data/test_set/test_set/cats/cat.4091.jpg,1,1,0.00062764203,0.9993692
/data/Zeyu/Pooling/cat_dog_data/test_set/test_set/cats/cat.4092.jpg,1,1,5.610496e-09,1.0
/data/Zeyu/Pooling/cat_dog_data/test_set/test_set/cats/cat.4093.jpg,1,1,6.667931e-05,0.99993336
/data/Zeyu/Pooling/cat_dog_data/test_set/test_set/cats/cat.4094.jpg,1,1,2.629684e-07,0.99999976
/data/Zeyu/Pooling/cat_dog_data/test_set/test_set/cats/cat.4095.jpg,1,1,5.950888e-08,1.0
/data/Zeyu/Pooling/cat_dog_data/test_set/test_set/cats/cat.4096.jpg,1,1,0.00030496513,0.9996948
/data/Zeyu/Pooling/cat_dog_data/test_set/test_set/cats/cat.4097.jpg,1,1,1.9652378e-08,1.0
/data/Zeyu/Pooling/cat_dog_data/test_set/test_set/cats/cat.4098.jpg,1,1,0.0130641,0.98693305
/data/Zeyu/Pooling/cat_dog_data/test_set/test_set/cats/cat.4099.jpg,1,1,7.0009264e-07,0.9999993
/data/Zeyu/Pooling/cat_dog_data/test_set/test_set/cats/cat.4100.jpg,1,1,7.345842e-08,0.9999999
/data/Zeyu/Pooling/cat_dog_data/test_set/test_set/cats/cat.4101.jpg,1,1,0.0021633992,0.99783653
/data/Zeyu/Pooling/cat_dog_data/test_set/test_set/cats/cat.4102.jpg,1,1,2.52251e-12,1.0
/data/Zeyu/Pooling/cat_dog_data/test_set/test_set/cats/cat.4103.jpg,1,1,3.7451412e-06,0.9999963
/data/Zeyu/Pooling/cat_dog_data/test_set/test_set/cats/cat.4104.jpg,1,1,1.3397942e-05,0.99998665
/data/Zeyu/Pooling/cat_dog_data/test_set/test_set/cats/cat.4105.jpg,1,1,0.0011637717,0.9988336
/data/Zeyu/Pooling/cat_dog_data/test_set/test_set/cats/cat.4106.jpg,1,1,5.2526284e-05,0.9999472
/data/Zeyu/Pooling/cat_dog_data/test_set/test_set/cats/cat.4107.jpg,1,1,0.00081572245,0.9991825
/data/Zeyu/Pooling/cat_dog_data/test_set/test_set/cats/cat.4108.jpg,1,1,3.7444017e-06,0.9999963
/data/Zeyu/Pooling/cat_dog_data/test_set/test_set/cats/cat.4109.jpg,1,1,6.366762e-08,0.9999999
/data/Zeyu/Pooling/cat_dog_data/test_set/test_set/cats/cat.4110.jpg,1,1,0.0007522854,0.9992478
/data/Zeyu/Pooling/cat_dog_data/test_set/test_set/cats/cat.4111.jpg,1,1,6.465198e-07,0.9999994
/data/Zeyu/Pooling/cat_dog_data/test_set/test_set/cats/cat.4112.jpg,1,1,3.999037e-06,0.99999595
/data/Zeyu/Pooling/cat_dog_data/test_set/test_set/cats/cat.4113.jpg,1,1,0.00385762,0.9961357
/data/Zeyu/Pooling/cat_dog_data/test_set/test_set/cats/cat.4114.jpg,1,1,1.9406034e-06,0.9999981
/data/Zeyu/Pooling/cat_dog_data/test_set/test_set/cats/cat.4115.jpg,1,1,2.0944404e-07,0.99999976
/data/Zeyu/Pooling/cat_dog_data/test_set/test_set/cats/cat.4116.jpg,1,1,3.4346943e-09,1.0
/data/Zeyu/Pooling/cat_dog_data/test_set/test_set/cats/cat.4117.jpg,1,1,0.00052136194,0.9994764
/data/Zeyu/Pooling/cat_dog_data/test_set/test_set/cats/cat.4118.jpg,1,1,6.872002e-06,0.9999931
/data/Zeyu/Pooling/cat_dog_data/test_set/test_set/cats/cat.4119.jpg,1,1,0.00036586984,0.9996333
/data/Zeyu/Pooling/cat_dog_data/test_set/test_set/cats/cat.4120.jpg,1,1,5.868386e-06,0.99999416
/data/Zeyu/Pooling/cat_dog_data/test_set/test_set/cats/cat.4121.jpg,1,1,1.8166481e-10,1.0
/data/Zeyu/Pooling/cat_dog_data/test_set/test_set/cats/cat.4122.jpg,1,1,3.70345e-08,1.0
/data/Zeyu/Pooling/cat_dog_data/test_set/test_set/cats/cat.4123.jpg,1,1,1.5076155e-06,0.99999845
/data/Zeyu/Pooling/cat_dog_data/test_set/test_set/cats/cat.4124.jpg,1,1,5.6331606e-10,1.0
/data/Zeyu/Pooling/cat_dog_data/test_set/test_set/cats/cat.4125.jpg,1,1,4.934222e-07,0.9999995
/data/Zeyu/Pooling/cat_dog_data/test_set/test_set/cats/cat.4126.jpg,1,1,2.684933e-07,0.99999976
/data/Zeyu/Pooling/cat_dog_data/test_set/test_set/cats/cat.4127.jpg,1,1,8.8317876e-07,0.99999917
/data/Zeyu/Pooling/cat_dog_data/test_set/test_set/cats/cat.4128.jpg,1,1,4.5295243e-10,1.0
/data/Zeyu/Pooling/cat_dog_data/test_set/test_set/cats/cat.4001.jpg,1,1,1.3438084e-07,0.9999999
/data/Zeyu/Pooling/cat_dog_data/test_set/test_set/cats/cat.4002.jpg,1,1,5.8783274e-07,0.9999994
/data/Zeyu/Pooling/cat_dog_data/test_set/test_set/cats/cat.4003.jpg,1,1,0.00024264744,0.9997551
/data/Zeyu/Pooling/cat_dog_data/test_set/test_set/cats/cat.4004.jpg,1,1,7.398219e-12,1.0
/data/Zeyu/Pooling/cat_dog_data/test_set/test_set/cats/cat.4005.jpg,1,1,3.5854253e-10,1.0
/data/Zeyu/Pooling/cat_dog_data/test_set/test_set/cats/cat.4006.jpg,1,1,1.3375458e-07,0.9999999
/data/Zeyu/Pooling/cat_dog_data/test_set/test_set/cats/cat.4007.jpg,1,1,8.069829e-07,0.99999917
/data/Zeyu/Pooling/cat_dog_data/test_set/test_set/cats/cat.4008.jpg,1,1,7.429371e-07,0.9999993
/data/Zeyu/Pooling/cat_dog_data/test_set/test_set/cats/cat.4009.jpg,1,1,0.0010833557,0.9989164
/data/Zeyu/Pooling/cat_dog_data/test_set/test_set/cats/cat.4010.jpg,1,1,1.8696768e-05,0.9999813
/data/Zeyu/Pooling/cat_dog_data/test_set/test_set/cats/cat.4011.jpg,1,1,1.4433786e-06,0.99999857
/data/Zeyu/Pooling/cat_dog_data/test_set/test_set/cats/cat.4012.jpg,1,1,1.8347233e-11,1.0
/data/Zeyu/Pooling/cat_dog_data/test_set/test_set/cats/cat.4013.jpg,1,1,2.5900233e-06,0.9999974
/data/Zeyu/Pooling/cat_dog_data/test_set/test_set/cats/cat.4014.jpg,1,1,0.051170733,0.948827
/data/Zeyu/Pooling/cat_dog_data/test_set/test_set/cats/cat.4015.jpg,1,1,5.8100987e-08,1.0
/data/Zeyu/Pooling/cat_dog_data/test_set/test_set/cats/cat.4016.jpg,1,1,1.5231163e-06,0.99999845
/data/Zeyu/Pooling/cat_dog_data/test_set/test_set/cats/cat.4017.jpg,1,1,5.9353016e-07,0.9999994
/data/Zeyu/Pooling/cat_dog_data/test_set/test_set/cats/cat.4018.jpg,1,1,2.407511e-05,0.9999758
/data/Zeyu/Pooling/cat_dog_data/test_set/test_set/cats/cat.4019.jpg,1,1,1.5203988e-10,1.0
/data/Zeyu/Pooling/cat_dog_data/test_set/test_set/cats/cat.4020.jpg,1,0,0.99803275,0.0019670185
/data/Zeyu/Pooling/cat_dog_data/test_set/test_set/cats/cat.4021.jpg,1,1,1.5892052e-06,0.99999845
/data/Zeyu/Pooling/cat_dog_data/test_set/test_set/cats/cat.4022.jpg,1,1,2.7907094e-09,1.0
/data/Zeyu/Pooling/cat_dog_data/test_set/test_set/cats/cat.4023.jpg,1,1,0.0012882263,0.99871147
/data/Zeyu/Pooling/cat_dog_data/test_set/test_set/cats/cat.4024.jpg,1,1,3.7986125e-09,1.0
/data/Zeyu/Pooling/cat_dog_data/test_set/test_set/cats/cat.4025.jpg,1,1,2.6948122e-09,1.0
/data/Zeyu/Pooling/cat_dog_data/test_set/test_set/cats/cat.4026.jpg,1,1,0.00061277195,0.9993845
/data/Zeyu/Pooling/cat_dog_data/test_set/test_set/cats/cat.4027.jpg,1,1,5.913758e-10,1.0
/data/Zeyu/Pooling/cat_dog_data/test_set/test_set/cats/cat.4028.jpg,1,1,0.00022338056,0.99977654
/data/Zeyu/Pooling/cat_dog_data/test_set/test_set/cats/cat.4029.jpg,1,1,2.1556038e-05,0.9999784
/data/Zeyu/Pooling/cat_dog_data/test_set/test_set/cats/cat.4030.jpg,1,1,0.0023683908,0.9976306
/data/Zeyu/Pooling/cat_dog_data/test_set/test_set/cats/cat.4031.jpg,1,1,1.1851152e-11,1.0
/data/Zeyu/Pooling/cat_dog_data/test_set/test_set/cats/cat.4032.jpg,1,1,1.4858943e-08,1.0
/data/Zeyu/Pooling/cat_dog_data/test_set/test_set/cats/cat.4033.jpg,1,1,0.00070766377,0.99929166
/data/Zeyu/Pooling/cat_dog_data/test_set/test_set/cats/cat.4034.jpg,1,1,2.2505785e-06,0.99999774
/data/Zeyu/Pooling/cat_dog_data/test_set/test_set/cats/cat.4035.jpg,1,1,3.966477e-11,1.0
/data/Zeyu/Pooling/cat_dog_data/test_set/test_set/cats/cat.4036.jpg,1,1,0.034225624,0.9657737
/data/Zeyu/Pooling/cat_dog_data/test_set/test_set/cats/cat.4037.jpg,1,1,0.0010244703,0.99897444
/data/Zeyu/Pooling/cat_dog_data/test_set/test_set/cats/cat.4038.jpg,1,1,9.3010286e-08,0.9999999
/data/Zeyu/Pooling/cat_dog_data/test_set/test_set/cats/cat.4039.jpg,1,1,1.3336363e-10,1.0
/data/Zeyu/Pooling/cat_dog_data/test_set/test_set/cats/cat.4040.jpg,1,1,0.008273428,0.9917265
/data/Zeyu/Pooling/cat_dog_data/test_set/test_set/cats/cat.4041.jpg,1,1,1.5666268e-08,1.0
/data/Zeyu/Pooling/cat_dog_data/test_set/test_set/cats/cat.4042.jpg,1,1,4.077215e-05,0.9999591
/data/Zeyu/Pooling/cat_dog_data/test_set/test_set/cats/cat.4043.jpg,1,1,2.3699842e-10,1.0
/data/Zeyu/Pooling/cat_dog_data/test_set/test_set/cats/cat.4044.jpg,1,1,1.2434577e-06,0.9999988
/data/Zeyu/Pooling/cat_dog_data/test_set/test_set/cats/cat.4045.jpg,1,1,3.007033e-07,0.99999964
/data/Zeyu/Pooling/cat_dog_data/test_set/test_set/cats/cat.4046.jpg,1,1,0.00043405156,0.9995658
/data/Zeyu/Pooling/cat_dog_data/test_set/test_set/cats/cat.4047.jpg,1,1,0.00043405156,0.9995658
/data/Zeyu/Pooling/cat_dog_data/test_set/test_set/cats/cat.4048.jpg,1,1,1.3772697e-06,0.99999857
/data/Zeyu/Pooling/cat_dog_data/test_set/test_set/cats/cat.4049.jpg,1,1,0.00026110417,0.9997389
/data/Zeyu/Pooling/cat_dog_data/test_set/test_set/cats/cat.4050.jpg,1,1,8.11904e-06,0.9999919
/data/Zeyu/Pooling/cat_dog_data/test_set/test_set/cats/cat.4051.jpg,1,1,5.15242e-09,1.0
/data/Zeyu/Pooling/cat_dog_data/test_set/test_set/cats/cat.4052.jpg,1,1,3.5760563e-06,0.9999964
/data/Zeyu/Pooling/cat_dog_data/test_set/test_set/cats/cat.4053.jpg,1,1,5.7197163e-08,1.0
/data/Zeyu/Pooling/cat_dog_data/test_set/test_set/cats/cat.4054.jpg,1,1,5.7197163e-08,1.0
/data/Zeyu/Pooling/cat_dog_data/test_set/test_set/cats/cat.4055.jpg,1,1,2.1485464e-07,0.99999976
/data/Zeyu/Pooling/cat_dog_data/test_set/test_set/cats/cat.4056.jpg,1,1,5.096192e-09,1.0
/data/Zeyu/Pooling/cat_dog_data/test_set/test_set/cats/cat.4057.jpg,1,1,1.7143117e-10,1.0
/data/Zeyu/Pooling/cat_dog_data/test_set/test_set/cats/cat.4058.jpg,1,1,8.405668e-06,0.99999154
/data/Zeyu/Pooling/cat_dog_data/test_set/test_set/cats/cat.4059.jpg,1,1,0.00028386764,0.9997161
/data/Zeyu/Pooling/cat_dog_data/test_set/test_set/cats/cat.4060.jpg,1,1,0.0012164428,0.9987828
/data/Zeyu/Pooling/cat_dog_data/test_set/test_set/cats/cat.4061.jpg,1,1,0.0012164428,0.9987828
/data/Zeyu/Pooling/cat_dog_data/test_set/test_set/cats/cat.4062.jpg,1,1,1.1350927e-12,1.0
/data/Zeyu/Pooling/cat_dog_data/test_set/test_set/cats/cat.4063.jpg,1,1,5.729308e-06,0.9999943
/data/Zeyu/Pooling/cat_dog_data/test_set/test_set/cats/cat.4064.jpg,1,1,0.000871795,0.99912816
/data/Zeyu/Pooling/cat_dog_data/test_set/test_set/cats/cat.4065.jpg,1,1,4.2232296e-05,0.99995744
/data/Zeyu/Pooling/cat_dog_data/test_set/test_set/cats/cat.4066.jpg,1,1,0.0018419559,0.99815744
/data/Zeyu/Pooling/cat_dog_data/test_set/test_set/cats/cat.4067.jpg,1,1,8.619402e-09,1.0
/data/Zeyu/Pooling/cat_dog_data/test_set/test_set/cats/cat.4068.jpg,1,1,8.2466215e-07,0.99999917
/data/Zeyu/Pooling/cat_dog_data/test_set/test_set/cats/cat.4069.jpg,1,1,7.185582e-11,1.0
/data/Zeyu/Pooling/cat_dog_data/test_set/test_set/cats/cat.4070.jpg,1,1,1.6907961e-05,0.9999831
/data/Zeyu/Pooling/cat_dog_data/test_set/test_set/cats/cat.4071.jpg,1,1,5.6734014e-05,0.999943
/data/Zeyu/Pooling/cat_dog_data/test_set/test_set/cats/cat.4072.jpg,1,1,8.003913e-09,1.0
/data/Zeyu/Pooling/cat_dog_data/test_set/test_set/cats/cat.4073.jpg,1,1,4.7255767e-12,1.0
/data/Zeyu/Pooling/cat_dog_data/test_set/test_set/cats/cat.4074.jpg,1,1,7.5986536e-06,0.9999924
/data/Zeyu/Pooling/cat_dog_data/test_set/test_set/cats/cat.4075.jpg,1,1,8.890248e-09,1.0
/data/Zeyu/Pooling/cat_dog_data/test_set/test_set/cats/cat.4076.jpg,1,1,0.00017412892,0.9998259
/data/Zeyu/Pooling/cat_dog_data/test_set/test_set/cats/cat.4077.jpg,1,1,5.9035307e-07,0.9999994
/data/Zeyu/Pooling/cat_dog_data/test_set/test_set/cats/cat.4078.jpg,1,1,9.803434e-10,1.0
/data/Zeyu/Pooling/cat_dog_data/test_set/test_set/cats/cat.4079.jpg,1,1,0.010411527,0.9895829
/data/Zeyu/Pooling/cat_dog_data/test_set/test_set/cats/cat.4080.jpg,1,1,0.0051528746,0.99484706
/data/Zeyu/Pooling/cat_dog_data/test_set/test_set/cats/cat.4081.jpg,1,1,6.935276e-11,1.0
/data/Zeyu/Pooling/cat_dog_data/test_set/test_set/cats/cat.4082.jpg,1,1,5.5437784e-05,0.99994457
/data/Zeyu/Pooling/cat_dog_data/test_set/test_set/cats/cat.4083.jpg,1,1,1.6833261e-10,1.0
/data/Zeyu/Pooling/cat_dog_data/test_set/test_set/cats/cat.4084.jpg,1,1,2.989596e-06,0.999997
/data/Zeyu/Pooling/cat_dog_data/test_set/test_set/cats/cat.4085.jpg,1,1,2.602855e-09,1.0
/data/Zeyu/Pooling/cat_dog_data/test_set/test_set/cats/cat.4086.jpg,1,1,0.00023352526,0.99976593
/data/Zeyu/Pooling/cat_dog_data/test_set/test_set/cats/cat.4087.jpg,1,1,4.262787e-10,1.0
/data/Zeyu/Pooling/cat_dog_data/test_set/test_set/cats/cat.4088.jpg,1,1,1.6424927e-09,1.0
/data/Zeyu/Pooling/cat_dog_data/test_set/test_set/cats/cat.4089.jpg,1,1,1.7466275e-06,0.9999982
/data/Zeyu/Pooling/cat_dog_data/test_set/test_set/cats/cat.4090.jpg,1,1,8.0927695e-11,1.0
/data/Zeyu/Pooling/cat_dog_data/test_set/test_set/cats/cat.4091.jpg,1,1,4.971594e-07,0.9999995
/data/Zeyu/Pooling/cat_dog_data/test_set/test_set/cats/cat.4092.jpg,1,1,5.980471e-06,0.99999404
/data/Zeyu/Pooling/cat_dog_data/test_set/test_set/cats/cat.4093.jpg,1,1,3.4187726e-09,1.0
/data/Zeyu/Pooling/cat_dog_data/test_set/test_set/cats/cat.4094.jpg,1,1,5.4144806e-07,0.9999994
/data/Zeyu/Pooling/cat_dog_data/test_set/test_set/cats/cat.4095.jpg,1,1,3.8308766e-08,1.0
/data/Zeyu/Pooling/cat_dog_data/test_set/test_set/cats/cat.4096.jpg,1,1,0.0008750505,0.9991247
/data/Zeyu/Pooling/cat_dog_data/test_set/test_set/cats/cat.4097.jpg,1,1,3.5702938e-06,0.9999964
/data/Zeyu/Pooling/cat_dog_data/test_set/test_set/cats/cat.4098.jpg,1,1,6.9377717e-07,0.9999993
/data/Zeyu/Pooling/cat_dog_data/test_set/test_set/cats/cat.4099.jpg,1,1,0.21901856,0.7809534
/data/Zeyu/Pooling/cat_dog_data/test_set/test_set/cats/cat.4100.jpg,1,1,0.00071901956,0.9992791
/data/Zeyu/Pooling/cat_dog_data/test_set/test_set/cats/cat.4101.jpg,1,1,0.0021272583,0.9978678
/data/Zeyu/Pooling/cat_dog_data/test_set/test_set/cats/cat.4102.jpg,1,1,3.900841e-05,0.9999609
/data/Zeyu/Pooling/cat_dog_data/test_set/test_set/cats/cat.4103.jpg,1,1,1.6703511e-06,0.99999833
/data/Zeyu/Pooling/cat_dog_data/test_set/test_set/cats/cat.4104.jpg,1,1,0.00013899975,0.999861
/data/Zeyu/Pooling/cat_dog_data/test_set/test_set/cats/cat.4105.jpg,1,1,0.03557584,0.9644172
/data/Zeyu/Pooling/cat_dog_data/test_set/test_set/cats/cat.4106.jpg,1,1,0.020423321,0.97957313
/data/Zeyu/Pooling/cat_dog_data/test_set/test_set/cats/cat.4107.jpg,1,1,0.006636908,0.9933602
/data/Zeyu/Pooling/cat_dog_data/test_set/test_set/cats/cat.4108.jpg,1,1,2.8777878e-08,1.0
/data/Zeyu/Pooling/cat_dog_data/test_set/test_set/cats/cat.4109.jpg,1,1,2.8813284e-07,0.99999976
/data/Zeyu/Pooling/cat_dog_data/test_set/test_set/cats/cat.4110.jpg,1,1,0.00019897142,0.99980074
/data/Zeyu/Pooling/cat_dog_data/test_set/test_set/cats/cat.4111.jpg,1,1,1.8771365e-07,0.99999976
/data/Zeyu/Pooling/cat_dog_data/test_set/test_set/cats/cat.4112.jpg,1,1,0.0005815967,0.9994184
/data/Zeyu/Pooling/cat_dog_data/test_set/test_set/cats/cat.4113.jpg,1,1,5.9023023e-05,0.999941
/data/Zeyu/Pooling/cat_dog_data/test_set/test_set/cats/cat.4114.jpg,1,1,9.114789e-05,0.99990845
/data/Zeyu/Pooling/cat_dog_data/test_set/test_set/cats/cat.4115.jpg,1,0,0.5203896,0.47958967
/data/Zeyu/Pooling/cat_dog_data/test_set/test_set/cats/cat.4116.jpg,1,1,7.5985207e-07,0.9999993
/data/Zeyu/Pooling/cat_dog_data/test_set/test_set/cats/cat.4117.jpg,1,1,0.00012480955,0.99987435
/data/Zeyu/Pooling/cat_dog_data/test_set/test_set/cats/cat.4118.jpg,1,1,1.0079794e-06,0.99999905
/data/Zeyu/Pooling/cat_dog_data/test_set/test_set/cats/cat.4119.jpg,1,1,9.279071e-13,1.0
/data/Zeyu/Pooling/cat_dog_data/test_set/test_set/cats/cat.4120.jpg,1,1,0.00088473456,0.99911445
/data/Zeyu/Pooling/cat_dog_data/test_set/test_set/cats/cat.4121.jpg,1,1,3.0279678e-06,0.999997
/data/Zeyu/Pooling/cat_dog_data/test_set/test_set/cats/cat.4122.jpg,1,1,9.028668e-12,1.0
/data/Zeyu/Pooling/cat_dog_data/test_set/test_set/cats/cat.4123.jpg,1,1,0.000118269374,0.9998814
/data/Zeyu/Pooling/cat_dog_data/test_set/test_set/cats/cat.4124.jpg,1,0,0.96959215,0.030396044
/data/Zeyu/Pooling/cat_dog_data/test_set/test_set/cats/cat.4125.jpg,1,1,0.037208796,0.9627872
/data/Zeyu/Pooling/cat_dog_data/test_set/test_set/cats/cat.4126.jpg,1,1,3.5526187e-05,0.9999645
/data/Zeyu/Pooling/cat_dog_data/test_set/test_set/cats/cat.4127.jpg,1,1,1.0379863e-06,0.9999989
/data/Zeyu/Pooling/cat_dog_data/test_set/test_set/cats/cat.4128.jpg,1,1,7.948941e-10,1.0
/data/Zeyu/Pooling/cat_dog_data/test_set/test_set/cats/cat.4001.jpg,1,1,1.1120447e-09,1.0
/data/Zeyu/Pooling/cat_dog_data/test_set/test_set/cats/cat.4002.jpg,1,1,2.0656394e-06,0.999998
/data/Zeyu/Pooling/cat_dog_data/test_set/test_set/cats/cat.4003.jpg,1,1,4.089907e-06,0.99999595
/data/Zeyu/Pooling/cat_dog_data/test_set/test_set/cats/cat.4004.jpg,1,1,3.5012278e-07,0.99999964
/data/Zeyu/Pooling/cat_dog_data/test_set/test_set/cats/cat.4005.jpg,1,1,3.743196e-09,1.0
/data/Zeyu/Pooling/cat_dog_data/test_set/test_set/cats/cat.4006.jpg,1,1,2.1986054e-06,0.99999785
/data/Zeyu/Pooling/cat_dog_data/test_set/test_set/cats/cat.4007.jpg,1,1,1.017251e-05,0.99998987
/data/Zeyu/Pooling/cat_dog_data/test_set/test_set/cats/cat.4008.jpg,1,1,0.0015018105,0.9984981
/data/Zeyu/Pooling/cat_dog_data/test_set/test_set/cats/cat.4009.jpg,1,1,4.4169212e-08,1.0
/data/Zeyu/Pooling/cat_dog_data/test_set/test_set/cats/cat.4010.jpg,1,1,1.813097e-06,0.9999982
/data/Zeyu/Pooling/cat_dog_data/test_set/test_set/cats/cat.4011.jpg,1,1,1.667768e-07,0.9999999
/data/Zeyu/Pooling/cat_dog_data/test_set/test_set/cats/cat.4012.jpg,1,1,0.068583034,0.93139404
/data/Zeyu/Pooling/cat_dog_data/test_set/test_set/cats/cat.4013.jpg,1,1,1.5667717e-10,1.0
/data/Zeyu/Pooling/cat_dog_data/test_set/test_set/cats/cat.4014.jpg,1,1,2.248475e-07,0.99999976
/data/Zeyu/Pooling/cat_dog_data/test_set/test_set/cats/cat.4015.jpg,1,1,4.4017912e-07,0.9999995
/data/Zeyu/Pooling/cat_dog_data/test_set/test_set/cats/cat.4016.jpg,1,1,5.8108428e-05,0.9999416
/data/Zeyu/Pooling/cat_dog_data/test_set/test_set/cats/cat.4017.jpg,1,1,3.8644695e-05,0.99996126
/data/Zeyu/Pooling/cat_dog_data/test_set/test_set/cats/cat.4018.jpg,1,1,7.901799e-06,0.999992
/data/Zeyu/Pooling/cat_dog_data/test_set/test_set/cats/cat.4019.jpg,1,1,3.3750417e-05,0.99996626
/data/Zeyu/Pooling/cat_dog_data/test_set/test_set/cats/cat.4020.jpg,1,0,0.63436884,0.36560923
/data/Zeyu/Pooling/cat_dog_data/test_set/test_set/cats/cat.4021.jpg,1,1,1.1210428e-06,0.9999989
/data/Zeyu/Pooling/cat_dog_data/test_set/test_set/cats/cat.4022.jpg,1,1,6.8818525e-07,0.9999993
/data/Zeyu/Pooling/cat_dog_data/test_set/test_set/cats/cat.4023.jpg,1,1,4.632011e-07,0.9999995
/data/Zeyu/Pooling/cat_dog_data/test_set/test_set/cats/cat.4024.jpg,1,1,7.68266e-10,1.0
/data/Zeyu/Pooling/cat_dog_data/test_set/test_set/cats/cat.4025.jpg,1,1,2.0957935e-09,1.0
/data/Zeyu/Pooling/cat_dog_data/test_set/test_set/cats/cat.4026.jpg,1,1,4.5608264e-11,1.0
/data/Zeyu/Pooling/cat_dog_data/test_set/test_set/cats/cat.4027.jpg,1,1,0.010973071,0.98902696
/data/Zeyu/Pooling/cat_dog_data/test_set/test_set/cats/cat.4028.jpg,1,1,0.0006292485,0.99936765
/data/Zeyu/Pooling/cat_dog_data/test_set/test_set/cats/cat.4029.jpg,1,1,2.4701123e-09,1.0
/data/Zeyu/Pooling/cat_dog_data/test_set/test_set/cats/cat.4030.jpg,1,1,0.0010777521,0.9989209
/data/Zeyu/Pooling/cat_dog_data/test_set/test_set/cats/cat.4031.jpg,1,1,1.8438313e-10,1.0
/data/Zeyu/Pooling/cat_dog_data/test_set/test_set/cats/cat.4032.jpg,1,1,1.3682705e-06,0.9999987
/data/Zeyu/Pooling/cat_dog_data/test_set/test_set/cats/cat.4033.jpg,1,1,0.012258221,0.9877301
/data/Zeyu/Pooling/cat_dog_data/test_set/test_set/cats/cat.4034.jpg,1,1,7.3190017e-06,0.9999927
/data/Zeyu/Pooling/cat_dog_data/test_set/test_set/cats/cat.4035.jpg,1,1,4.212743e-08,1.0
/data/Zeyu/Pooling/cat_dog_data/test_set/test_set/cats/cat.4036.jpg,1,1,1.075281e-05,0.9999889
/data/Zeyu/Pooling/cat_dog_data/test_set/test_set/cats/cat.4037.jpg,1,1,0.001020707,0.9989779
/data/Zeyu/Pooling/cat_dog_data/test_set/test_set/cats/cat.4038.jpg,1,1,3.535362e-05,0.9999646
/data/Zeyu/Pooling/cat_dog_data/test_set/test_set/cats/cat.4039.jpg,1,1,6.167018e-07,0.9999994
/data/Zeyu/Pooling/cat_dog_data/test_set/test_set/cats/cat.4040.jpg,1,1,1.2315628e-05,0.9999877
/data/Zeyu/Pooling/cat_dog_data/test_set/test_set/cats/cat.4041.jpg,1,1,2.9111745e-06,0.99999714
/data/Zeyu/Pooling/cat_dog_data/test_set/test_set/cats/cat.4042.jpg,1,1,4.370421e-11,1.0
/data/Zeyu/Pooling/cat_dog_data/test_set/test_set/cats/cat.4043.jpg,1,1,0.0028595957,0.9971385
/data/Zeyu/Pooling/cat_dog_data/test_set/test_set/cats/cat.4044.jpg,1,1,2.5240938e-08,1.0
/data/Zeyu/Pooling/cat_dog_data/test_set/test_set/cats/cat.4045.jpg,1,1,9.2577906e-08,0.9999999
/data/Zeyu/Pooling/cat_dog_data/test_set/test_set/cats/cat.4046.jpg,1,1,0.00014464674,0.99985504
/data/Zeyu/Pooling/cat_dog_data/test_set/test_set/cats/cat.4047.jpg,1,1,0.00033994002,0.9996598
/data/Zeyu/Pooling/cat_dog_data/test_set/test_set/cats/cat.4048.jpg,1,1,3.978144e-07,0.99999964
/data/Zeyu/Pooling/cat_dog_data/test_set/test_set/cats/cat.4049.jpg,1,1,2.2325585e-07,0.99999976
/data/Zeyu/Pooling/cat_dog_data/test_set/test_set/cats/cat.4050.jpg,1,1,8.66932e-05,0.9999132
/data/Zeyu/Pooling/cat_dog_data/test_set/test_set/cats/cat.4051.jpg,1,1,3.887339e-08,1.0
/data/Zeyu/Pooling/cat_dog_data/test_set/test_set/cats/cat.4052.jpg,1,1,0.00020025637,0.9997987
/data/Zeyu/Pooling/cat_dog_data/test_set/test_set/cats/cat.4053.jpg,1,1,2.320382e-08,1.0
/data/Zeyu/Pooling/cat_dog_data/test_set/test_set/cats/cat.4054.jpg,1,1,4.3753007e-05,0.999956
/data/Zeyu/Pooling/cat_dog_data/test_set/test_set/cats/cat.4055.jpg,1,1,2.254436e-09,1.0
/data/Zeyu/Pooling/cat_dog_data/test_set/test_set/cats/cat.4056.jpg,1,1,6.514927e-11,1.0
/data/Zeyu/Pooling/cat_dog_data/test_set/test_set/cats/cat.4057.jpg,1,1,5.5992013e-11,1.0
/data/Zeyu/Pooling/cat_dog_data/test_set/test_set/cats/cat.4058.jpg,1,1,6.234907e-07,0.9999994
/data/Zeyu/Pooling/cat_dog_data/test_set/test_set/cats/cat.4059.jpg,1,1,0.00085136655,0.999146
/data/Zeyu/Pooling/cat_dog_data/test_set/test_set/cats/cat.4060.jpg,1,1,0.017159425,0.9828386
/data/Zeyu/Pooling/cat_dog_data/test_set/test_set/cats/cat.4061.jpg,1,1,3.971514e-07,0.99999964
/data/Zeyu/Pooling/cat_dog_data/test_set/test_set/cats/cat.4062.jpg,1,1,0.00033262916,0.9996668
/data/Zeyu/Pooling/cat_dog_data/test_set/test_set/cats/cat.4063.jpg,1,1,7.9677637e-10,1.0
/data/Zeyu/Pooling/cat_dog_data/test_set/test_set/cats/cat.4064.jpg,1,1,4.5295433e-06,0.99999547
/data/Zeyu/Pooling/cat_dog_data/test_set/test_set/cats/cat.4065.jpg,1,1,2.4906255e-09,1.0
/data/Zeyu/Pooling/cat_dog_data/test_set/test_set/cats/cat.4066.jpg,1,1,4.925543e-07,0.9999995
/data/Zeyu/Pooling/cat_dog_data/test_set/test_set/cats/cat.4067.jpg,1,1,6.063861e-05,0.9999391
/data/Zeyu/Pooling/cat_dog_data/test_set/test_set/cats/cat.4068.jpg,1,1,7.6372664e-10,1.0
/data/Zeyu/Pooling/cat_dog_data/test_set/test_set/cats/cat.4069.jpg,1,1,3.9251313e-06,0.99999607
/data/Zeyu/Pooling/cat_dog_data/test_set/test_set/cats/cat.4070.jpg,1,1,1.3397877e-05,0.99998665
/data/Zeyu/Pooling/cat_dog_data/test_set/test_set/cats/cat.4071.jpg,1,1,1.9608365e-06,0.9999981
/data/Zeyu/Pooling/cat_dog_data/test_set/test_set/cats/cat.4072.jpg,1,1,0.008923193,0.9910732
/data/Zeyu/Pooling/cat_dog_data/test_set/test_set/cats/cat.4073.jpg,1,1,9.9036945e-11,1.0
/data/Zeyu/Pooling/cat_dog_data/test_set/test_set/cats/cat.4074.jpg,1,1,1.2357361e-10,1.0
/data/Zeyu/Pooling/cat_dog_data/test_set/test_set/cats/cat.4075.jpg,1,1,1.9697236e-06,0.999998
/data/Zeyu/Pooling/cat_dog_data/test_set/test_set/cats/cat.4076.jpg,1,1,9.808407e-06,0.9999902
/data/Zeyu/Pooling/cat_dog_data/test_set/test_set/cats/cat.4077.jpg,1,1,2.9711975e-06,0.999997
/data/Zeyu/Pooling/cat_dog_data/test_set/test_set/cats/cat.4078.jpg,1,1,0.00012903147,0.9998709
/data/Zeyu/Pooling/cat_dog_data/test_set/test_set/cats/cat.4079.jpg,1,1,5.099729e-07,0.9999995
/data/Zeyu/Pooling/cat_dog_data/test_set/test_set/cats/cat.4080.jpg,1,1,2.6575474e-06,0.9999974
/data/Zeyu/Pooling/cat_dog_data/test_set/test_set/cats/cat.4081.jpg,1,1,2.2901438e-06,0.99999774
/data/Zeyu/Pooling/cat_dog_data/test_set/test_set/cats/cat.4082.jpg,1,1,2.6183494e-10,1.0
/data/Zeyu/Pooling/cat_dog_data/test_set/test_set/cats/cat.4083.jpg,1,1,6.9760273e-07,0.9999993
/data/Zeyu/Pooling/cat_dog_data/test_set/test_set/cats/cat.4084.jpg,1,1,1.2594801e-06,0.9999987
/data/Zeyu/Pooling/cat_dog_data/test_set/test_set/cats/cat.4085.jpg,1,1,1.7590373e-05,0.99998236
/data/Zeyu/Pooling/cat_dog_data/test_set/test_set/cats/cat.4086.jpg,1,1,1.0347129e-06,0.9999989
/data/Zeyu/Pooling/cat_dog_data/test_set/test_set/cats/cat.4087.jpg,1,1,0.0014292022,0.9985707
/data/Zeyu/Pooling/cat_dog_data/test_set/test_set/cats/cat.4088.jpg,1,1,1.8727105e-10,1.0
/data/Zeyu/Pooling/cat_dog_data/test_set/test_set/cats/cat.4089.jpg,1,1,0.029940229,0.97005886
/data/Zeyu/Pooling/cat_dog_data/test_set/test_set/cats/cat.4090.jpg,1,1,2.4576457e-05,0.99997544
/data/Zeyu/Pooling/cat_dog_data/test_set/test_set/cats/cat.4091.jpg,1,1,0.00019623233,0.99980336
/data/Zeyu/Pooling/cat_dog_data/test_set/test_set/cats/cat.4092.jpg,1,1,3.1569311e-06,0.9999968
/data/Zeyu/Pooling/cat_dog_data/test_set/test_set/cats/cat.4093.jpg,1,1,7.195064e-05,0.999928
/data/Zeyu/Pooling/cat_dog_data/test_set/test_set/cats/cat.4094.jpg,1,1,3.751621e-10,1.0
/data/Zeyu/Pooling/cat_dog_data/test_set/test_set/cats/cat.4095.jpg,1,1,3.1142665e-08,1.0
/data/Zeyu/Pooling/cat_dog_data/test_set/test_set/cats/cat.4096.jpg,1,1,0.008705575,0.99128914
/data/Zeyu/Pooling/cat_dog_data/test_set/test_set/cats/cat.4097.jpg,1,1,6.4590818e-06,0.99999356
/data/Zeyu/Pooling/cat_dog_data/test_set/test_set/cats/cat.4098.jpg,1,1,0.041336935,0.95865005
/data/Zeyu/Pooling/cat_dog_data/test_set/test_set/cats/cat.4099.jpg,1,1,1.9853921e-10,1.0
/data/Zeyu/Pooling/cat_dog_data/test_set/test_set/cats/cat.4100.jpg,1,1,9.126922e-06,0.9999908
/data/Zeyu/Pooling/cat_dog_data/test_set/test_set/cats/cat.4101.jpg,1,0,0.52985376,0.47013298
/data/Zeyu/Pooling/cat_dog_data/test_set/test_set/cats/cat.4102.jpg,1,1,5.709688e-07,0.9999994
/data/Zeyu/Pooling/cat_dog_data/test_set/test_set/cats/cat.4103.jpg,1,1,2.7319154e-06,0.99999726
