Filename,True_Label,Predicted_Label,ResNet34_Original_class0_prob,ResNet34_Original_class1_prob
/data/Zeyu/Pooling/cat_dog_data/test_set/test_set/cats/cat.4001.jpg,0,0,0.9996642,5.884522e-07
/data/Zeyu/Pooling/cat_dog_data/test_set/test_set/cats/cat.4002.jpg,0,0,0.9990709,0.0006679787
/data/Zeyu/Pooling/cat_dog_data/test_set/test_set/cats/cat.4003.jpg,0,0,0.99999607,1.543435e-13
/data/Zeyu/Pooling/cat_dog_data/test_set/test_set/cats/cat.4004.jpg,0,0,0.99991333,1.92704e-09
/data/Zeyu/Pooling/cat_dog_data/test_set/test_set/cats/cat.4005.jpg,0,0,0.9999654,3.1047336e-09
/data/Zeyu/Pooling/cat_dog_data/test_set/test_set/cats/cat.4006.jpg,0,0,0.99990296,8.49573e-06
/data/Zeyu/Pooling/cat_dog_data/test_set/test_set/cats/cat.4007.jpg,0,0,0.9999368,1.246977e-07
/data/Zeyu/Pooling/cat_dog_data/test_set/test_set/cats/cat.4008.jpg,0,1,0.014543092,0.98539656
/data/Zeyu/Pooling/cat_dog_data/test_set/test_set/cats/cat.4009.jpg,0,0,0.9999577,1.9464725e-08
/data/Zeyu/Pooling/cat_dog_data/test_set/test_set/cats/cat.4010.jpg,0,0,0.99977654,9.65583e-07
/data/Zeyu/Pooling/cat_dog_data/test_set/test_set/cats/cat.4011.jpg,0,0,0.99538344,0.004276753
/data/Zeyu/Pooling/cat_dog_data/test_set/test_set/cats/cat.4012.jpg,0,0,0.9948278,0.004853154
/data/Zeyu/Pooling/cat_dog_data/test_set/test_set/cats/cat.4013.jpg,0,0,0.9999751,1.0006488e-11
/data/Zeyu/Pooling/cat_dog_data/test_set/test_set/cats/cat.4014.jpg,0,0,0.99996674,8.739939e-11
/data/Zeyu/Pooling/cat_dog_data/test_set/test_set/cats/cat.4015.jpg,0,0,0.9654029,0.034165844
/data/Zeyu/Pooling/cat_dog_data/test_set/test_set/cats/cat.4016.jpg,0,0,0.9982734,0.0012234303
/data/Zeyu/Pooling/cat_dog_data/test_set/test_set/cats/cat.4017.jpg,0,0,0.99973804,7.5040334e-05
/data/Zeyu/Pooling/cat_dog_data/test_set/test_set/cats/cat.4018.jpg,0,0,0.99993646,4.723022e-09
/data/Zeyu/Pooling/cat_dog_data/test_set/test_set/cats/cat.4019.jpg,0,0,0.9999913,1.7458233e-09
/data/Zeyu/Pooling/cat_dog_data/test_set/test_set/cats/cat.4020.jpg,0,0,0.99991024,9.563818e-09
/data/Zeyu/Pooling/cat_dog_data/test_set/test_set/cats/cat.4021.jpg,0,0,0.9999616,9.328075e-10
/data/Zeyu/Pooling/cat_dog_data/test_set/test_set/cats/cat.4022.jpg,0,0,0.9999541,1.7653499e-09
/data/Zeyu/Pooling/cat_dog_data/test_set/test_set/cats/cat.4023.jpg,0,0,0.9999392,5.644824e-09
/data/Zeyu/Pooling/cat_dog_data/test_set/test_set/cats/cat.4024.jpg,0,0,0.99966455,9.587269e-06
/data/Zeyu/Pooling/cat_dog_data/test_set/test_set/cats/cat.4025.jpg,0,0,0.99980015,2.788754e-06
/data/Zeyu/Pooling/cat_dog_data/test_set/test_set/cats/cat.4026.jpg,0,0,0.99895847,0.0009016561
/data/Zeyu/Pooling/cat_dog_data/test_set/test_set/cats/cat.4027.jpg,0,0,0.9999654,2.3111576e-07
/data/Zeyu/Pooling/cat_dog_data/test_set/test_set/cats/cat.4028.jpg,0,0,0.9999771,6.845401e-10
/data/Zeyu/Pooling/cat_dog_data/test_set/test_set/cats/cat.4029.jpg,0,0,0.9999653,3.1759115e-09
/data/Zeyu/Pooling/cat_dog_data/test_set/test_set/cats/cat.4030.jpg,0,0,0.99988675,1.6443372e-06
/data/Zeyu/Pooling/cat_dog_data/test_set/test_set/cats/cat.4031.jpg,0,0,0.9992212,0.00030970917
/data/Zeyu/Pooling/cat_dog_data/test_set/test_set/cats/cat.4032.jpg,0,0,0.9999449,1.30334e-09
/data/Zeyu/Pooling/cat_dog_data/test_set/test_set/cats/cat.4033.jpg,0,0,0.9999002,1.2697891e-06
/data/Zeyu/Pooling/cat_dog_data/test_set/test_set/cats/cat.4034.jpg,0,0,0.99993575,2.6157516e-09
/data/Zeyu/Pooling/cat_dog_data/test_set/test_set/cats/cat.4035.jpg,0,0,0.9998996,4.029691e-06
/data/Zeyu/Pooling/cat_dog_data/test_set/test_set/cats/cat.4036.jpg,0,0,0.9999331,2.7506902e-08
/data/Zeyu/Pooling/cat_dog_data/test_set/test_set/cats/cat.4037.jpg,0,0,0.99993885,1.9756609e-10
/data/Zeyu/Pooling/cat_dog_data/test_set/test_set/cats/cat.4038.jpg,0,0,0.99949217,0.0003401945
/data/Zeyu/Pooling/cat_dog_data/test_set/test_set/cats/cat.4039.jpg,0,0,0.9992798,0.0005241629
/data/Zeyu/Pooling/cat_dog_data/test_set/test_set/cats/cat.4040.jpg,0,0,0.999948,5.5119266e-08
/data/Zeyu/Pooling/cat_dog_data/test_set/test_set/cats/cat.4041.jpg,0,0,0.9999962,9.485534e-14
/data/Zeyu/Pooling/cat_dog_data/test_set/test_set/cats/cat.4042.jpg,0,0,0.5109241,0.4872766
/data/Zeyu/Pooling/cat_dog_data/test_set/test_set/cats/cat.4043.jpg,0,0,0.9999604,1.5308242e-08
/data/Zeyu/Pooling/cat_dog_data/test_set/test_set/cats/cat.4044.jpg,0,0,0.961277,0.03824241
/data/Zeyu/Pooling/cat_dog_data/test_set/test_set/cats/cat.4045.jpg,0,0,0.9999546,1.1693099e-09
/data/Zeyu/Pooling/cat_dog_data/test_set/test_set/cats/cat.4046.jpg,0,0,0.99994695,1.7703032e-10
/data/Zeyu/Pooling/cat_dog_data/test_set/test_set/cats/cat.4047.jpg,0,0,0.99938905,0.00052052975
/data/Zeyu/Pooling/cat_dog_data/test_set/test_set/cats/cat.4048.jpg,0,0,0.9999213,5.368189e-10
/data/Zeyu/Pooling/cat_dog_data/test_set/test_set/cats/cat.4049.jpg,0,0,0.9998715,8.794886e-08
/data/Zeyu/Pooling/cat_dog_data/test_set/test_set/cats/cat.4050.jpg,0,0,0.99439055,0.0053421115
/data/Zeyu/Pooling/cat_dog_data/test_set/test_set/cats/cat.4051.jpg,0,0,0.9999708,4.606592e-11
/data/Zeyu/Pooling/cat_dog_data/test_set/test_set/cats/cat.4052.jpg,0,0,0.9998399,3.264135e-08
/data/Zeyu/Pooling/cat_dog_data/test_set/test_set/cats/cat.4053.jpg,0,0,0.9996605,2.1146216e-05
/data/Zeyu/Pooling/cat_dog_data/test_set/test_set/cats/cat.4054.jpg,0,0,0.99995506,1.4274163e-08
/data/Zeyu/Pooling/cat_dog_data/test_set/test_set/cats/cat.4055.jpg,0,0,0.9999106,4.5854082e-07
/data/Zeyu/Pooling/cat_dog_data/test_set/test_set/cats/cat.4056.jpg,0,0,0.9985279,0.0011876214
/data/Zeyu/Pooling/cat_dog_data/test_set/test_set/cats/cat.4057.jpg,0,0,0.99994755,1.1552183e-07
/data/Zeyu/Pooling/cat_dog_data/test_set/test_set/cats/cat.4058.jpg,0,0,0.6867511,0.31259647
/data/Zeyu/Pooling/cat_dog_data/test_set/test_set/cats/cat.4059.jpg,0,0,0.9999722,7.1892975e-07
/data/Zeyu/Pooling/cat_dog_data/test_set/test_set/cats/cat.4060.jpg,0,0,0.99994683,2.5285732e-10
/data/Zeyu/Pooling/cat_dog_data/test_set/test_set/cats/cat.4061.jpg,0,0,0.9999858,2.354164e-10
/data/Zeyu/Pooling/cat_dog_data/test_set/test_set/cats/cat.4062.jpg,0,0,0.9999826,7.01657e-11
/data/Zeyu/Pooling/cat_dog_data/test_set/test_set/cats/cat.4063.jpg,0,0,0.9999634,3.0330334e-08
/data/Zeyu/Pooling/cat_dog_data/test_set/test_set/cats/cat.4064.jpg,0,0,0.9998491,1.9850852e-06
/data/Zeyu/Pooling/cat_dog_data/test_set/test_set/cats/cat.4065.jpg,0,0,0.99997544,2.0821752e-13
/data/Zeyu/Pooling/cat_dog_data/test_set/test_set/cats/cat.4066.jpg,0,0,0.9998006,9.98775e-05
/data/Zeyu/Pooling/cat_dog_data/test_set/test_set/cats/cat.4067.jpg,0,0,0.9999944,5.1713026e-17
/data/Zeyu/Pooling/cat_dog_data/test_set/test_set/cats/cat.4068.jpg,0,0,0.99997973,6.9958297e-13
/data/Zeyu/Pooling/cat_dog_data/test_set/test_set/cats/cat.4069.jpg,0,0,0.6335213,0.36601678
/data/Zeyu/Pooling/cat_dog_data/test_set/test_set/cats/cat.4070.jpg,0,0,0.9999852,2.6064838e-12
/data/Zeyu/Pooling/cat_dog_data/test_set/test_set/cats/cat.4071.jpg,0,0,0.9997378,0.00017798573
/data/Zeyu/Pooling/cat_dog_data/test_set/test_set/cats/cat.4072.jpg,0,0,0.97978777,0.019798089
/data/Zeyu/Pooling/cat_dog_data/test_set/test_set/cats/cat.4073.jpg,0,0,0.9999399,9.806328e-09
/data/Zeyu/Pooling/cat_dog_data/test_set/test_set/cats/cat.4074.jpg,0,0,0.9999584,3.6673154e-11
/data/Zeyu/Pooling/cat_dog_data/test_set/test_set/cats/cat.4075.jpg,0,0,0.99985087,1.0766481e-05
/data/Zeyu/Pooling/cat_dog_data/test_set/test_set/cats/cat.4076.jpg,0,1,0.07140145,0.9283894
/data/Zeyu/Pooling/cat_dog_data/test_set/test_set/cats/cat.4077.jpg,0,0,0.9999827,4.7309715e-11
/data/Zeyu/Pooling/cat_dog_data/test_set/test_set/cats/cat.4078.jpg,0,0,0.9999603,7.936608e-11
/data/Zeyu/Pooling/cat_dog_data/test_set/test_set/cats/cat.4079.jpg,0,0,0.99997056,8.545042e-10
/data/Zeyu/Pooling/cat_dog_data/test_set/test_set/cats/cat.4080.jpg,0,0,0.9998555,3.2703724e-09
/data/Zeyu/Pooling/cat_dog_data/test_set/test_set/cats/cat.4081.jpg,0,0,0.9998473,3.3569233e-08
/data/Zeyu/Pooling/cat_dog_data/test_set/test_set/cats/cat.4082.jpg,0,0,0.9999924,6.5221164e-14
/data/Zeyu/Pooling/cat_dog_data/test_set/test_set/cats/cat.4083.jpg,0,0,0.99999464,2.464118e-13
/data/Zeyu/Pooling/cat_dog_data/test_set/test_set/cats/cat.4084.jpg,0,0,0.99999297,6.954875e-14
/data/Zeyu/Pooling/cat_dog_data/test_set/test_set/cats/cat.4085.jpg,0,1,2.9365e-14,0.99996257
/data/Zeyu/Pooling/cat_dog_data/test_set/test_set/cats/cat.4086.jpg,0,0,0.99985206,4.3620104e-05
/data/Zeyu/Pooling/cat_dog_data/test_set/test_set/cats/cat.4087.jpg,0,0,0.9926604,0.007052361
/data/Zeyu/Pooling/cat_dog_data/test_set/test_set/cats/cat.4088.jpg,0,0,0.9999863,6.5657683e-12
/data/Zeyu/Pooling/cat_dog_data/test_set/test_set/cats/cat.4089.jpg,0,0,0.99972063,1.7559662e-05
/data/Zeyu/Pooling/cat_dog_data/test_set/test_set/cats/cat.4090.jpg,0,0,0.9975127,0.0021491172
/data/Zeyu/Pooling/cat_dog_data/test_set/test_set/cats/cat.4091.jpg,0,0,0.9998392,3.388832e-07
/data/Zeyu/Pooling/cat_dog_data/test_set/test_set/cats/cat.4092.jpg,0,0,0.99990475,1.4274317e-08
/data/Zeyu/Pooling/cat_dog_data/test_set/test_set/cats/cat.4093.jpg,0,0,0.99999464,1.6368192e-14
/data/Zeyu/Pooling/cat_dog_data/test_set/test_set/cats/cat.4094.jpg,0,0,0.99982375,2.075718e-05
/data/Zeyu/Pooling/cat_dog_data/test_set/test_set/cats/cat.4095.jpg,0,0,0.9998047,1.1283635e-08
/data/Zeyu/Pooling/cat_dog_data/test_set/test_set/cats/cat.4096.jpg,0,0,0.99986565,2.575593e-05
/data/Zeyu/Pooling/cat_dog_data/test_set/test_set/cats/cat.4097.jpg,0,0,0.99998176,5.8745214e-12
/data/Zeyu/Pooling/cat_dog_data/test_set/test_set/cats/cat.4098.jpg,0,0,0.9999839,1.8461081e-12
/data/Zeyu/Pooling/cat_dog_data/test_set/test_set/cats/cat.4099.jpg,0,0,0.9999486,1.3207144e-09
/data/Zeyu/Pooling/cat_dog_data/test_set/test_set/cats/cat.4100.jpg,0,0,0.5673966,0.4317798
/data/Zeyu/Pooling/cat_dog_data/test_set/test_set/cats/cat.4101.jpg,0,0,0.9998411,1.1204668e-05
/data/Zeyu/Pooling/cat_dog_data/test_set/test_set/cats/cat.4102.jpg,0,0,0.9999411,1.6334571e-10
/data/Zeyu/Pooling/cat_dog_data/test_set/test_set/cats/cat.4103.jpg,0,0,0.9998977,3.3427276e-07
/data/Zeyu/Pooling/cat_dog_data/test_set/test_set/cats/cat.4104.jpg,0,0,0.97804683,0.021421915
/data/Zeyu/Pooling/cat_dog_data/test_set/test_set/cats/cat.4105.jpg,0,0,0.89246047,0.107073545
/data/Zeyu/Pooling/cat_dog_data/test_set/test_set/cats/cat.4106.jpg,0,0,0.9999527,8.621407e-10
/data/Zeyu/Pooling/cat_dog_data/test_set/test_set/cats/cat.4107.jpg,0,0,0.9999131,4.843092e-08
/data/Zeyu/Pooling/cat_dog_data/test_set/test_set/cats/cat.4108.jpg,0,0,0.99983025,2.8724098e-05
/data/Zeyu/Pooling/cat_dog_data/test_set/test_set/cats/cat.4109.jpg,0,0,0.9998907,4.7946885e-10
/data/Zeyu/Pooling/cat_dog_data/test_set/test_set/cats/cat.4110.jpg,0,0,0.99999464,8.308804e-15
/data/Zeyu/Pooling/cat_dog_data/test_set/test_set/cats/cat.4111.jpg,0,0,0.9996226,7.504096e-05
/data/Zeyu/Pooling/cat_dog_data/test_set/test_set/cats/cat.4112.jpg,0,0,0.9994337,8.357536e-05
/data/Zeyu/Pooling/cat_dog_data/test_set/test_set/cats/cat.4113.jpg,0,0,0.9998373,5.814371e-09
/data/Zeyu/Pooling/cat_dog_data/test_set/test_set/cats/cat.4114.jpg,0,0,0.99999654,2.551818e-15
/data/Zeyu/Pooling/cat_dog_data/test_set/test_set/cats/cat.4115.jpg,0,0,0.9999901,1.0451039e-12
/data/Zeyu/Pooling/cat_dog_data/test_set/test_set/cats/cat.4116.jpg,0,0,0.999728,8.913295e-05
/data/Zeyu/Pooling/cat_dog_data/test_set/test_set/cats/cat.4117.jpg,0,0,0.9999838,9.823418e-13
/data/Zeyu/Pooling/cat_dog_data/test_set/test_set/cats/cat.4118.jpg,0,0,0.9999757,2.1415833e-08
/data/Zeyu/Pooling/cat_dog_data/test_set/test_set/cats/cat.4119.jpg,0,0,0.9996643,1.2534239e-05
/data/Zeyu/Pooling/cat_dog_data/test_set/test_set/cats/cat.4120.jpg,0,0,0.88697165,0.1123119
/data/Zeyu/Pooling/cat_dog_data/test_set/test_set/cats/cat.4121.jpg,0,0,0.99993217,1.6431718e-08
/data/Zeyu/Pooling/cat_dog_data/test_set/test_set/cats/cat.4122.jpg,0,0,0.99988544,1.5998107e-10
/data/Zeyu/Pooling/cat_dog_data/test_set/test_set/cats/cat.4123.jpg,0,0,0.99998665,1.5098666e-12
/data/Zeyu/Pooling/cat_dog_data/test_set/test_set/cats/cat.4124.jpg,0,0,0.9999956,2.2501866e-12
/data/Zeyu/Pooling/cat_dog_data/test_set/test_set/cats/cat.4125.jpg,0,0,0.9987413,0.0005042632
/data/Zeyu/Pooling/cat_dog_data/test_set/test_set/cats/cat.4126.jpg,0,0,0.99940646,0.0004962646
/data/Zeyu/Pooling/cat_dog_data/test_set/test_set/cats/cat.4127.jpg,0,0,0.9999567,3.5088388e-09
/data/Zeyu/Pooling/cat_dog_data/test_set/test_set/cats/cat.4128.jpg,0,0,0.99998474,3.3713497e-11
/data/Zeyu/Pooling/cat_dog_data/test_set/test_set/cats/cat.4001.jpg,0,0,0.9994128,0.00045383637
/data/Zeyu/Pooling/cat_dog_data/test_set/test_set/cats/cat.4002.jpg,0,0,0.9999852,5.453979e-10
/data/Zeyu/Pooling/cat_dog_data/test_set/test_set/cats/cat.4003.jpg,0,0,0.999752,5.054831e-07
/data/Zeyu/Pooling/cat_dog_data/test_set/test_set/cats/cat.4004.jpg,0,0,0.99996316,9.667906e-11
/data/Zeyu/Pooling/cat_dog_data/test_set/test_set/cats/cat.4005.jpg,0,0,0.99989855,4.5202282e-06
/data/Zeyu/Pooling/cat_dog_data/test_set/test_set/cats/cat.4006.jpg,0,0,0.99895597,0.0005723469
/data/Zeyu/Pooling/cat_dog_data/test_set/test_set/cats/cat.4007.jpg,0,0,0.99997973,2.9725008e-08
/data/Zeyu/Pooling/cat_dog_data/test_set/test_set/cats/cat.4008.jpg,0,0,0.9987808,0.0008689151
/data/Zeyu/Pooling/cat_dog_data/test_set/test_set/cats/cat.4009.jpg,0,0,0.99998176,2.0791058e-12
/data/Zeyu/Pooling/cat_dog_data/test_set/test_set/cats/cat.4010.jpg,0,0,0.99991953,9.508904e-07
/data/Zeyu/Pooling/cat_dog_data/test_set/test_set/cats/cat.4011.jpg,0,0,0.999946,1.8694209e-08
/data/Zeyu/Pooling/cat_dog_data/test_set/test_set/cats/cat.4012.jpg,0,0,0.99991655,3.9214257e-08
/data/Zeyu/Pooling/cat_dog_data/test_set/test_set/cats/cat.4013.jpg,0,0,0.9999732,3.3641884e-10
/data/Zeyu/Pooling/cat_dog_data/test_set/test_set/cats/cat.4014.jpg,0,0,0.9762331,0.023350729
/data/Zeyu/Pooling/cat_dog_data/test_set/test_set/cats/cat.4015.jpg,0,0,0.9762331,0.023350729
/data/Zeyu/Pooling/cat_dog_data/test_set/test_set/cats/cat.4016.jpg,0,0,0.99963105,5.8842885e-05
/data/Zeyu/Pooling/cat_dog_data/test_set/test_set/cats/cat.4017.jpg,0,0,0.99991846,2.444262e-09
/data/Zeyu/Pooling/cat_dog_data/test_set/test_set/cats/cat.4018.jpg,0,0,0.99997807,1.40599745e-11
/data/Zeyu/Pooling/cat_dog_data/test_set/test_set/cats/cat.4019.jpg,0,0,0.99989915,8.1530686e-08
/data/Zeyu/Pooling/cat_dog_data/test_set/test_set/cats/cat.4020.jpg,0,0,0.9998796,2.0523257e-06
/data/Zeyu/Pooling/cat_dog_data/test_set/test_set/cats/cat.4021.jpg,0,0,0.99990475,2.3249008e-08
/data/Zeyu/Pooling/cat_dog_data/test_set/test_set/cats/cat.4022.jpg,0,0,0.8577225,0.14184818
/data/Zeyu/Pooling/cat_dog_data/test_set/test_set/cats/cat.4023.jpg,0,0,0.9999906,2.772899e-12
/data/Zeyu/Pooling/cat_dog_data/test_set/test_set/cats/cat.4024.jpg,0,1,0.008348984,0.99158365
/data/Zeyu/Pooling/cat_dog_data/test_set/test_set/cats/cat.4025.jpg,0,0,0.9998665,6.3980203e-09
/data/Zeyu/Pooling/cat_dog_data/test_set/test_set/cats/cat.4026.jpg,0,0,0.9999833,1.4596628e-10
/data/Zeyu/Pooling/cat_dog_data/test_set/test_set/cats/cat.4027.jpg,0,0,0.7899482,0.20964408
/data/Zeyu/Pooling/cat_dog_data/test_set/test_set/cats/cat.4028.jpg,0,0,0.9999362,2.4178524e-05
/data/Zeyu/Pooling/cat_dog_data/test_set/test_set/cats/cat.4029.jpg,0,0,0.95020896,0.049414687
/data/Zeyu/Pooling/cat_dog_data/test_set/test_set/cats/cat.4030.jpg,0,0,0.95020896,0.049414687
/data/Zeyu/Pooling/cat_dog_data/test_set/test_set/cats/cat.4031.jpg,0,0,0.9998124,2.516293e-06
/data/Zeyu/Pooling/cat_dog_data/test_set/test_set/cats/cat.4032.jpg,0,0,0.99993396,7.7983044e-11
/data/Zeyu/Pooling/cat_dog_data/test_set/test_set/cats/cat.4033.jpg,0,0,0.9997789,1.7059238e-05
/data/Zeyu/Pooling/cat_dog_data/test_set/test_set/cats/cat.4034.jpg,0,0,0.9999392,1.2830846e-09
/data/Zeyu/Pooling/cat_dog_data/test_set/test_set/cats/cat.4035.jpg,0,0,0.999941,1.2097824e-09
/data/Zeyu/Pooling/cat_dog_data/test_set/test_set/cats/cat.4036.jpg,0,0,0.9999614,1.9355378e-10
/data/Zeyu/Pooling/cat_dog_data/test_set/test_set/cats/cat.4037.jpg,0,0,0.9999902,2.7133162e-13
/data/Zeyu/Pooling/cat_dog_data/test_set/test_set/cats/cat.4038.jpg,0,0,0.9999858,9.19659e-12
/data/Zeyu/Pooling/cat_dog_data/test_set/test_set/cats/cat.4039.jpg,0,0,0.9999702,9.185261e-12
/data/Zeyu/Pooling/cat_dog_data/test_set/test_set/cats/cat.4040.jpg,0,0,0.99987686,3.8779393e-07
/data/Zeyu/Pooling/cat_dog_data/test_set/test_set/cats/cat.4041.jpg,0,0,0.9999517,1.143052e-09
/data/Zeyu/Pooling/cat_dog_data/test_set/test_set/cats/cat.4042.jpg,0,0,0.99998593,1.0602663e-12
/data/Zeyu/Pooling/cat_dog_data/test_set/test_set/cats/cat.4043.jpg,0,0,0.99996996,9.09391e-13
/data/Zeyu/Pooling/cat_dog_data/test_set/test_set/cats/cat.4044.jpg,0,0,0.99994767,9.606239e-10
/data/Zeyu/Pooling/cat_dog_data/test_set/test_set/cats/cat.4045.jpg,0,0,0.99996126,1.173927e-10
/data/Zeyu/Pooling/cat_dog_data/test_set/test_set/cats/cat.4046.jpg,0,0,0.99996567,1.1670238e-08
/data/Zeyu/Pooling/cat_dog_data/test_set/test_set/cats/cat.4047.jpg,0,0,0.99997187,9.814907e-10
/data/Zeyu/Pooling/cat_dog_data/test_set/test_set/cats/cat.4048.jpg,0,0,0.9998424,3.971214e-06
/data/Zeyu/Pooling/cat_dog_data/test_set/test_set/cats/cat.4049.jpg,0,0,0.9999738,8.303704e-11
/data/Zeyu/Pooling/cat_dog_data/test_set/test_set/cats/cat.4050.jpg,0,0,0.99979895,8.780492e-07
/data/Zeyu/Pooling/cat_dog_data/test_set/test_set/cats/cat.4051.jpg,0,0,0.9997329,1.9462572e-05
/data/Zeyu/Pooling/cat_dog_data/test_set/test_set/cats/cat.4052.jpg,0,0,0.9999969,1.5860622e-16
/data/Zeyu/Pooling/cat_dog_data/test_set/test_set/cats/cat.4053.jpg,0,0,0.99997354,2.1790603e-13
/data/Zeyu/Pooling/cat_dog_data/test_set/test_set/cats/cat.4054.jpg,0,0,0.99998677,2.5344692e-13
/data/Zeyu/Pooling/cat_dog_data/test_set/test_set/cats/cat.4055.jpg,0,0,0.99936825,6.3868494e-05
/data/Zeyu/Pooling/cat_dog_data/test_set/test_set/cats/cat.4056.jpg,0,0,0.99936825,6.3868494e-05
/data/Zeyu/Pooling/cat_dog_data/test_set/test_set/cats/cat.4057.jpg,0,0,0.99995804,5.722798e-10
/data/Zeyu/Pooling/cat_dog_data/test_set/test_set/cats/cat.4058.jpg,0,0,0.9999341,8.216101e-10
/data/Zeyu/Pooling/cat_dog_data/test_set/test_set/cats/cat.4059.jpg,0,0,0.99997115,1.1424578e-12
/data/Zeyu/Pooling/cat_dog_data/test_set/test_set/cats/cat.4060.jpg,0,0,0.9999424,5.16068e-09
/data/Zeyu/Pooling/cat_dog_data/test_set/test_set/cats/cat.4061.jpg,0,0,0.99994445,3.30031e-09
/data/Zeyu/Pooling/cat_dog_data/test_set/test_set/cats/cat.4062.jpg,0,0,0.9999535,2.5546365e-10
/data/Zeyu/Pooling/cat_dog_data/test_set/test_set/cats/cat.4063.jpg,0,0,0.9999511,6.5453296e-09
/data/Zeyu/Pooling/cat_dog_data/test_set/test_set/cats/cat.4064.jpg,0,0,0.9999969,2.4353309e-14
/data/Zeyu/Pooling/cat_dog_data/test_set/test_set/cats/cat.4065.jpg,0,0,0.9013292,0.098200634
/data/Zeyu/Pooling/cat_dog_data/test_set/test_set/cats/cat.4066.jpg,0,0,0.99995327,2.3646594e-09
/data/Zeyu/Pooling/cat_dog_data/test_set/test_set/cats/cat.4067.jpg,0,0,0.9999616,1.33540885e-08
/data/Zeyu/Pooling/cat_dog_data/test_set/test_set/cats/cat.4068.jpg,0,0,0.99997365,2.889246e-11
/data/Zeyu/Pooling/cat_dog_data/test_set/test_set/cats/cat.4069.jpg,0,0,0.99996305,1.7481982e-07
/data/Zeyu/Pooling/cat_dog_data/test_set/test_set/cats/cat.4070.jpg,0,0,0.9986186,0.0011911164
/data/Zeyu/Pooling/cat_dog_data/test_set/test_set/cats/cat.4071.jpg,0,0,0.9986186,0.0011911164
/data/Zeyu/Pooling/cat_dog_data/test_set/test_set/cats/cat.4072.jpg,0,0,0.99990284,5.2052396e-06
/data/Zeyu/Pooling/cat_dog_data/test_set/test_set/cats/cat.4073.jpg,0,0,0.9999677,1.8291243e-09
/data/Zeyu/Pooling/cat_dog_data/test_set/test_set/cats/cat.4074.jpg,0,0,0.99982905,2.7628434e-05
/data/Zeyu/Pooling/cat_dog_data/test_set/test_set/cats/cat.4075.jpg,0,1,0.23422962,0.76532966
/data/Zeyu/Pooling/cat_dog_data/test_set/test_set/cats/cat.4076.jpg,0,0,0.9999763,6.236796e-11
/data/Zeyu/Pooling/cat_dog_data/test_set/test_set/cats/cat.4077.jpg,0,0,0.9999684,1.8686204e-09
/data/Zeyu/Pooling/cat_dog_data/test_set/test_set/cats/cat.4078.jpg,0,0,0.99997807,1.06112e-08
/data/Zeyu/Pooling/cat_dog_data/test_set/test_set/cats/cat.4079.jpg,0,0,0.99981517,2.7176478e-07
/data/Zeyu/Pooling/cat_dog_data/test_set/test_set/cats/cat.4080.jpg,0,0,0.9997973,3.6423756e-08
/data/Zeyu/Pooling/cat_dog_data/test_set/test_set/cats/cat.4081.jpg,0,0,0.9999968,3.4070248e-13
/data/Zeyu/Pooling/cat_dog_data/test_set/test_set/cats/cat.4082.jpg,0,0,0.99991274,2.202948e-09
/data/Zeyu/Pooling/cat_dog_data/test_set/test_set/cats/cat.4083.jpg,0,0,0.99965024,0.000102966456
/data/Zeyu/Pooling/cat_dog_data/test_set/test_set/cats/cat.4084.jpg,0,0,0.99993527,3.624603e-11
/data/Zeyu/Pooling/cat_dog_data/test_set/test_set/cats/cat.4085.jpg,0,0,0.99997747,5.4337468e-12
/data/Zeyu/Pooling/cat_dog_data/test_set/test_set/cats/cat.4086.jpg,0,0,0.99986863,6.947826e-08
/data/Zeyu/Pooling/cat_dog_data/test_set/test_set/cats/cat.4087.jpg,0,0,0.6737509,0.32521605
/data/Zeyu/Pooling/cat_dog_data/test_set/test_set/cats/cat.4088.jpg,0,0,0.99985874,1.5706269e-06
/data/Zeyu/Pooling/cat_dog_data/test_set/test_set/cats/cat.4089.jpg,0,0,0.9998128,2.0840465e-08
/data/Zeyu/Pooling/cat_dog_data/test_set/test_set/cats/cat.4090.jpg,0,0,0.99578625,0.0039766487
/data/Zeyu/Pooling/cat_dog_data/test_set/test_set/cats/cat.4091.jpg,0,0,0.9999763,2.5725125e-10
/data/Zeyu/Pooling/cat_dog_data/test_set/test_set/cats/cat.4092.jpg,0,0,0.999762,2.3657774e-05
/data/Zeyu/Pooling/cat_dog_data/test_set/test_set/cats/cat.4093.jpg,0,0,0.9999238,2.0834055e-10
/data/Zeyu/Pooling/cat_dog_data/test_set/test_set/cats/cat.4094.jpg,0,0,0.99424416,0.005562087
/data/Zeyu/Pooling/cat_dog_data/test_set/test_set/cats/cat.4095.jpg,0,0,0.9999459,1.0059047e-11
/data/Zeyu/Pooling/cat_dog_data/test_set/test_set/cats/cat.4096.jpg,0,0,0.97281927,0.026823513
/data/Zeyu/Pooling/cat_dog_data/test_set/test_set/cats/cat.4097.jpg,0,0,0.97281927,0.026823513
/data/Zeyu/Pooling/cat_dog_data/test_set/test_set/cats/cat.4098.jpg,0,0,0.9998915,6.8633527e-10
/data/Zeyu/Pooling/cat_dog_data/test_set/test_set/cats/cat.4099.jpg,0,0,0.99995124,1.6347836e-09
/data/Zeyu/Pooling/cat_dog_data/test_set/test_set/cats/cat.4100.jpg,0,0,0.99985313,3.979159e-05
/data/Zeyu/Pooling/cat_dog_data/test_set/test_set/cats/cat.4101.jpg,0,0,0.9999894,6.0359384e-13
/data/Zeyu/Pooling/cat_dog_data/test_set/test_set/cats/cat.4102.jpg,0,0,0.9965115,0.0033161356
/data/Zeyu/Pooling/cat_dog_data/test_set/test_set/cats/cat.4103.jpg,0,0,0.99992526,3.143586e-08
/data/Zeyu/Pooling/cat_dog_data/test_set/test_set/cats/cat.4104.jpg,0,0,0.9884477,0.011343931
/data/Zeyu/Pooling/cat_dog_data/test_set/test_set/cats/cat.4105.jpg,0,0,0.99984455,4.8821654e-05
/data/Zeyu/Pooling/cat_dog_data/test_set/test_set/cats/cat.4106.jpg,0,0,0.99991536,1.0930756e-09
/data/Zeyu/Pooling/cat_dog_data/test_set/test_set/cats/cat.4107.jpg,0,0,0.9999633,4.538499e-10
/data/Zeyu/Pooling/cat_dog_data/test_set/test_set/cats/cat.4108.jpg,0,0,0.99980325,4.3500746e-05
/data/Zeyu/Pooling/cat_dog_data/test_set/test_set/cats/cat.4109.jpg,0,0,0.99970907,1.2906116e-06
/data/Zeyu/Pooling/cat_dog_data/test_set/test_set/cats/cat.4110.jpg,0,0,0.9999521,5.914715e-10
/data/Zeyu/Pooling/cat_dog_data/test_set/test_set/cats/cat.4111.jpg,0,0,0.95727265,0.04232552
/data/Zeyu/Pooling/cat_dog_data/test_set/test_set/cats/cat.4112.jpg,0,1,0.17371202,0.82601225
/data/Zeyu/Pooling/cat_dog_data/test_set/test_set/cats/cat.4113.jpg,0,0,0.99981076,5.7672438e-05
/data/Zeyu/Pooling/cat_dog_data/test_set/test_set/cats/cat.4114.jpg,0,0,0.9999101,8.95898e-09
/data/Zeyu/Pooling/cat_dog_data/test_set/test_set/cats/cat.4115.jpg,0,0,0.9999287,6.578942e-08
/data/Zeyu/Pooling/cat_dog_data/test_set/test_set/cats/cat.4116.jpg,0,0,0.9999769,2.977627e-12
/data/Zeyu/Pooling/cat_dog_data/test_set/test_set/cats/cat.4117.jpg,0,0,0.9996972,1.0226222e-05
/data/Zeyu/Pooling/cat_dog_data/test_set/test_set/cats/cat.4118.jpg,0,0,0.9999583,3.3659034e-10
/data/Zeyu/Pooling/cat_dog_data/test_set/test_set/cats/cat.4119.jpg,0,0,0.99998903,2.5409124e-13
/data/Zeyu/Pooling/cat_dog_data/test_set/test_set/cats/cat.4120.jpg,0,0,0.9999831,8.125636e-12
/data/Zeyu/Pooling/cat_dog_data/test_set/test_set/cats/cat.4121.jpg,0,0,0.99990773,2.0815152e-08
/data/Zeyu/Pooling/cat_dog_data/test_set/test_set/cats/cat.4122.jpg,0,0,0.99982446,2.958309e-07
/data/Zeyu/Pooling/cat_dog_data/test_set/test_set/cats/cat.4123.jpg,0,0,0.99996066,2.9827873e-11
/data/Zeyu/Pooling/cat_dog_data/test_set/test_set/cats/cat.4124.jpg,0,0,0.999967,2.100062e-09
/data/Zeyu/Pooling/cat_dog_data/test_set/test_set/cats/cat.4125.jpg,0,0,0.9999975,3.4540196e-13
/data/Zeyu/Pooling/cat_dog_data/test_set/test_set/cats/cat.4126.jpg,0,0,0.99979836,1.7230743e-05
/data/Zeyu/Pooling/cat_dog_data/test_set/test_set/cats/cat.4127.jpg,0,0,0.99997115,1.3411175e-10
/data/Zeyu/Pooling/cat_dog_data/test_set/test_set/cats/cat.4128.jpg,0,0,0.9999918,1.0765442e-16
/data/Zeyu/Pooling/cat_dog_data/test_set/test_set/cats/cat.4001.jpg,0,0,0.9999262,1.3292958e-08
/data/Zeyu/Pooling/cat_dog_data/test_set/test_set/cats/cat.4002.jpg,0,0,0.9999738,6.4643357e-09
/data/Zeyu/Pooling/cat_dog_data/test_set/test_set/cats/cat.4003.jpg,0,0,0.9979569,0.0004284983
/data/Zeyu/Pooling/cat_dog_data/test_set/test_set/cats/cat.4004.jpg,0,0,0.9999777,4.0390797e-13
/data/Zeyu/Pooling/cat_dog_data/test_set/test_set/cats/cat.4005.jpg,0,0,0.99934393,0.000101372585
/data/Zeyu/Pooling/cat_dog_data/test_set/test_set/cats/cat.4006.jpg,0,0,0.9999987,2.0453724e-20
/data/Zeyu/Pooling/cat_dog_data/test_set/test_set/cats/cat.4007.jpg,0,0,0.9999584,8.219712e-08
/data/Zeyu/Pooling/cat_dog_data/test_set/test_set/cats/cat.4008.jpg,0,0,0.99999213,6.450782e-13
/data/Zeyu/Pooling/cat_dog_data/test_set/test_set/cats/cat.4009.jpg,0,0,0.9999813,7.0875363e-12
/data/Zeyu/Pooling/cat_dog_data/test_set/test_set/cats/cat.4010.jpg,0,0,0.99981314,2.509459e-05
/data/Zeyu/Pooling/cat_dog_data/test_set/test_set/cats/cat.4011.jpg,0,0,0.9999809,3.712476e-11
/data/Zeyu/Pooling/cat_dog_data/test_set/test_set/cats/cat.4012.jpg,0,0,0.99990356,5.3138307e-09
/data/Zeyu/Pooling/cat_dog_data/test_set/test_set/cats/cat.4013.jpg,0,0,0.9999496,2.7166328e-10
/data/Zeyu/Pooling/cat_dog_data/test_set/test_set/cats/cat.4014.jpg,0,0,0.9999882,7.0332607e-12
/data/Zeyu/Pooling/cat_dog_data/test_set/test_set/cats/cat.4015.jpg,0,0,0.999897,6.579655e-10
/data/Zeyu/Pooling/cat_dog_data/test_set/test_set/cats/cat.4016.jpg,0,0,0.99987614,1.4619597e-08
/data/Zeyu/Pooling/cat_dog_data/test_set/test_set/cats/cat.4017.jpg,0,0,0.8894409,0.110033885
/data/Zeyu/Pooling/cat_dog_data/test_set/test_set/cats/cat.4018.jpg,0,0,0.99997807,3.4261142e-12
/data/Zeyu/Pooling/cat_dog_data/test_set/test_set/cats/cat.4019.jpg,0,0,0.9999871,8.021265e-12
/data/Zeyu/Pooling/cat_dog_data/test_set/test_set/cats/cat.4020.jpg,0,0,0.9997993,6.630824e-07
/data/Zeyu/Pooling/cat_dog_data/test_set/test_set/cats/cat.4021.jpg,0,0,0.9926594,0.0066166557
/data/Zeyu/Pooling/cat_dog_data/test_set/test_set/cats/cat.4022.jpg,0,0,0.99972516,4.1331577e-07
/data/Zeyu/Pooling/cat_dog_data/test_set/test_set/cats/cat.4023.jpg,0,0,0.9999906,2.29053e-15
/data/Zeyu/Pooling/cat_dog_data/test_set/test_set/cats/cat.4024.jpg,0,0,0.99995303,9.602884e-10
/data/Zeyu/Pooling/cat_dog_data/test_set/test_set/cats/cat.4025.jpg,0,0,0.99998844,4.0452906e-13
/data/Zeyu/Pooling/cat_dog_data/test_set/test_set/cats/cat.4026.jpg,0,0,0.9999707,7.98222e-11
/data/Zeyu/Pooling/cat_dog_data/test_set/test_set/cats/cat.4027.jpg,0,0,0.9998902,9.30838e-09
/data/Zeyu/Pooling/cat_dog_data/test_set/test_set/cats/cat.4028.jpg,0,0,0.99988985,1.6318479e-06
/data/Zeyu/Pooling/cat_dog_data/test_set/test_set/cats/cat.4029.jpg,0,0,0.99560404,0.0039818767
/data/Zeyu/Pooling/cat_dog_data/test_set/test_set/cats/cat.4030.jpg,0,0,0.99994516,7.1077526e-11
/data/Zeyu/Pooling/cat_dog_data/test_set/test_set/cats/cat.4031.jpg,0,0,0.99996245,5.3979987e-11
/data/Zeyu/Pooling/cat_dog_data/test_set/test_set/cats/cat.4032.jpg,0,0,0.57970494,0.419859
/data/Zeyu/Pooling/cat_dog_data/test_set/test_set/cats/cat.4033.jpg,0,0,0.99965525,2.0434127e-05
/data/Zeyu/Pooling/cat_dog_data/test_set/test_set/cats/cat.4034.jpg,0,0,0.9999926,1.3147132e-12
/data/Zeyu/Pooling/cat_dog_data/test_set/test_set/cats/cat.4035.jpg,0,0,0.9999467,1.6858398e-09
/data/Zeyu/Pooling/cat_dog_data/test_set/test_set/cats/cat.4036.jpg,0,0,0.99988115,2.6450984e-09
/data/Zeyu/Pooling/cat_dog_data/test_set/test_set/cats/cat.4037.jpg,0,0,0.99980265,3.5231645e-07
/data/Zeyu/Pooling/cat_dog_data/test_set/test_set/cats/cat.4038.jpg,0,0,0.999985,6.466779e-12
/data/Zeyu/Pooling/cat_dog_data/test_set/test_set/cats/cat.4039.jpg,0,0,0.99998903,5.58004e-13
/data/Zeyu/Pooling/cat_dog_data/test_set/test_set/cats/cat.4040.jpg,0,0,0.99998534,1.7119388e-12
/data/Zeyu/Pooling/cat_dog_data/test_set/test_set/cats/cat.4041.jpg,0,0,0.9999949,6.4600837e-13
/data/Zeyu/Pooling/cat_dog_data/test_set/test_set/cats/cat.4042.jpg,0,0,0.99996936,3.59367e-09
/data/Zeyu/Pooling/cat_dog_data/test_set/test_set/cats/cat.4043.jpg,0,0,0.9999894,2.1918756e-13
/data/Zeyu/Pooling/cat_dog_data/test_set/test_set/cats/cat.4044.jpg,0,0,0.99883,0.00048926735
/data/Zeyu/Pooling/cat_dog_data/test_set/test_set/cats/cat.4045.jpg,0,0,0.9995815,1.7912005e-05
/data/Zeyu/Pooling/cat_dog_data/test_set/test_set/cats/cat.4046.jpg,0,0,0.9998869,4.7057127e-09
/data/Zeyu/Pooling/cat_dog_data/test_set/test_set/cats/cat.4047.jpg,0,0,0.9999759,3.6390985e-10
/data/Zeyu/Pooling/cat_dog_data/test_set/test_set/cats/cat.4048.jpg,0,0,0.9999876,1.2222882e-11
/data/Zeyu/Pooling/cat_dog_data/test_set/test_set/cats/cat.4049.jpg,0,0,0.9999951,1.6701025e-15
/data/Zeyu/Pooling/cat_dog_data/test_set/test_set/cats/cat.4050.jpg,0,0,0.9999666,1.8348677e-08
/data/Zeyu/Pooling/cat_dog_data/test_set/test_set/cats/cat.4051.jpg,0,0,0.9999814,7.7631633e-14
/data/Zeyu/Pooling/cat_dog_data/test_set/test_set/cats/cat.4052.jpg,0,0,0.9999938,3.883383e-14
/data/Zeyu/Pooling/cat_dog_data/test_set/test_set/cats/cat.4053.jpg,0,0,0.99996066,8.335833e-09
/data/Zeyu/Pooling/cat_dog_data/test_set/test_set/cats/cat.4054.jpg,0,0,0.9998447,3.029378e-08
/data/Zeyu/Pooling/cat_dog_data/test_set/test_set/cats/cat.4055.jpg,0,0,0.9999769,7.777049e-09
/data/Zeyu/Pooling/cat_dog_data/test_set/test_set/cats/cat.4056.jpg,0,0,0.99998987,2.2372517e-14
/data/Zeyu/Pooling/cat_dog_data/test_set/test_set/cats/cat.4057.jpg,0,0,0.9835481,0.016174927
/data/Zeyu/Pooling/cat_dog_data/test_set/test_set/cats/cat.4058.jpg,0,0,0.99972767,6.6127504e-05
/data/Zeyu/Pooling/cat_dog_data/test_set/test_set/cats/cat.4059.jpg,0,0,0.9999541,2.8927366e-10
/data/Zeyu/Pooling/cat_dog_data/test_set/test_set/cats/cat.4060.jpg,0,0,0.99919885,0.00027590708
/data/Zeyu/Pooling/cat_dog_data/test_set/test_set/cats/cat.4061.jpg,0,0,0.99972695,6.217888e-06
/data/Zeyu/Pooling/cat_dog_data/test_set/test_set/cats/cat.4062.jpg,0,0,0.9999913,3.0346624e-12
/data/Zeyu/Pooling/cat_dog_data/test_set/test_set/cats/cat.4063.jpg,0,0,0.99385035,0.0059544044
/data/Zeyu/Pooling/cat_dog_data/test_set/test_set/cats/cat.4064.jpg,0,0,0.9998227,5.418325e-08
/data/Zeyu/Pooling/cat_dog_data/test_set/test_set/cats/cat.4065.jpg,0,0,0.9999341,1.9542636e-09
/data/Zeyu/Pooling/cat_dog_data/test_set/test_set/cats/cat.4066.jpg,0,0,0.9995396,7.678161e-05
/data/Zeyu/Pooling/cat_dog_data/test_set/test_set/cats/cat.4067.jpg,0,0,0.99967694,0.00014414743
/data/Zeyu/Pooling/cat_dog_data/test_set/test_set/cats/cat.4068.jpg,0,0,0.9999554,1.1558636e-10
/data/Zeyu/Pooling/cat_dog_data/test_set/test_set/cats/cat.4069.jpg,0,0,0.99994266,7.8563104e-08
/data/Zeyu/Pooling/cat_dog_data/test_set/test_set/cats/cat.4070.jpg,0,0,0.9998288,0.000101404075
/data/Zeyu/Pooling/cat_dog_data/test_set/test_set/cats/cat.4071.jpg,0,0,0.99997914,5.5420182e-11
/data/Zeyu/Pooling/cat_dog_data/test_set/test_set/cats/cat.4072.jpg,0,0,0.99994004,2.6685858e-09
/data/Zeyu/Pooling/cat_dog_data/test_set/test_set/cats/cat.4073.jpg,0,0,0.9999902,1.415592e-14
/data/Zeyu/Pooling/cat_dog_data/test_set/test_set/cats/cat.4074.jpg,0,0,0.9999442,1.2706952e-08
/data/Zeyu/Pooling/cat_dog_data/test_set/test_set/cats/cat.4075.jpg,0,0,0.9999225,1.2735946e-07
/data/Zeyu/Pooling/cat_dog_data/test_set/test_set/cats/cat.4076.jpg,0,0,0.999998,5.874624e-17
/data/Zeyu/Pooling/cat_dog_data/test_set/test_set/cats/cat.4077.jpg,0,0,0.9999502,4.0843925e-11
/data/Zeyu/Pooling/cat_dog_data/test_set/test_set/cats/cat.4078.jpg,0,0,0.99950826,1.6895952e-05
/data/Zeyu/Pooling/cat_dog_data/test_set/test_set/cats/cat.4079.jpg,0,0,0.9999902,4.2670643e-14
/data/Zeyu/Pooling/cat_dog_data/test_set/test_set/cats/cat.4080.jpg,0,0,0.9999198,8.9439663e-07
/data/Zeyu/Pooling/cat_dog_data/test_set/test_set/cats/cat.4081.jpg,0,0,0.999962,1.7943574e-10
/data/Zeyu/Pooling/cat_dog_data/test_set/test_set/cats/cat.4082.jpg,0,0,0.9999844,7.6963734e-13
/data/Zeyu/Pooling/cat_dog_data/test_set/test_set/cats/cat.4083.jpg,0,0,0.9999628,1.2077377e-10
/data/Zeyu/Pooling/cat_dog_data/test_set/test_set/cats/cat.4084.jpg,0,0,0.99985313,4.5995188e-07
/data/Zeyu/Pooling/cat_dog_data/test_set/test_set/cats/cat.4085.jpg,0,0,0.9999877,2.7403143e-12
/data/Zeyu/Pooling/cat_dog_data/test_set/test_set/cats/cat.4086.jpg,0,0,0.9999403,4.166969e-10
/data/Zeyu/Pooling/cat_dog_data/test_set/test_set/cats/cat.4087.jpg,0,1,0.33936954,0.6601293
/data/Zeyu/Pooling/cat_dog_data/test_set/test_set/cats/cat.4088.jpg,0,0,0.99995637,4.111772e-09
/data/Zeyu/Pooling/cat_dog_data/test_set/test_set/cats/cat.4089.jpg,0,0,0.9998337,6.111327e-06
/data/Zeyu/Pooling/cat_dog_data/test_set/test_set/cats/cat.4090.jpg,0,0,0.99997735,4.1281813e-12
/data/Zeyu/Pooling/cat_dog_data/test_set/test_set/cats/cat.4091.jpg,0,0,0.99997604,2.6665391e-13
/data/Zeyu/Pooling/cat_dog_data/test_set/test_set/cats/cat.4092.jpg,0,0,0.9998683,6.870718e-06
/data/Zeyu/Pooling/cat_dog_data/test_set/test_set/cats/cat.4093.jpg,0,0,0.99998796,2.7082435e-13
/data/Zeyu/Pooling/cat_dog_data/test_set/test_set/cats/cat.4094.jpg,0,0,0.9998938,6.440591e-07
/data/Zeyu/Pooling/cat_dog_data/test_set/test_set/cats/cat.4095.jpg,0,1,0.06745561,0.9322596
/data/Zeyu/Pooling/cat_dog_data/test_set/test_set/cats/cat.4096.jpg,0,0,0.9999256,7.42484e-08
/data/Zeyu/Pooling/cat_dog_data/test_set/test_set/cats/cat.4097.jpg,0,0,0.96898973,0.030553037
/data/Zeyu/Pooling/cat_dog_data/test_set/test_set/cats/cat.4098.jpg,0,0,0.9985481,0.0012777385
/data/Zeyu/Pooling/cat_dog_data/test_set/test_set/cats/cat.4099.jpg,0,0,0.99997914,5.604616e-12
/data/Zeyu/Pooling/cat_dog_data/test_set/test_set/cats/cat.4100.jpg,0,0,0.9999571,2.2277555e-10
/data/Zeyu/Pooling/cat_dog_data/test_set/test_set/cats/cat.4101.jpg,0,0,0.9999927,7.931024e-15
/data/Zeyu/Pooling/cat_dog_data/test_set/test_set/cats/cat.4102.jpg,0,0,0.9999465,5.2806982e-08
/data/Zeyu/Pooling/cat_dog_data/test_set/test_set/cats/cat.4103.jpg,0,0,0.9998461,4.2984672e-07
/data/Zeyu/Pooling/cat_dog_data/test_set/test_set/cats/cat.4104.jpg,0,0,0.9999627,2.7630909e-09
/data/Zeyu/Pooling/cat_dog_data/test_set/test_set/cats/cat.4105.jpg,0,0,0.9999455,1.0920083e-09
/data/Zeyu/Pooling/cat_dog_data/test_set/test_set/cats/cat.4106.jpg,0,0,0.5410934,0.4572696
/data/Zeyu/Pooling/cat_dog_data/test_set/test_set/cats/cat.4107.jpg,0,0,0.9998294,1.0393204e-05
/data/Zeyu/Pooling/cat_dog_data/test_set/test_set/cats/cat.4108.jpg,0,0,0.9998264,2.094174e-06
/data/Zeyu/Pooling/cat_dog_data/test_set/test_set/cats/cat.4109.jpg,0,0,0.91237426,0.08676251
/data/Zeyu/Pooling/cat_dog_data/test_set/test_set/cats/cat.4110.jpg,0,0,0.99992466,6.593229e-10
/data/Zeyu/Pooling/cat_dog_data/test_set/test_set/cats/cat.4111.jpg,0,0,0.9999422,2.0604242e-10
/data/Zeyu/Pooling/cat_dog_data/test_set/test_set/cats/cat.4112.jpg,0,0,0.9998646,2.8045434e-07
/data/Zeyu/Pooling/cat_dog_data/test_set/test_set/cats/cat.4113.jpg,0,0,0.9999753,1.5270245e-11
/data/Zeyu/Pooling/cat_dog_data/test_set/test_set/cats/cat.4114.jpg,0,0,0.9999174,6.082903e-08
/data/Zeyu/Pooling/cat_dog_data/test_set/test_set/cats/cat.4115.jpg,0,0,0.99997306,4.0542952e-10
/data/Zeyu/Pooling/cat_dog_data/test_set/test_set/cats/cat.4116.jpg,0,0,0.99995744,2.3626484e-10
/data/Zeyu/Pooling/cat_dog_data/test_set/test_set/cats/cat.4117.jpg,0,0,0.9999502,2.4978515e-09
/data/Zeyu/Pooling/cat_dog_data/test_set/test_set/cats/cat.4118.jpg,0,0,0.99992776,7.2530726e-10
/data/Zeyu/Pooling/cat_dog_data/test_set/test_set/cats/cat.4119.jpg,0,0,0.99983835,6.9112866e-07
/data/Zeyu/Pooling/cat_dog_data/test_set/test_set/cats/cat.4120.jpg,0,0,0.999943,9.041285e-08
/data/Zeyu/Pooling/cat_dog_data/test_set/test_set/cats/cat.4121.jpg,0,0,0.9999516,4.130824e-12
/data/Zeyu/Pooling/cat_dog_data/test_set/test_set/cats/cat.4122.jpg,0,0,0.9998827,1.1756718e-07
/data/Zeyu/Pooling/cat_dog_data/test_set/test_set/cats/cat.4123.jpg,0,0,0.99985516,2.6536115e-06
/data/Zeyu/Pooling/cat_dog_data/test_set/test_set/cats/cat.4124.jpg,0,0,0.9999124,2.987003e-08
/data/Zeyu/Pooling/cat_dog_data/test_set/test_set/cats/cat.4125.jpg,0,0,0.99946314,0.00040760473
/data/Zeyu/Pooling/cat_dog_data/test_set/test_set/cats/cat.4126.jpg,0,0,0.99975485,9.5466436e-05
/data/Zeyu/Pooling/cat_dog_data/test_set/test_set/cats/cat.4127.jpg,0,0,0.9998565,1.9092939e-08
/data/Zeyu/Pooling/cat_dog_data/test_set/test_set/cats/cat.4128.jpg,0,0,0.9998679,3.8619575e-07
/data/Zeyu/Pooling/cat_dog_data/test_set/test_set/cats/cat.4001.jpg,0,0,0.9996661,3.0435564e-07
/data/Zeyu/Pooling/cat_dog_data/test_set/test_set/cats/cat.4002.jpg,0,0,0.99997246,2.7895217e-12
/data/Zeyu/Pooling/cat_dog_data/test_set/test_set/cats/cat.4003.jpg,0,0,0.98721504,0.012341225
/data/Zeyu/Pooling/cat_dog_data/test_set/test_set/cats/cat.4004.jpg,0,0,0.9957594,0.004003001
/data/Zeyu/Pooling/cat_dog_data/test_set/test_set/cats/cat.4005.jpg,0,0,0.9999461,1.9846575e-09
/data/Zeyu/Pooling/cat_dog_data/test_set/test_set/cats/cat.4006.jpg,0,0,0.9999895,1.8199365e-15
/data/Zeyu/Pooling/cat_dog_data/test_set/test_set/cats/cat.4007.jpg,0,0,0.99996936,8.886152e-11
/data/Zeyu/Pooling/cat_dog_data/test_set/test_set/cats/cat.4008.jpg,0,0,0.99998987,1.6865565e-12
/data/Zeyu/Pooling/cat_dog_data/test_set/test_set/cats/cat.4009.jpg,0,0,0.99991643,6.0642397e-10
/data/Zeyu/Pooling/cat_dog_data/test_set/test_set/cats/cat.4010.jpg,0,0,0.9999056,2.3226676e-09
/data/Zeyu/Pooling/cat_dog_data/test_set/test_set/cats/cat.4011.jpg,0,0,0.99967396,5.641568e-05
/data/Zeyu/Pooling/cat_dog_data/test_set/test_set/cats/cat.4012.jpg,0,0,0.99985087,1.4863976e-07
/data/Zeyu/Pooling/cat_dog_data/test_set/test_set/cats/cat.4013.jpg,0,0,0.99979526,8.261269e-06
/data/Zeyu/Pooling/cat_dog_data/test_set/test_set/cats/cat.4014.jpg,0,0,0.9999274,2.2800535e-09
/data/Zeyu/Pooling/cat_dog_data/test_set/test_set/cats/cat.4015.jpg,0,0,0.9999471,5.2729834e-11
/data/Zeyu/Pooling/cat_dog_data/test_set/test_set/cats/cat.4016.jpg,0,0,0.9999926,1.1601197e-12
/data/Zeyu/Pooling/cat_dog_data/test_set/test_set/cats/cat.4017.jpg,0,0,0.9897885,0.009956744
/data/Zeyu/Pooling/cat_dog_data/test_set/test_set/cats/cat.4018.jpg,0,0,0.99992144,6.4033783e-09
/data/Zeyu/Pooling/cat_dog_data/test_set/test_set/cats/cat.4019.jpg,0,0,0.99992144,6.4033783e-09
/data/Zeyu/Pooling/cat_dog_data/test_set/test_set/cats/cat.4020.jpg,0,0,0.99997914,3.3307224e-09
/data/Zeyu/Pooling/cat_dog_data/test_set/test_set/cats/cat.4021.jpg,0,0,0.9999473,3.3623805e-11
/data/Zeyu/Pooling/cat_dog_data/test_set/test_set/cats/cat.4022.jpg,0,0,0.9999224,2.6378702e-10
/data/Zeyu/Pooling/cat_dog_data/test_set/test_set/cats/cat.4023.jpg,0,0,0.9999521,2.4321967e-09
/data/Zeyu/Pooling/cat_dog_data/test_set/test_set/cats/cat.4024.jpg,0,0,0.99995947,3.6222132e-09
/data/Zeyu/Pooling/cat_dog_data/test_set/test_set/cats/cat.4025.jpg,0,0,0.9999393,5.900108e-09
/data/Zeyu/Pooling/cat_dog_data/test_set/test_set/cats/cat.4026.jpg,0,0,0.61130726,0.38786265
/data/Zeyu/Pooling/cat_dog_data/test_set/test_set/cats/cat.4027.jpg,0,0,0.973887,0.025788521
/data/Zeyu/Pooling/cat_dog_data/test_set/test_set/cats/cat.4028.jpg,0,0,0.99995184,2.9772945e-10
/data/Zeyu/Pooling/cat_dog_data/test_set/test_set/cats/cat.4029.jpg,0,0,0.9999826,2.1763398e-12
/data/Zeyu/Pooling/cat_dog_data/test_set/test_set/cats/cat.4030.jpg,0,0,0.99999523,1.0541365e-15
/data/Zeyu/Pooling/cat_dog_data/test_set/test_set/cats/cat.4031.jpg,0,0,0.9999627,1.2852164e-09
/data/Zeyu/Pooling/cat_dog_data/test_set/test_set/cats/cat.4032.jpg,0,0,0.99994767,7.968832e-11
/data/Zeyu/Pooling/cat_dog_data/test_set/test_set/cats/cat.4033.jpg,0,0,0.99993765,3.447212e-09
/data/Zeyu/Pooling/cat_dog_data/test_set/test_set/cats/cat.4034.jpg,0,0,0.9942368,0.0050832005
/data/Zeyu/Pooling/cat_dog_data/test_set/test_set/cats/cat.4035.jpg,0,0,0.99980754,1.0898791e-05
/data/Zeyu/Pooling/cat_dog_data/test_set/test_set/cats/cat.4036.jpg,0,0,0.9999962,2.3875457e-15
/data/Zeyu/Pooling/cat_dog_data/test_set/test_set/cats/cat.4037.jpg,0,0,0.999895,7.706204e-07
/data/Zeyu/Pooling/cat_dog_data/test_set/test_set/cats/cat.4038.jpg,0,0,0.9999651,5.469579e-10
/data/Zeyu/Pooling/cat_dog_data/test_set/test_set/cats/cat.4039.jpg,0,0,0.99998164,1.7352005e-12
/data/Zeyu/Pooling/cat_dog_data/test_set/test_set/cats/cat.4040.jpg,0,0,0.9999559,1.7857077e-11
/data/Zeyu/Pooling/cat_dog_data/test_set/test_set/cats/cat.4041.jpg,0,0,0.99989307,6.4564456e-09
/data/Zeyu/Pooling/cat_dog_data/test_set/test_set/cats/cat.4042.jpg,0,0,0.99964035,2.5134055e-05
/data/Zeyu/Pooling/cat_dog_data/test_set/test_set/cats/cat.4043.jpg,0,0,0.9999734,9.745183e-12
/data/Zeyu/Pooling/cat_dog_data/test_set/test_set/cats/cat.4044.jpg,0,0,0.99996173,6.977987e-11
/data/Zeyu/Pooling/cat_dog_data/test_set/test_set/cats/cat.4045.jpg,0,0,0.99972576,5.9844747e-06
/data/Zeyu/Pooling/cat_dog_data/test_set/test_set/cats/cat.4046.jpg,0,0,0.99994636,8.7073854e-10
/data/Zeyu/Pooling/cat_dog_data/test_set/test_set/cats/cat.4047.jpg,0,0,0.98716146,0.012393994
/data/Zeyu/Pooling/cat_dog_data/test_set/test_set/cats/cat.4048.jpg,0,0,0.9999167,1.0935662e-07
/data/Zeyu/Pooling/cat_dog_data/test_set/test_set/cats/cat.4049.jpg,0,0,0.99997354,6.504555e-09
/data/Zeyu/Pooling/cat_dog_data/test_set/test_set/cats/cat.4050.jpg,0,0,0.9997749,3.715384e-05
/data/Zeyu/Pooling/cat_dog_data/test_set/test_set/cats/cat.4051.jpg,0,0,0.99996805,1.7448025e-07
/data/Zeyu/Pooling/cat_dog_data/test_set/test_set/cats/cat.4052.jpg,0,0,0.99991834,1.1123384e-08
/data/Zeyu/Pooling/cat_dog_data/test_set/test_set/cats/cat.4053.jpg,0,0,0.9999604,1.8474396e-11
/data/Zeyu/Pooling/cat_dog_data/test_set/test_set/cats/cat.4054.jpg,0,0,0.9998461,7.082603e-07
/data/Zeyu/Pooling/cat_dog_data/test_set/test_set/cats/cat.4055.jpg,0,0,0.99997365,1.6891408e-11
/data/Zeyu/Pooling/cat_dog_data/test_set/test_set/cats/cat.4056.jpg,0,0,0.9999062,2.7233284e-07
/data/Zeyu/Pooling/cat_dog_data/test_set/test_set/cats/cat.4057.jpg,0,0,0.9999554,5.590567e-10
/data/Zeyu/Pooling/cat_dog_data/test_set/test_set/cats/cat.4058.jpg,0,0,0.99996054,1.5167596e-09
/data/Zeyu/Pooling/cat_dog_data/test_set/test_set/cats/cat.4059.jpg,0,0,0.9998921,3.8143273e-07
/data/Zeyu/Pooling/cat_dog_data/test_set/test_set/cats/cat.4060.jpg,0,0,0.99999034,2.9218904e-12
/data/Zeyu/Pooling/cat_dog_data/test_set/test_set/cats/cat.4061.jpg,0,0,0.886952,0.11265268
/data/Zeyu/Pooling/cat_dog_data/test_set/test_set/cats/cat.4062.jpg,0,0,0.99990606,5.7250944e-08
/data/Zeyu/Pooling/cat_dog_data/test_set/test_set/cats/cat.4063.jpg,0,0,0.9705291,0.029060155
/data/Zeyu/Pooling/cat_dog_data/test_set/test_set/cats/cat.4064.jpg,0,0,0.9999361,1.6670207e-09
/data/Zeyu/Pooling/cat_dog_data/test_set/test_set/cats/cat.4065.jpg,0,0,0.99998844,6.024549e-12
/data/Zeyu/Pooling/cat_dog_data/test_set/test_set/cats/cat.4066.jpg,0,0,0.9996853,7.5848504e-05
/data/Zeyu/Pooling/cat_dog_data/test_set/test_set/cats/cat.4067.jpg,0,0,0.99998367,8.806587e-11
/data/Zeyu/Pooling/cat_dog_data/test_set/test_set/cats/cat.4068.jpg,0,0,0.99998987,4.896063e-12
/data/Zeyu/Pooling/cat_dog_data/test_set/test_set/cats/cat.4069.jpg,0,0,0.9999311,1.612735e-08
/data/Zeyu/Pooling/cat_dog_data/test_set/test_set/cats/cat.4070.jpg,0,0,0.9999113,3.4660959e-09
/data/Zeyu/Pooling/cat_dog_data/test_set/test_set/cats/cat.4071.jpg,0,0,0.9998486,1.4550207e-06
/data/Zeyu/Pooling/cat_dog_data/test_set/test_set/cats/cat.4072.jpg,0,0,0.9997247,1.5077823e-06
/data/Zeyu/Pooling/cat_dog_data/test_set/test_set/cats/cat.4073.jpg,0,0,0.9997888,3.8368913e-07
/data/Zeyu/Pooling/cat_dog_data/test_set/test_set/cats/cat.4074.jpg,0,0,0.9999193,4.3284672e-07
/data/Zeyu/Pooling/cat_dog_data/test_set/test_set/cats/cat.4075.jpg,0,0,0.9947471,0.004931809
/data/Zeyu/Pooling/cat_dog_data/test_set/test_set/cats/cat.4076.jpg,0,0,0.999969,2.482292e-09
/data/Zeyu/Pooling/cat_dog_data/test_set/test_set/cats/cat.4077.jpg,0,0,0.9996809,0.00015216527
/data/Zeyu/Pooling/cat_dog_data/test_set/test_set/cats/cat.4078.jpg,0,0,0.99990845,1.1147375e-09
/data/Zeyu/Pooling/cat_dog_data/test_set/test_set/cats/cat.4079.jpg,0,0,0.99896836,0.0008685961
/data/Zeyu/Pooling/cat_dog_data/test_set/test_set/cats/cat.4080.jpg,0,0,0.9998987,1.0983832e-08
/data/Zeyu/Pooling/cat_dog_data/test_set/test_set/cats/cat.4081.jpg,0,0,0.9999733,5.922559e-11
/data/Zeyu/Pooling/cat_dog_data/test_set/test_set/cats/cat.4082.jpg,0,0,0.9999212,5.504212e-07
/data/Zeyu/Pooling/cat_dog_data/test_set/test_set/cats/cat.4083.jpg,0,0,0.9998031,2.2056118e-07
/data/Zeyu/Pooling/cat_dog_data/test_set/test_set/cats/cat.4084.jpg,0,0,0.99998915,1.7693026e-12
/data/Zeyu/Pooling/cat_dog_data/test_set/test_set/cats/cat.4085.jpg,0,0,0.9999324,4.836574e-09
/data/Zeyu/Pooling/cat_dog_data/test_set/test_set/cats/cat.4086.jpg,0,0,0.9626288,0.0368586
/data/Zeyu/Pooling/cat_dog_data/test_set/test_set/cats/cat.4087.jpg,0,0,0.9999893,7.87103e-12
/data/Zeyu/Pooling/cat_dog_data/test_set/test_set/cats/cat.4088.jpg,0,0,0.9999788,1.1423015e-11
/data/Zeyu/Pooling/cat_dog_data/test_set/test_set/cats/cat.4089.jpg,0,0,0.99895144,0.00064783054
/data/Zeyu/Pooling/cat_dog_data/test_set/test_set/cats/cat.4090.jpg,0,0,0.9999666,5.926562e-12
/data/Zeyu/Pooling/cat_dog_data/test_set/test_set/cats/cat.4091.jpg,0,0,0.999564,0.00025244182
/data/Zeyu/Pooling/cat_dog_data/test_set/test_set/cats/cat.4092.jpg,0,0,0.9992694,0.00052307383
/data/Zeyu/Pooling/cat_dog_data/test_set/test_set/cats/cat.4093.jpg,0,0,0.99993765,1.2802457e-07
/data/Zeyu/Pooling/cat_dog_data/test_set/test_set/cats/cat.4094.jpg,0,0,0.99974304,0.0001386844
/data/Zeyu/Pooling/cat_dog_data/test_set/test_set/cats/cat.4095.jpg,0,0,0.9999199,2.9444259e-08
/data/Zeyu/Pooling/cat_dog_data/test_set/test_set/cats/cat.4096.jpg,0,0,0.98460466,0.014518244
/data/Zeyu/Pooling/cat_dog_data/test_set/test_set/cats/cat.4097.jpg,0,0,0.999985,2.0199157e-13
/data/Zeyu/Pooling/cat_dog_data/test_set/test_set/cats/cat.4098.jpg,0,0,0.9999336,8.750205e-06
/data/Zeyu/Pooling/cat_dog_data/test_set/test_set/cats/cat.4099.jpg,0,0,0.98913354,0.010563144
/data/Zeyu/Pooling/cat_dog_data/test_set/test_set/cats/cat.4100.jpg,0,0,0.9994572,1.4765363e-05
/data/Zeyu/Pooling/cat_dog_data/test_set/test_set/cats/cat.4101.jpg,0,0,0.9999273,2.1104647e-07
/data/Zeyu/Pooling/cat_dog_data/test_set/test_set/cats/cat.4102.jpg,0,0,0.9999534,3.3299128e-09
/data/Zeyu/Pooling/cat_dog_data/test_set/test_set/cats/cat.4103.jpg,0,0,0.9999194,2.824093e-10
/data/Zeyu/Pooling/cat_dog_data/test_set/test_set/cats/cat.4104.jpg,0,0,0.9999747,1.1318121e-09
/data/Zeyu/Pooling/cat_dog_data/test_set/test_set/cats/cat.4105.jpg,0,0,0.9999293,4.5853826e-06
/data/Zeyu/Pooling/cat_dog_data/test_set/test_set/cats/cat.4106.jpg,0,0,0.999984,2.2855794e-11
/data/Zeyu/Pooling/cat_dog_data/test_set/test_set/cats/cat.4107.jpg,0,0,0.99991393,9.193101e-09
/data/Zeyu/Pooling/cat_dog_data/test_set/test_set/cats/cat.4108.jpg,0,0,0.99974734,4.5318843e-06
/data/Zeyu/Pooling/cat_dog_data/test_set/test_set/cats/cat.4109.jpg,0,0,0.99991477,1.7573792e-07
/data/Zeyu/Pooling/cat_dog_data/test_set/test_set/cats/cat.4110.jpg,0,0,0.99982494,5.104258e-07
/data/Zeyu/Pooling/cat_dog_data/test_set/test_set/cats/cat.4111.jpg,0,0,0.99994326,4.602131e-09
/data/Zeyu/Pooling/cat_dog_data/test_set/test_set/cats/cat.4112.jpg,0,0,0.9999591,1.6074665e-07
/data/Zeyu/Pooling/cat_dog_data/test_set/test_set/cats/cat.4113.jpg,0,0,0.9999901,2.312495e-15
/data/Zeyu/Pooling/cat_dog_data/test_set/test_set/cats/cat.4114.jpg,0,0,0.99981827,2.7354981e-06
/data/Zeyu/Pooling/cat_dog_data/test_set/test_set/cats/cat.4115.jpg,0,0,0.688535,0.31092617
/data/Zeyu/Pooling/cat_dog_data/test_set/test_set/cats/cat.4116.jpg,0,0,0.9999198,5.8215566e-08
/data/Zeyu/Pooling/cat_dog_data/test_set/test_set/cats/cat.4117.jpg,0,0,0.99990916,2.9977851e-09
/data/Zeyu/Pooling/cat_dog_data/test_set/test_set/cats/cat.4118.jpg,0,0,0.9999155,2.3429413e-08
/data/Zeyu/Pooling/cat_dog_data/test_set/test_set/cats/cat.4119.jpg,0,0,0.9999491,1.5479442e-07
/data/Zeyu/Pooling/cat_dog_data/test_set/test_set/cats/cat.4120.jpg,0,0,0.9995807,0.00022235389
/data/Zeyu/Pooling/cat_dog_data/test_set/test_set/cats/cat.4121.jpg,0,0,0.9999914,1.1753246e-14
/data/Zeyu/Pooling/cat_dog_data/test_set/test_set/cats/cat.4122.jpg,0,0,0.99698764,0.0025025748
/data/Zeyu/Pooling/cat_dog_data/test_set/test_set/cats/cat.4123.jpg,0,0,0.9999603,1.0843e-08
/data/Zeyu/Pooling/cat_dog_data/test_set/test_set/cats/cat.4124.jpg,0,0,0.99943084,0.00013779194
/data/Zeyu/Pooling/cat_dog_data/test_set/test_set/cats/cat.4125.jpg,0,0,0.99993217,4.4452312e-07
/data/Zeyu/Pooling/cat_dog_data/test_set/test_set/cats/cat.4126.jpg,0,0,0.9998573,5.982916e-08
/data/Zeyu/Pooling/cat_dog_data/test_set/test_set/cats/cat.4127.jpg,0,0,0.99989533,2.428815e-08
/data/Zeyu/Pooling/cat_dog_data/test_set/test_set/cats/cat.4128.jpg,0,0,0.9999347,2.7120448e-08
/data/Zeyu/Pooling/cat_dog_data/test_set/test_set/cats/cat.4001.jpg,0,0,0.9999602,2.142936e-11
/data/Zeyu/Pooling/cat_dog_data/test_set/test_set/cats/cat.4002.jpg,0,0,0.99996686,3.4243744e-10
/data/Zeyu/Pooling/cat_dog_data/test_set/test_set/cats/cat.4003.jpg,0,0,0.9999919,9.516117e-14
/data/Zeyu/Pooling/cat_dog_data/test_set/test_set/cats/cat.4004.jpg,0,0,0.9993094,0.00043426486
/data/Zeyu/Pooling/cat_dog_data/test_set/test_set/cats/cat.4005.jpg,0,0,0.99994636,4.453186e-11
/data/Zeyu/Pooling/cat_dog_data/test_set/test_set/cats/cat.4006.jpg,0,0,0.9999449,7.065865e-10
/data/Zeyu/Pooling/cat_dog_data/test_set/test_set/cats/cat.4007.jpg,0,0,0.999985,7.8229925e-13
/data/Zeyu/Pooling/cat_dog_data/test_set/test_set/cats/cat.4008.jpg,0,0,0.99945813,0.00022678838
/data/Zeyu/Pooling/cat_dog_data/test_set/test_set/cats/cat.4009.jpg,0,0,0.9999691,8.8797356e-13
/data/Zeyu/Pooling/cat_dog_data/test_set/test_set/cats/cat.4010.jpg,0,0,0.9985738,0.0009785187
/data/Zeyu/Pooling/cat_dog_data/test_set/test_set/cats/cat.4011.jpg,0,0,0.99987185,1.3657656e-05
/data/Zeyu/Pooling/cat_dog_data/test_set/test_set/cats/cat.4012.jpg,0,0,0.9998369,5.042486e-07
/data/Zeyu/Pooling/cat_dog_data/test_set/test_set/cats/cat.4013.jpg,0,0,0.99996436,1.4448054e-10
/data/Zeyu/Pooling/cat_dog_data/test_set/test_set/cats/cat.4014.jpg,0,1,0.17458102,0.8251679
/data/Zeyu/Pooling/cat_dog_data/test_set/test_set/cats/cat.4015.jpg,0,0,0.9999356,2.869551e-08
/data/Zeyu/Pooling/cat_dog_data/test_set/test_set/cats/cat.4016.jpg,0,0,0.86808175,0.13066724
/data/Zeyu/Pooling/cat_dog_data/test_set/test_set/cats/cat.4017.jpg,0,0,0.99994195,1.2677044e-09
/data/Zeyu/Pooling/cat_dog_data/test_set/test_set/cats/cat.4018.jpg,0,0,0.99994266,5.501349e-09
/data/Zeyu/Pooling/cat_dog_data/test_set/test_set/cats/cat.4019.jpg,0,0,0.9995534,0.0002482303
/data/Zeyu/Pooling/cat_dog_data/test_set/test_set/cats/cat.4020.jpg,0,0,0.9999757,4.89058e-12
/data/Zeyu/Pooling/cat_dog_data/test_set/test_set/cats/cat.4021.jpg,0,0,0.99996424,3.541228e-11
/data/Zeyu/Pooling/cat_dog_data/test_set/test_set/cats/cat.4022.jpg,0,0,0.9999418,2.13129e-09
/data/Zeyu/Pooling/cat_dog_data/test_set/test_set/cats/cat.4023.jpg,0,0,0.9999399,3.730148e-10
/data/Zeyu/Pooling/cat_dog_data/test_set/test_set/cats/cat.4024.jpg,0,0,0.999882,2.1563066e-07
/data/Zeyu/Pooling/cat_dog_data/test_set/test_set/cats/cat.4025.jpg,0,0,0.9998467,9.561484e-06
/data/Zeyu/Pooling/cat_dog_data/test_set/test_set/cats/cat.4026.jpg,0,0,0.99995697,1.5991908e-09
/data/Zeyu/Pooling/cat_dog_data/test_set/test_set/cats/cat.4027.jpg,0,0,0.9999502,4.2868535e-11
/data/Zeyu/Pooling/cat_dog_data/test_set/test_set/cats/cat.4028.jpg,0,0,0.9999902,4.7224687e-15
/data/Zeyu/Pooling/cat_dog_data/test_set/test_set/cats/cat.4029.jpg,0,0,0.99983215,4.531731e-05
/data/Zeyu/Pooling/cat_dog_data/test_set/test_set/cats/cat.4030.jpg,0,0,0.9993788,0.00020167031
/data/Zeyu/Pooling/cat_dog_data/test_set/test_set/cats/cat.4031.jpg,0,0,0.99999297,7.178446e-12
/data/Zeyu/Pooling/cat_dog_data/test_set/test_set/cats/cat.4032.jpg,0,0,0.99971193,1.1315412e-06
/data/Zeyu/Pooling/cat_dog_data/test_set/test_set/cats/cat.4033.jpg,0,0,0.999928,1.842183e-07
/data/Zeyu/Pooling/cat_dog_data/test_set/test_set/cats/cat.4034.jpg,0,0,0.9999666,2.2043658e-09
/data/Zeyu/Pooling/cat_dog_data/test_set/test_set/cats/cat.4035.jpg,0,0,0.9999914,5.090248e-14
/data/Zeyu/Pooling/cat_dog_data/test_set/test_set/cats/cat.4036.jpg,0,0,0.9999777,3.643486e-11
/data/Zeyu/Pooling/cat_dog_data/test_set/test_set/cats/cat.4037.jpg,0,0,0.99995935,3.0545158e-10
/data/Zeyu/Pooling/cat_dog_data/test_set/test_set/cats/cat.4038.jpg,0,0,0.9999949,3.509034e-12
/data/Zeyu/Pooling/cat_dog_data/test_set/test_set/cats/cat.4039.jpg,0,0,0.9999937,2.9026639e-16
/data/Zeyu/Pooling/cat_dog_data/test_set/test_set/cats/cat.4040.jpg,0,0,0.99994695,1.6392009e-09
/data/Zeyu/Pooling/cat_dog_data/test_set/test_set/cats/cat.4041.jpg,0,0,0.99993706,6.439478e-08
/data/Zeyu/Pooling/cat_dog_data/test_set/test_set/cats/cat.4042.jpg,0,0,0.9999875,9.728002e-14
/data/Zeyu/Pooling/cat_dog_data/test_set/test_set/cats/cat.4043.jpg,0,0,0.9999846,1.772244e-11
/data/Zeyu/Pooling/cat_dog_data/test_set/test_set/cats/cat.4044.jpg,0,0,0.99997234,3.9370304e-12
/data/Zeyu/Pooling/cat_dog_data/test_set/test_set/cats/cat.4045.jpg,0,0,0.99964905,2.2933324e-05
/data/Zeyu/Pooling/cat_dog_data/test_set/test_set/cats/cat.4046.jpg,0,0,0.99992394,3.2134283e-06
/data/Zeyu/Pooling/cat_dog_data/test_set/test_set/cats/cat.4047.jpg,0,0,0.9999466,1.6601304e-09
/data/Zeyu/Pooling/cat_dog_data/test_set/test_set/cats/cat.4048.jpg,0,1,0.08975246,0.9100442
/data/Zeyu/Pooling/cat_dog_data/test_set/test_set/cats/cat.4049.jpg,0,0,0.99996066,1.5635904e-10
/data/Zeyu/Pooling/cat_dog_data/test_set/test_set/cats/cat.4050.jpg,0,0,0.99999714,3.931014e-15
/data/Zeyu/Pooling/cat_dog_data/test_set/test_set/cats/cat.4051.jpg,0,0,0.99987805,1.3073759e-05
/data/Zeyu/Pooling/cat_dog_data/test_set/test_set/cats/cat.4052.jpg,0,0,0.9999505,1.548531e-09
/data/Zeyu/Pooling/cat_dog_data/test_set/test_set/cats/cat.4053.jpg,0,0,0.9998667,6.326405e-08
/data/Zeyu/Pooling/cat_dog_data/test_set/test_set/cats/cat.4054.jpg,0,0,0.99995553,4.5080755e-11
/data/Zeyu/Pooling/cat_dog_data/test_set/test_set/cats/cat.4055.jpg,0,0,0.99997246,1.175461e-11
/data/Zeyu/Pooling/cat_dog_data/test_set/test_set/cats/cat.4056.jpg,0,0,0.9998789,1.8350743e-08
/data/Zeyu/Pooling/cat_dog_data/test_set/test_set/cats/cat.4057.jpg,0,0,0.9864434,0.013232565
/data/Zeyu/Pooling/cat_dog_data/test_set/test_set/cats/cat.4058.jpg,0,0,0.9998374,4.0645673e-07
/data/Zeyu/Pooling/cat_dog_data/test_set/test_set/cats/cat.4059.jpg,0,0,0.9999577,8.9689214e-11
/data/Zeyu/Pooling/cat_dog_data/test_set/test_set/cats/cat.4060.jpg,0,0,0.99972516,5.237645e-06
/data/Zeyu/Pooling/cat_dog_data/test_set/test_set/cats/cat.4061.jpg,0,0,0.9999528,1.003301e-09
/data/Zeyu/Pooling/cat_dog_data/test_set/test_set/cats/cat.4062.jpg,0,0,0.9999716,4.516385e-11
/data/Zeyu/Pooling/cat_dog_data/test_set/test_set/cats/cat.4063.jpg,0,0,0.999984,6.361432e-11
/data/Zeyu/Pooling/cat_dog_data/test_set/test_set/cats/cat.4064.jpg,0,0,0.9999019,6.2890965e-10
/data/Zeyu/Pooling/cat_dog_data/test_set/test_set/cats/cat.4065.jpg,0,0,0.9997105,1.9511626e-05
/data/Zeyu/Pooling/cat_dog_data/test_set/test_set/cats/cat.4066.jpg,0,0,0.9999163,1.2793367e-08
/data/Zeyu/Pooling/cat_dog_data/test_set/test_set/cats/cat.4067.jpg,0,0,0.99986243,1.7956117e-08
/data/Zeyu/Pooling/cat_dog_data/test_set/test_set/cats/cat.4068.jpg,0,0,0.9998078,1.1729487e-05
/data/Zeyu/Pooling/cat_dog_data/test_set/test_set/cats/cat.4069.jpg,0,0,0.99917537,0.0007190317
/data/Zeyu/Pooling/cat_dog_data/test_set/test_set/cats/cat.4070.jpg,0,0,0.9929784,0.006814131
/data/Zeyu/Pooling/cat_dog_data/test_set/test_set/cats/cat.4071.jpg,0,0,0.8854571,0.11407218
/data/Zeyu/Pooling/cat_dog_data/test_set/test_set/cats/cat.4072.jpg,0,0,0.9999553,2.858748e-11
/data/Zeyu/Pooling/cat_dog_data/test_set/test_set/cats/cat.4073.jpg,0,0,0.9999511,7.628584e-09
/data/Zeyu/Pooling/cat_dog_data/test_set/test_set/cats/cat.4074.jpg,0,0,0.9998925,7.6863955e-09
/data/Zeyu/Pooling/cat_dog_data/test_set/test_set/cats/cat.4075.jpg,0,0,0.99998677,4.3655127e-12
/data/Zeyu/Pooling/cat_dog_data/test_set/test_set/cats/cat.4076.jpg,0,0,0.9983027,0.0015384081
/data/Zeyu/Pooling/cat_dog_data/test_set/test_set/cats/cat.4077.jpg,0,0,0.99989986,1.7221446e-06
/data/Zeyu/Pooling/cat_dog_data/test_set/test_set/cats/cat.4078.jpg,0,0,0.9909305,0.008646627
/data/Zeyu/Pooling/cat_dog_data/test_set/test_set/cats/cat.4079.jpg,0,0,0.99957186,3.3541797e-05
/data/Zeyu/Pooling/cat_dog_data/test_set/test_set/cats/cat.4080.jpg,0,0,0.999998,2.871443e-16
/data/Zeyu/Pooling/cat_dog_data/test_set/test_set/cats/cat.4081.jpg,0,0,0.999597,5.1881056e-05
/data/Zeyu/Pooling/cat_dog_data/test_set/test_set/cats/cat.4082.jpg,0,0,0.99981457,1.2892363e-07
/data/Zeyu/Pooling/cat_dog_data/test_set/test_set/cats/cat.4083.jpg,0,0,0.9999194,7.0089584e-07
/data/Zeyu/Pooling/cat_dog_data/test_set/test_set/cats/cat.4084.jpg,0,0,0.9998833,2.2237376e-09
/data/Zeyu/Pooling/cat_dog_data/test_set/test_set/cats/cat.4085.jpg,0,0,0.97739214,0.022136321
/data/Zeyu/Pooling/cat_dog_data/test_set/test_set/cats/cat.4086.jpg,0,0,0.99996483,7.5975155e-12
/data/Zeyu/Pooling/cat_dog_data/test_set/test_set/cats/cat.4087.jpg,0,0,0.9998785,1.6365523e-07
/data/Zeyu/Pooling/cat_dog_data/test_set/test_set/cats/cat.4088.jpg,0,0,0.99992216,4.215887e-08
/data/Zeyu/Pooling/cat_dog_data/test_set/test_set/cats/cat.4089.jpg,0,0,0.9999765,8.445455e-11
/data/Zeyu/Pooling/cat_dog_data/test_set/test_set/cats/cat.4090.jpg,0,0,0.99985576,3.3183215e-07
/data/Zeyu/Pooling/cat_dog_data/test_set/test_set/cats/cat.4091.jpg,0,0,0.9997924,9.306029e-06
/data/Zeyu/Pooling/cat_dog_data/test_set/test_set/cats/cat.4092.jpg,0,0,0.99985754,1.5094524e-05
/data/Zeyu/Pooling/cat_dog_data/test_set/test_set/cats/cat.4093.jpg,0,0,0.9999976,2.572825e-16
/data/Zeyu/Pooling/cat_dog_data/test_set/test_set/cats/cat.4094.jpg,0,0,0.99997497,2.4543274e-13
/data/Zeyu/Pooling/cat_dog_data/test_set/test_set/cats/cat.4095.jpg,0,0,0.9997421,2.914761e-05
/data/Zeyu/Pooling/cat_dog_data/test_set/test_set/cats/cat.4096.jpg,0,0,0.9999925,1.7596756e-13
/data/Zeyu/Pooling/cat_dog_data/test_set/test_set/cats/cat.4097.jpg,0,0,0.99998784,1.5789414e-10
/data/Zeyu/Pooling/cat_dog_data/test_set/test_set/cats/cat.4098.jpg,0,0,0.9999747,2.654503e-10
/data/Zeyu/Pooling/cat_dog_data/test_set/test_set/cats/cat.4099.jpg,0,0,0.9999509,7.246098e-12
/data/Zeyu/Pooling/cat_dog_data/test_set/test_set/cats/cat.4100.jpg,0,0,0.9999945,1.4991845e-14
/data/Zeyu/Pooling/cat_dog_data/test_set/test_set/cats/cat.4101.jpg,0,0,0.9999428,3.3660714e-09
/data/Zeyu/Pooling/cat_dog_data/test_set/test_set/cats/cat.4102.jpg,0,0,0.9999809,4.940521e-12
/data/Zeyu/Pooling/cat_dog_data/test_set/test_set/cats/cat.4103.jpg,0,0,0.99995863,5.9311456e-10
/data/Zeyu/Pooling/cat_dog_data/test_set/test_set/cats/cat.4104.jpg,0,0,0.99981254,9.119384e-05
/data/Zeyu/Pooling/cat_dog_data/test_set/test_set/cats/cat.4105.jpg,0,0,0.99997747,1.172036e-13
/data/Zeyu/Pooling/cat_dog_data/test_set/test_set/cats/cat.4106.jpg,0,0,0.99999166,9.978392e-15
/data/Zeyu/Pooling/cat_dog_data/test_set/test_set/cats/cat.4107.jpg,0,0,0.99997234,4.752753e-12
/data/Zeyu/Pooling/cat_dog_data/test_set/test_set/cats/cat.4108.jpg,0,0,0.9999509,1.7306605e-10
/data/Zeyu/Pooling/cat_dog_data/test_set/test_set/cats/cat.4109.jpg,0,0,0.94986504,0.049685
/data/Zeyu/Pooling/cat_dog_data/test_set/test_set/cats/cat.4110.jpg,0,0,0.99923027,0.0005474395
/data/Zeyu/Pooling/cat_dog_data/test_set/test_set/cats/cat.4111.jpg,0,0,0.9999131,4.450928e-07
/data/Zeyu/Pooling/cat_dog_data/test_set/test_set/cats/cat.4112.jpg,0,0,0.99993885,1.5461185e-10
/data/Zeyu/Pooling/cat_dog_data/test_set/test_set/cats/cat.4113.jpg,0,0,0.99993885,1.5461185e-10
/data/Zeyu/Pooling/cat_dog_data/test_set/test_set/cats/cat.4114.jpg,0,0,0.9999862,1.2644067e-12
/data/Zeyu/Pooling/cat_dog_data/test_set/test_set/cats/cat.4115.jpg,0,0,0.9999194,2.1787194e-08
/data/Zeyu/Pooling/cat_dog_data/test_set/test_set/cats/cat.4116.jpg,0,0,0.9999708,8.866681e-10
/data/Zeyu/Pooling/cat_dog_data/test_set/test_set/cats/cat.4117.jpg,0,1,0.23930386,0.76038426
/data/Zeyu/Pooling/cat_dog_data/test_set/test_set/cats/cat.4118.jpg,0,0,0.9999653,3.7167205e-10
/data/Zeyu/Pooling/cat_dog_data/test_set/test_set/cats/cat.4119.jpg,0,0,0.99873513,0.0010069984
/data/Zeyu/Pooling/cat_dog_data/test_set/test_set/cats/cat.4120.jpg,0,0,0.99873513,0.0010069984
/data/Zeyu/Pooling/cat_dog_data/test_set/test_set/cats/cat.4121.jpg,0,0,0.99986994,7.715023e-06
/data/Zeyu/Pooling/cat_dog_data/test_set/test_set/cats/cat.4122.jpg,0,0,0.9999312,5.0249633e-07
/data/Zeyu/Pooling/cat_dog_data/test_set/test_set/cats/cat.4123.jpg,0,0,0.99999154,1.8516632e-15
/data/Zeyu/Pooling/cat_dog_data/test_set/test_set/cats/cat.4124.jpg,0,0,0.9999237,1.11163065e-10
/data/Zeyu/Pooling/cat_dog_data/test_set/test_set/cats/cat.4125.jpg,0,0,0.7509691,0.24851584
/data/Zeyu/Pooling/cat_dog_data/test_set/test_set/cats/cat.4126.jpg,0,0,0.9999987,1.5073085e-17
/data/Zeyu/Pooling/cat_dog_data/test_set/test_set/cats/cat.4127.jpg,0,0,0.9999987,1.5073085e-17
/data/Zeyu/Pooling/cat_dog_data/test_set/test_set/cats/cat.4128.jpg,0,0,0.999969,3.5253422e-10
/data/Zeyu/Pooling/cat_dog_data/test_set/test_set/cats/cat.4001.jpg,0,0,0.9998311,1.4115032e-05
/data/Zeyu/Pooling/cat_dog_data/test_set/test_set/cats/cat.4002.jpg,0,0,0.99996686,6.5495845e-11
/data/Zeyu/Pooling/cat_dog_data/test_set/test_set/cats/cat.4003.jpg,0,0,0.8647885,0.13414526
/data/Zeyu/Pooling/cat_dog_data/test_set/test_set/cats/cat.4004.jpg,0,0,0.9999715,2.001005e-11
/data/Zeyu/Pooling/cat_dog_data/test_set/test_set/cats/cat.4005.jpg,0,0,0.9999832,1.315397e-10
/data/Zeyu/Pooling/cat_dog_data/test_set/test_set/cats/cat.4006.jpg,0,0,0.9988086,0.0007492593
/data/Zeyu/Pooling/cat_dog_data/test_set/test_set/cats/cat.4007.jpg,0,0,0.99987173,3.2732946e-06
/data/Zeyu/Pooling/cat_dog_data/test_set/test_set/cats/cat.4008.jpg,0,0,0.99989235,1.0411928e-06
/data/Zeyu/Pooling/cat_dog_data/test_set/test_set/cats/cat.4009.jpg,0,0,0.9997913,1.6527285e-05
/data/Zeyu/Pooling/cat_dog_data/test_set/test_set/cats/cat.4010.jpg,0,0,0.99406165,0.0055909087
/data/Zeyu/Pooling/cat_dog_data/test_set/test_set/cats/cat.4011.jpg,0,0,0.99998343,4.597464e-09
/data/Zeyu/Pooling/cat_dog_data/test_set/test_set/cats/cat.4012.jpg,0,0,0.9999865,1.590848e-12
/data/Zeyu/Pooling/cat_dog_data/test_set/test_set/cats/cat.4013.jpg,0,0,0.9999535,6.7481727e-09
/data/Zeyu/Pooling/cat_dog_data/test_set/test_set/cats/cat.4014.jpg,0,0,0.9996138,0.00024129513
/data/Zeyu/Pooling/cat_dog_data/test_set/test_set/cats/cat.4015.jpg,0,0,0.9997204,7.856419e-05
/data/Zeyu/Pooling/cat_dog_data/test_set/test_set/cats/cat.4016.jpg,0,0,0.99995613,1.5697975e-06
/data/Zeyu/Pooling/cat_dog_data/test_set/test_set/cats/cat.4017.jpg,0,0,0.9999939,5.969443e-14
/data/Zeyu/Pooling/cat_dog_data/test_set/test_set/cats/cat.4018.jpg,0,0,0.9992968,3.758877e-05
/data/Zeyu/Pooling/cat_dog_data/test_set/test_set/cats/cat.4019.jpg,0,0,0.9988356,0.0008842671
/data/Zeyu/Pooling/cat_dog_data/test_set/test_set/cats/cat.4020.jpg,0,0,0.99989545,1.5216243e-09
/data/Zeyu/Pooling/cat_dog_data/test_set/test_set/cats/cat.4021.jpg,0,0,0.9939213,0.0054720463
/data/Zeyu/Pooling/cat_dog_data/test_set/test_set/cats/cat.4022.jpg,0,0,0.9999796,1.1205552e-10
/data/Zeyu/Pooling/cat_dog_data/test_set/test_set/cats/cat.4023.jpg,0,0,0.9998678,7.4699744e-07
/data/Zeyu/Pooling/cat_dog_data/test_set/test_set/cats/cat.4024.jpg,0,0,0.99998283,7.4729025e-12
/data/Zeyu/Pooling/cat_dog_data/test_set/test_set/cats/cat.4025.jpg,0,0,0.99991095,2.7704095e-07
/data/Zeyu/Pooling/cat_dog_data/test_set/test_set/cats/cat.4026.jpg,0,0,0.99993014,1.0545922e-05
/data/Zeyu/Pooling/cat_dog_data/test_set/test_set/cats/cat.4027.jpg,0,0,0.9998103,1.2044019e-05
/data/Zeyu/Pooling/cat_dog_data/test_set/test_set/cats/cat.4028.jpg,0,0,0.99991953,1.2893095e-10
/data/Zeyu/Pooling/cat_dog_data/test_set/test_set/cats/cat.4029.jpg,0,0,0.9998939,3.4707675e-08
/data/Zeyu/Pooling/cat_dog_data/test_set/test_set/cats/cat.4030.jpg,0,0,0.9997576,7.073016e-06
/data/Zeyu/Pooling/cat_dog_data/test_set/test_set/cats/cat.4031.jpg,0,0,0.9998197,2.9945298e-08
/data/Zeyu/Pooling/cat_dog_data/test_set/test_set/cats/cat.4032.jpg,0,0,0.99936146,7.0747324e-06
/data/Zeyu/Pooling/cat_dog_data/test_set/test_set/cats/cat.4033.jpg,0,0,0.9997702,4.4213153e-05
/data/Zeyu/Pooling/cat_dog_data/test_set/test_set/cats/cat.4034.jpg,0,0,0.9999398,7.069799e-08
/data/Zeyu/Pooling/cat_dog_data/test_set/test_set/cats/cat.4035.jpg,0,0,0.9075713,0.09191276
/data/Zeyu/Pooling/cat_dog_data/test_set/test_set/cats/cat.4036.jpg,0,0,0.99997663,2.3159733e-11
/data/Zeyu/Pooling/cat_dog_data/test_set/test_set/cats/cat.4037.jpg,0,0,0.9998791,1.867578e-08
/data/Zeyu/Pooling/cat_dog_data/test_set/test_set/cats/cat.4038.jpg,0,0,0.99994004,7.189497e-11
/data/Zeyu/Pooling/cat_dog_data/test_set/test_set/cats/cat.4039.jpg,0,0,0.9999182,2.0081418e-07
/data/Zeyu/Pooling/cat_dog_data/test_set/test_set/cats/cat.4040.jpg,0,0,0.9997571,1.7195832e-06
/data/Zeyu/Pooling/cat_dog_data/test_set/test_set/cats/cat.4041.jpg,0,0,0.999974,1.1848351e-12
/data/Zeyu/Pooling/cat_dog_data/test_set/test_set/cats/cat.4042.jpg,0,0,0.99989367,1.6414007e-05
/data/Zeyu/Pooling/cat_dog_data/test_set/test_set/cats/cat.4043.jpg,0,0,0.9990589,0.00024384852
/data/Zeyu/Pooling/cat_dog_data/test_set/test_set/cats/cat.4044.jpg,0,0,0.9999708,2.6947902e-09
/data/Zeyu/Pooling/cat_dog_data/test_set/test_set/cats/cat.4045.jpg,0,0,0.99992335,5.1423155e-09
/data/Zeyu/Pooling/cat_dog_data/test_set/test_set/cats/cat.4046.jpg,0,0,0.9998288,4.4722012e-07
/data/Zeyu/Pooling/cat_dog_data/test_set/test_set/cats/cat.4047.jpg,0,0,0.9999895,1.1311371e-11
/data/Zeyu/Pooling/cat_dog_data/test_set/test_set/cats/cat.4048.jpg,0,0,0.99988675,2.922328e-09
/data/Zeyu/Pooling/cat_dog_data/test_set/test_set/cats/cat.4049.jpg,0,0,0.99509346,0.004689
/data/Zeyu/Pooling/cat_dog_data/test_set/test_set/cats/cat.4050.jpg,0,0,0.99996865,2.6130986e-10
/data/Zeyu/Pooling/cat_dog_data/test_set/test_set/cats/cat.4051.jpg,0,0,0.9999293,3.7947073e-10
/data/Zeyu/Pooling/cat_dog_data/test_set/test_set/cats/cat.4052.jpg,0,0,0.9996741,3.6314734e-06
/data/Zeyu/Pooling/cat_dog_data/test_set/test_set/cats/cat.4053.jpg,0,0,0.9999455,8.902132e-09
/data/Zeyu/Pooling/cat_dog_data/test_set/test_set/cats/cat.4054.jpg,0,0,0.9998124,6.0878905e-05
/data/Zeyu/Pooling/cat_dog_data/test_set/test_set/cats/cat.4055.jpg,0,0,0.999915,1.5124089e-06
/data/Zeyu/Pooling/cat_dog_data/test_set/test_set/cats/cat.4056.jpg,0,0,0.99992454,1.8187613e-06
/data/Zeyu/Pooling/cat_dog_data/test_set/test_set/cats/cat.4057.jpg,0,1,0.40857765,0.59075314
/data/Zeyu/Pooling/cat_dog_data/test_set/test_set/cats/cat.4058.jpg,0,0,0.9999471,4.071597e-09
/data/Zeyu/Pooling/cat_dog_data/test_set/test_set/cats/cat.4059.jpg,0,0,0.9999945,1.1519167e-13
/data/Zeyu/Pooling/cat_dog_data/test_set/test_set/cats/cat.4060.jpg,0,0,0.9999862,7.6630493e-13
/data/Zeyu/Pooling/cat_dog_data/test_set/test_set/cats/cat.4061.jpg,0,0,0.9999838,3.316626e-13
/data/Zeyu/Pooling/cat_dog_data/test_set/test_set/cats/cat.4062.jpg,0,0,0.9999436,5.210667e-08
/data/Zeyu/Pooling/cat_dog_data/test_set/test_set/cats/cat.4063.jpg,0,0,0.99998033,2.4363128e-10
/data/Zeyu/Pooling/cat_dog_data/test_set/test_set/cats/cat.4064.jpg,0,0,0.9999932,9.1674454e-12
/data/Zeyu/Pooling/cat_dog_data/test_set/test_set/cats/cat.4065.jpg,0,0,0.99981004,1.841493e-05
/data/Zeyu/Pooling/cat_dog_data/test_set/test_set/cats/cat.4066.jpg,0,0,0.9998684,1.9532746e-07
/data/Zeyu/Pooling/cat_dog_data/test_set/test_set/cats/cat.4067.jpg,0,0,0.999962,5.995752e-09
/data/Zeyu/Pooling/cat_dog_data/test_set/test_set/cats/cat.4068.jpg,0,0,0.99849904,0.0005614776
/data/Zeyu/Pooling/cat_dog_data/test_set/test_set/cats/cat.4069.jpg,0,0,0.9999826,2.8168778e-11
/data/Zeyu/Pooling/cat_dog_data/test_set/test_set/cats/cat.4070.jpg,0,0,0.99991834,4.4102114e-07
/data/Zeyu/Pooling/cat_dog_data/test_set/test_set/cats/cat.4071.jpg,0,0,0.99997985,4.6521554e-13
/data/Zeyu/Pooling/cat_dog_data/test_set/test_set/cats/cat.4072.jpg,0,0,0.99995697,1.4145032e-10
/data/Zeyu/Pooling/cat_dog_data/test_set/test_set/cats/cat.4073.jpg,0,0,0.99990296,5.8484e-09
/data/Zeyu/Pooling/cat_dog_data/test_set/test_set/cats/cat.4074.jpg,0,0,0.9997594,1.0627781e-05
/data/Zeyu/Pooling/cat_dog_data/test_set/test_set/cats/cat.4075.jpg,0,0,0.99995124,2.85362e-08
/data/Zeyu/Pooling/cat_dog_data/test_set/test_set/cats/cat.4076.jpg,0,0,0.9997024,4.8179854e-06
/data/Zeyu/Pooling/cat_dog_data/test_set/test_set/cats/cat.4077.jpg,0,0,0.99998987,4.1994522e-13
/data/Zeyu/Pooling/cat_dog_data/test_set/test_set/cats/cat.4078.jpg,0,0,0.99995375,4.5281937e-13
/data/Zeyu/Pooling/cat_dog_data/test_set/test_set/cats/cat.4079.jpg,0,0,0.9997992,2.8103825e-06
/data/Zeyu/Pooling/cat_dog_data/test_set/test_set/cats/cat.4080.jpg,0,0,0.9999523,2.5854816e-10
/data/Zeyu/Pooling/cat_dog_data/test_set/test_set/cats/cat.4081.jpg,0,0,0.9999831,9.4778456e-11
/data/Zeyu/Pooling/cat_dog_data/test_set/test_set/cats/cat.4082.jpg,0,0,0.9997094,2.8389812e-05
/data/Zeyu/Pooling/cat_dog_data/test_set/test_set/cats/cat.4083.jpg,0,0,0.9999869,7.1130325e-13
/data/Zeyu/Pooling/cat_dog_data/test_set/test_set/cats/cat.4084.jpg,0,0,0.99997604,1.9133464e-12
/data/Zeyu/Pooling/cat_dog_data/test_set/test_set/cats/cat.4085.jpg,0,0,0.99997044,2.8376641e-11
/data/Zeyu/Pooling/cat_dog_data/test_set/test_set/cats/cat.4086.jpg,0,0,0.9997943,2.097705e-06
/data/Zeyu/Pooling/cat_dog_data/test_set/test_set/cats/cat.4087.jpg,0,0,0.999977,9.208269e-12
/data/Zeyu/Pooling/cat_dog_data/test_set/test_set/cats/cat.4088.jpg,0,0,0.99991393,2.3415918e-09
/data/Zeyu/Pooling/cat_dog_data/test_set/test_set/cats/cat.4089.jpg,0,0,0.99992967,2.5450595e-09
/data/Zeyu/Pooling/cat_dog_data/test_set/test_set/cats/cat.4090.jpg,0,0,0.9999099,6.8746577e-09
/data/Zeyu/Pooling/cat_dog_data/test_set/test_set/cats/cat.4091.jpg,0,0,0.99988306,1.1934003e-06
/data/Zeyu/Pooling/cat_dog_data/test_set/test_set/cats/cat.4092.jpg,0,0,0.9999901,2.2404806e-14
/data/Zeyu/Pooling/cat_dog_data/test_set/test_set/cats/cat.4093.jpg,0,0,0.9999769,3.261162e-10
/data/Zeyu/Pooling/cat_dog_data/test_set/test_set/cats/cat.4094.jpg,0,0,0.9999131,1.5383876e-07
/data/Zeyu/Pooling/cat_dog_data/test_set/test_set/cats/cat.4095.jpg,0,0,0.99999714,1.9506864e-19
/data/Zeyu/Pooling/cat_dog_data/test_set/test_set/cats/cat.4096.jpg,0,0,0.99994195,1.6665401e-10
/data/Zeyu/Pooling/cat_dog_data/test_set/test_set/cats/cat.4097.jpg,0,0,0.99993587,2.0129852e-10
/data/Zeyu/Pooling/cat_dog_data/test_set/test_set/cats/cat.4098.jpg,0,0,0.9997453,3.481172e-05
/data/Zeyu/Pooling/cat_dog_data/test_set/test_set/cats/cat.4099.jpg,0,0,0.99997914,1.7747984e-11
/data/Zeyu/Pooling/cat_dog_data/test_set/test_set/cats/cat.4100.jpg,0,0,0.9999651,2.014252e-08
/data/Zeyu/Pooling/cat_dog_data/test_set/test_set/cats/cat.4101.jpg,0,0,0.99991965,3.8802378e-10
/data/Zeyu/Pooling/cat_dog_data/test_set/test_set/cats/cat.4102.jpg,0,0,0.99998605,8.742604e-12
/data/Zeyu/Pooling/cat_dog_data/test_set/test_set/cats/cat.4103.jpg,0,0,0.99996555,1.4763983e-09
/data/Zeyu/Pooling/cat_dog_data/test_set/test_set/cats/cat.4104.jpg,0,0,0.9998203,4.0023406e-06
/data/Zeyu/Pooling/cat_dog_data/test_set/test_set/cats/cat.4105.jpg,0,0,0.99999595,4.0914057e-17
/data/Zeyu/Pooling/cat_dog_data/test_set/test_set/cats/cat.4106.jpg,0,0,0.9999713,2.1491335e-10
/data/Zeyu/Pooling/cat_dog_data/test_set/test_set/cats/cat.4107.jpg,0,0,0.9998197,7.999258e-07
/data/Zeyu/Pooling/cat_dog_data/test_set/test_set/cats/cat.4108.jpg,0,0,0.9996896,0.00010127012
/data/Zeyu/Pooling/cat_dog_data/test_set/test_set/cats/cat.4109.jpg,0,0,0.999992,3.483571e-15
/data/Zeyu/Pooling/cat_dog_data/test_set/test_set/cats/cat.4110.jpg,0,0,0.9987796,0.0010861814
/data/Zeyu/Pooling/cat_dog_data/test_set/test_set/cats/cat.4111.jpg,0,0,0.9998803,2.1746914e-07
/data/Zeyu/Pooling/cat_dog_data/test_set/test_set/cats/cat.4112.jpg,0,0,0.9999522,1.3541089e-09
/data/Zeyu/Pooling/cat_dog_data/test_set/test_set/cats/cat.4113.jpg,0,0,0.99992895,1.2807463e-09
/data/Zeyu/Pooling/cat_dog_data/test_set/test_set/cats/cat.4114.jpg,0,0,0.99609923,0.0037317045
/data/Zeyu/Pooling/cat_dog_data/test_set/test_set/cats/cat.4115.jpg,0,0,0.99992025,1.4705794e-08
/data/Zeyu/Pooling/cat_dog_data/test_set/test_set/cats/cat.4116.jpg,0,0,0.9999857,8.416919e-12
/data/Zeyu/Pooling/cat_dog_data/test_set/test_set/cats/cat.4117.jpg,0,0,0.9999485,2.717882e-08
/data/Zeyu/Pooling/cat_dog_data/test_set/test_set/cats/cat.4118.jpg,0,0,0.9999949,1.0364408e-14
/data/Zeyu/Pooling/cat_dog_data/test_set/test_set/cats/cat.4119.jpg,0,0,0.9999367,2.6956053e-07
/data/Zeyu/Pooling/cat_dog_data/test_set/test_set/cats/cat.4120.jpg,0,0,0.99997985,6.9941336e-10
/data/Zeyu/Pooling/cat_dog_data/test_set/test_set/cats/cat.4121.jpg,0,0,0.99999535,2.4496208e-17
/data/Zeyu/Pooling/cat_dog_data/test_set/test_set/cats/cat.4122.jpg,0,0,0.99997985,2.2705761e-10
/data/Zeyu/Pooling/cat_dog_data/test_set/test_set/cats/cat.4123.jpg,0,0,0.99987996,2.095737e-06
/data/Zeyu/Pooling/cat_dog_data/test_set/test_set/cats/cat.4124.jpg,0,0,0.9472552,0.052167796
/data/Zeyu/Pooling/cat_dog_data/test_set/test_set/cats/cat.4125.jpg,0,0,0.99994135,4.6995152e-07
/data/Zeyu/Pooling/cat_dog_data/test_set/test_set/cats/cat.4126.jpg,0,0,0.9999417,2.5886168e-10
/data/Zeyu/Pooling/cat_dog_data/test_set/test_set/cats/cat.4127.jpg,0,0,0.97028965,0.028903669
/data/Zeyu/Pooling/cat_dog_data/test_set/test_set/cats/cat.4128.jpg,0,0,0.9999248,8.75792e-09
/data/Zeyu/Pooling/cat_dog_data/test_set/test_set/cats/cat.4001.jpg,0,0,0.99999094,2.3882712e-15
/data/Zeyu/Pooling/cat_dog_data/test_set/test_set/cats/cat.4002.jpg,0,0,0.9999764,1.847071e-11
/data/Zeyu/Pooling/cat_dog_data/test_set/test_set/cats/cat.4003.jpg,0,0,0.7657513,0.23353629
/data/Zeyu/Pooling/cat_dog_data/test_set/test_set/cats/cat.4004.jpg,0,0,0.99987185,1.7161443e-05
/data/Zeyu/Pooling/cat_dog_data/test_set/test_set/cats/cat.4005.jpg,0,0,0.99157554,0.008061498
/data/Zeyu/Pooling/cat_dog_data/test_set/test_set/cats/cat.4006.jpg,0,0,0.9999238,8.487293e-09
/data/Zeyu/Pooling/cat_dog_data/test_set/test_set/cats/cat.4007.jpg,0,0,0.99996996,1.3650321e-09
/data/Zeyu/Pooling/cat_dog_data/test_set/test_set/cats/cat.4008.jpg,0,0,0.99967766,2.996308e-07
/data/Zeyu/Pooling/cat_dog_data/test_set/test_set/cats/cat.4009.jpg,0,0,0.9999671,4.8375255e-09
/data/Zeyu/Pooling/cat_dog_data/test_set/test_set/cats/cat.4010.jpg,0,0,0.99999547,1.1136919e-15
/data/Zeyu/Pooling/cat_dog_data/test_set/test_set/cats/cat.4011.jpg,0,0,0.99997854,1.6844198e-11
/data/Zeyu/Pooling/cat_dog_data/test_set/test_set/cats/cat.4012.jpg,0,1,0.025806166,0.97399116
/data/Zeyu/Pooling/cat_dog_data/test_set/test_set/cats/cat.4013.jpg,0,0,0.9997627,2.5841657e-06
/data/Zeyu/Pooling/cat_dog_data/test_set/test_set/cats/cat.4014.jpg,0,1,0.2845369,0.7148483
/data/Zeyu/Pooling/cat_dog_data/test_set/test_set/cats/cat.4015.jpg,0,0,0.99990785,6.846275e-09
/data/Zeyu/Pooling/cat_dog_data/test_set/test_set/cats/cat.4016.jpg,0,0,0.9999653,6.434942e-09
/data/Zeyu/Pooling/cat_dog_data/test_set/test_set/cats/cat.4017.jpg,0,0,0.9999012,7.9338724e-10
/data/Zeyu/Pooling/cat_dog_data/test_set/test_set/cats/cat.4018.jpg,0,0,0.9999933,4.196164e-15
/data/Zeyu/Pooling/cat_dog_data/test_set/test_set/cats/cat.4019.jpg,0,0,0.9997694,2.886778e-07
/data/Zeyu/Pooling/cat_dog_data/test_set/test_set/cats/cat.4020.jpg,0,0,0.9999534,3.4042955e-07
/data/Zeyu/Pooling/cat_dog_data/test_set/test_set/cats/cat.4021.jpg,0,0,0.99962497,0.00022199443
/data/Zeyu/Pooling/cat_dog_data/test_set/test_set/cats/cat.4022.jpg,0,0,0.99967015,2.6865115e-05
/data/Zeyu/Pooling/cat_dog_data/test_set/test_set/cats/cat.4023.jpg,0,0,0.99948335,7.425156e-05
/data/Zeyu/Pooling/cat_dog_data/test_set/test_set/cats/cat.4024.jpg,0,0,0.99989164,5.8856344e-06
/data/Zeyu/Pooling/cat_dog_data/test_set/test_set/cats/cat.4025.jpg,0,0,0.99999034,1.8823645e-14
/data/Zeyu/Pooling/cat_dog_data/test_set/test_set/cats/cat.4026.jpg,0,0,0.99998856,3.5981639e-12
/data/Zeyu/Pooling/cat_dog_data/test_set/test_set/cats/cat.4027.jpg,0,0,0.9999622,3.7147653e-11
/data/Zeyu/Pooling/cat_dog_data/test_set/test_set/cats/cat.4028.jpg,0,0,0.99995077,6.6730474e-09
/data/Zeyu/Pooling/cat_dog_data/test_set/test_set/cats/cat.4029.jpg,0,0,0.7895992,0.2096756
/data/Zeyu/Pooling/cat_dog_data/test_set/test_set/cats/cat.4030.jpg,0,0,0.99993455,6.593508e-10
/data/Zeyu/Pooling/cat_dog_data/test_set/test_set/cats/cat.4031.jpg,0,0,0.9999409,4.32926e-08
/data/Zeyu/Pooling/cat_dog_data/test_set/test_set/cats/cat.4032.jpg,0,0,0.9995339,4.6606925e-05
/data/Zeyu/Pooling/cat_dog_data/test_set/test_set/cats/cat.4033.jpg,0,0,0.9987637,0.0010220986
/data/Zeyu/Pooling/cat_dog_data/test_set/test_set/cats/cat.4034.jpg,0,0,0.9999356,7.5376505e-09
/data/Zeyu/Pooling/cat_dog_data/test_set/test_set/cats/cat.4035.jpg,0,0,0.99986804,4.212088e-09
/data/Zeyu/Pooling/cat_dog_data/test_set/test_set/cats/cat.4036.jpg,0,0,0.9999846,1.3817329e-13
/data/Zeyu/Pooling/cat_dog_data/test_set/test_set/cats/cat.4037.jpg,0,0,0.99998057,2.3068025e-12
/data/Zeyu/Pooling/cat_dog_data/test_set/test_set/cats/cat.4038.jpg,0,0,0.9999591,2.6283962e-09
/data/Zeyu/Pooling/cat_dog_data/test_set/test_set/cats/cat.4039.jpg,0,0,0.9998846,2.931976e-08
/data/Zeyu/Pooling/cat_dog_data/test_set/test_set/cats/cat.4040.jpg,0,0,0.9999099,5.4526944e-10
/data/Zeyu/Pooling/cat_dog_data/test_set/test_set/cats/cat.4041.jpg,0,0,0.9999212,5.48569e-06
/data/Zeyu/Pooling/cat_dog_data/test_set/test_set/cats/cat.4042.jpg,0,0,0.9999628,2.9192365e-12
/data/Zeyu/Pooling/cat_dog_data/test_set/test_set/cats/cat.4043.jpg,0,0,0.9999584,9.380516e-07
/data/Zeyu/Pooling/cat_dog_data/test_set/test_set/cats/cat.4044.jpg,0,0,0.99998474,2.5518795e-12
/data/Zeyu/Pooling/cat_dog_data/test_set/test_set/cats/cat.4045.jpg,0,0,0.99998474,2.5518795e-12
/data/Zeyu/Pooling/cat_dog_data/test_set/test_set/cats/cat.4046.jpg,0,0,0.9999559,3.680419e-10
/data/Zeyu/Pooling/cat_dog_data/test_set/test_set/cats/cat.4047.jpg,0,0,0.9999049,6.219539e-08
/data/Zeyu/Pooling/cat_dog_data/test_set/test_set/cats/cat.4048.jpg,0,0,0.99999714,7.738636e-19
/data/Zeyu/Pooling/cat_dog_data/test_set/test_set/cats/cat.4049.jpg,0,0,0.95528805,0.044257835
/data/Zeyu/Pooling/cat_dog_data/test_set/test_set/cats/cat.4050.jpg,0,0,0.99997437,3.947266e-11
/data/Zeyu/Pooling/cat_dog_data/test_set/test_set/cats/cat.4051.jpg,0,0,0.99981207,5.963913e-05
/data/Zeyu/Pooling/cat_dog_data/test_set/test_set/cats/cat.4052.jpg,0,0,0.9999621,6.394786e-10
/data/Zeyu/Pooling/cat_dog_data/test_set/test_set/cats/cat.4053.jpg,0,0,0.9999713,1.7409136e-09
/data/Zeyu/Pooling/cat_dog_data/test_set/test_set/cats/cat.4054.jpg,0,0,0.9999949,7.261594e-16
/data/Zeyu/Pooling/cat_dog_data/test_set/test_set/cats/cat.4055.jpg,0,0,0.99997926,2.533671e-10
/data/Zeyu/Pooling/cat_dog_data/test_set/test_set/cats/cat.4056.jpg,0,0,0.99986815,3.3955837e-06
/data/Zeyu/Pooling/cat_dog_data/test_set/test_set/cats/cat.4057.jpg,0,0,0.99990857,1.2474705e-06
/data/Zeyu/Pooling/cat_dog_data/test_set/test_set/cats/cat.4058.jpg,0,0,0.99990296,8.6251276e-07
/data/Zeyu/Pooling/cat_dog_data/test_set/test_set/cats/cat.4059.jpg,0,0,0.9997682,6.072303e-05
/data/Zeyu/Pooling/cat_dog_data/test_set/test_set/cats/cat.4060.jpg,0,0,0.9997682,6.072303e-05
/data/Zeyu/Pooling/cat_dog_data/test_set/test_set/cats/cat.4061.jpg,0,0,0.9988444,0.0007691144
/data/Zeyu/Pooling/cat_dog_data/test_set/test_set/cats/cat.4062.jpg,0,0,0.9996586,2.9901767e-05
/data/Zeyu/Pooling/cat_dog_data/test_set/test_set/cats/cat.4063.jpg,0,0,0.99999535,1.141967e-12
/data/Zeyu/Pooling/cat_dog_data/test_set/test_set/cats/cat.4064.jpg,0,0,0.9898693,0.009892323
/data/Zeyu/Pooling/cat_dog_data/test_set/test_set/cats/cat.4065.jpg,0,0,0.99995327,6.803727e-10
/data/Zeyu/Pooling/cat_dog_data/test_set/test_set/cats/cat.4066.jpg,0,0,0.9999033,1.2855526e-08
/data/Zeyu/Pooling/cat_dog_data/test_set/test_set/cats/cat.4067.jpg,0,0,0.99995744,2.7235665e-09
/data/Zeyu/Pooling/cat_dog_data/test_set/test_set/cats/cat.4068.jpg,0,0,0.99987113,3.134343e-06
/data/Zeyu/Pooling/cat_dog_data/test_set/test_set/cats/cat.4069.jpg,0,0,0.9999366,1.605324e-07
/data/Zeyu/Pooling/cat_dog_data/test_set/test_set/cats/cat.4070.jpg,0,0,0.999943,7.3118736e-07
/data/Zeyu/Pooling/cat_dog_data/test_set/test_set/cats/cat.4071.jpg,0,0,0.9999784,1.2763243e-10
/data/Zeyu/Pooling/cat_dog_data/test_set/test_set/cats/cat.4072.jpg,0,0,0.9999944,2.7151266e-15
/data/Zeyu/Pooling/cat_dog_data/test_set/test_set/cats/cat.4073.jpg,0,0,0.9999864,6.692177e-12
/data/Zeyu/Pooling/cat_dog_data/test_set/test_set/cats/cat.4074.jpg,0,0,0.9997793,0.00012748431
/data/Zeyu/Pooling/cat_dog_data/test_set/test_set/cats/cat.4075.jpg,0,0,0.99996793,8.71764e-11
/data/Zeyu/Pooling/cat_dog_data/test_set/test_set/cats/cat.4076.jpg,0,0,0.5200353,0.47930887
/data/Zeyu/Pooling/cat_dog_data/test_set/test_set/cats/cat.4077.jpg,0,0,0.9999578,2.396753e-11
/data/Zeyu/Pooling/cat_dog_data/test_set/test_set/cats/cat.4078.jpg,0,0,0.9999361,8.679644e-09
/data/Zeyu/Pooling/cat_dog_data/test_set/test_set/cats/cat.4079.jpg,0,0,0.999954,2.3186125e-11
/data/Zeyu/Pooling/cat_dog_data/test_set/test_set/cats/cat.4080.jpg,0,0,0.99999523,3.4675399e-15
/data/Zeyu/Pooling/cat_dog_data/test_set/test_set/cats/cat.4081.jpg,0,0,0.9995987,0.00015742458
/data/Zeyu/Pooling/cat_dog_data/test_set/test_set/cats/cat.4082.jpg,0,0,0.9999647,3.9027323e-10
/data/Zeyu/Pooling/cat_dog_data/test_set/test_set/cats/cat.4083.jpg,0,0,0.9999844,1.5885328e-10
/data/Zeyu/Pooling/cat_dog_data/test_set/test_set/cats/cat.4084.jpg,0,0,0.99976665,0.00012423158
/data/Zeyu/Pooling/cat_dog_data/test_set/test_set/cats/cat.4085.jpg,0,0,0.51004535,0.48919547
/data/Zeyu/Pooling/cat_dog_data/test_set/test_set/cats/cat.4086.jpg,0,0,0.9999765,2.1009182e-10
/data/Zeyu/Pooling/cat_dog_data/test_set/test_set/cats/cat.4087.jpg,0,1,0.005792506,0.9941099
/data/Zeyu/Pooling/cat_dog_data/test_set/test_set/cats/cat.4088.jpg,0,0,0.9956612,0.003972376
/data/Zeyu/Pooling/cat_dog_data/test_set/test_set/cats/cat.4089.jpg,0,0,0.9999262,2.9545413e-09
/data/Zeyu/Pooling/cat_dog_data/test_set/test_set/cats/cat.4090.jpg,0,0,0.99998033,2.4433946e-11
/data/Zeyu/Pooling/cat_dog_data/test_set/test_set/cats/cat.4091.jpg,0,0,0.99982136,1.8596254e-06
/data/Zeyu/Pooling/cat_dog_data/test_set/test_set/cats/cat.4092.jpg,0,0,0.9999932,3.6533662e-12
/data/Zeyu/Pooling/cat_dog_data/test_set/test_set/cats/cat.4093.jpg,0,0,0.9988815,0.0009195399
/data/Zeyu/Pooling/cat_dog_data/test_set/test_set/cats/cat.4094.jpg,0,0,0.999949,8.46001e-10
/data/Zeyu/Pooling/cat_dog_data/test_set/test_set/cats/cat.4095.jpg,0,0,0.9826167,0.017071826
/data/Zeyu/Pooling/cat_dog_data/test_set/test_set/cats/cat.4096.jpg,0,0,0.9999709,1.9245605e-10
/data/Zeyu/Pooling/cat_dog_data/test_set/test_set/cats/cat.4097.jpg,0,0,0.99978894,1.51692475e-05
/data/Zeyu/Pooling/cat_dog_data/test_set/test_set/cats/cat.4098.jpg,0,0,0.9998529,1.7554692e-06
/data/Zeyu/Pooling/cat_dog_data/test_set/test_set/cats/cat.4099.jpg,0,0,0.99999356,4.3999995e-12
/data/Zeyu/Pooling/cat_dog_data/test_set/test_set/cats/cat.4100.jpg,0,0,0.99951947,0.00024936078
/data/Zeyu/Pooling/cat_dog_data/test_set/test_set/cats/cat.4101.jpg,0,0,0.999987,6.2259126e-12
/data/Zeyu/Pooling/cat_dog_data/test_set/test_set/cats/cat.4102.jpg,0,0,0.99997866,1.8952426e-11
/data/Zeyu/Pooling/cat_dog_data/test_set/test_set/cats/cat.4103.jpg,0,0,0.99995506,2.399565e-10
/data/Zeyu/Pooling/cat_dog_data/test_set/test_set/cats/cat.4104.jpg,0,0,0.99687296,0.0022340736
/data/Zeyu/Pooling/cat_dog_data/test_set/test_set/cats/cat.4105.jpg,0,0,0.99991643,8.344193e-10
/data/Zeyu/Pooling/cat_dog_data/test_set/test_set/cats/cat.4106.jpg,0,0,0.99981564,1.920376e-05
/data/Zeyu/Pooling/cat_dog_data/test_set/test_set/cats/cat.4107.jpg,0,0,0.9999672,6.084639e-10
/data/Zeyu/Pooling/cat_dog_data/test_set/test_set/cats/cat.4108.jpg,0,0,0.99997866,1.638469e-12
/data/Zeyu/Pooling/cat_dog_data/test_set/test_set/cats/cat.4109.jpg,0,0,0.9999391,2.6956158e-08
/data/Zeyu/Pooling/cat_dog_data/test_set/test_set/cats/cat.4110.jpg,0,0,0.9999796,7.300103e-12
/data/Zeyu/Pooling/cat_dog_data/test_set/test_set/cats/cat.4111.jpg,0,1,0.12775058,0.8718327
/data/Zeyu/Pooling/cat_dog_data/test_set/test_set/cats/cat.4112.jpg,0,0,0.9997577,2.279173e-05
/data/Zeyu/Pooling/cat_dog_data/test_set/test_set/cats/cat.4113.jpg,0,0,0.99995613,3.4572564e-10
/data/Zeyu/Pooling/cat_dog_data/test_set/test_set/cats/cat.4114.jpg,0,0,0.99992514,1.1081879e-10
/data/Zeyu/Pooling/cat_dog_data/test_set/test_set/cats/cat.4115.jpg,0,0,0.99992394,6.6471326e-09
/data/Zeyu/Pooling/cat_dog_data/test_set/test_set/cats/cat.4116.jpg,0,0,0.9902418,0.009473604
/data/Zeyu/Pooling/cat_dog_data/test_set/test_set/cats/cat.4117.jpg,0,1,0.131359,0.86827755
/data/Zeyu/Pooling/cat_dog_data/test_set/test_set/cats/cat.4118.jpg,0,0,0.9999285,6.0812305e-08
/data/Zeyu/Pooling/cat_dog_data/test_set/test_set/cats/cat.4119.jpg,0,0,0.99993575,2.1747972e-09
/data/Zeyu/Pooling/cat_dog_data/test_set/test_set/cats/cat.4120.jpg,0,0,0.9998721,7.173867e-09
/data/Zeyu/Pooling/cat_dog_data/test_set/test_set/cats/cat.4121.jpg,0,0,0.9999238,3.6983614e-08
/data/Zeyu/Pooling/cat_dog_data/test_set/test_set/cats/cat.4122.jpg,0,0,0.99994147,2.366177e-07
/data/Zeyu/Pooling/cat_dog_data/test_set/test_set/cats/cat.4123.jpg,0,0,0.93671334,0.06247868
/data/Zeyu/Pooling/cat_dog_data/test_set/test_set/cats/cat.4124.jpg,0,0,0.99994886,7.546575e-11
/data/Zeyu/Pooling/cat_dog_data/test_set/test_set/cats/cat.4125.jpg,0,0,0.99994886,8.244566e-12
/data/Zeyu/Pooling/cat_dog_data/test_set/test_set/cats/cat.4126.jpg,0,0,0.9999604,4.809731e-11
/data/Zeyu/Pooling/cat_dog_data/test_set/test_set/cats/cat.4127.jpg,0,0,0.9999883,2.4788535e-12
/data/Zeyu/Pooling/cat_dog_data/test_set/test_set/cats/cat.4128.jpg,0,0,0.97140956,0.027981168
/data/Zeyu/Pooling/cat_dog_data/test_set/test_set/cats/cat.4001.jpg,0,0,0.9999857,9.479195e-10
/data/Zeyu/Pooling/cat_dog_data/test_set/test_set/cats/cat.4002.jpg,0,0,0.9999964,8.587953e-15
/data/Zeyu/Pooling/cat_dog_data/test_set/test_set/cats/cat.4003.jpg,0,0,0.99993753,5.9278316e-10
/data/Zeyu/Pooling/cat_dog_data/test_set/test_set/cats/cat.4004.jpg,0,0,0.9989353,0.00078295654
/data/Zeyu/Pooling/cat_dog_data/test_set/test_set/cats/cat.4005.jpg,0,0,0.9999436,1.703685e-08
/data/Zeyu/Pooling/cat_dog_data/test_set/test_set/cats/cat.4006.jpg,0,0,0.99997604,3.6847936e-09
/data/Zeyu/Pooling/cat_dog_data/test_set/test_set/cats/cat.4007.jpg,0,0,0.9999621,1.1377912e-07
/data/Zeyu/Pooling/cat_dog_data/test_set/test_set/cats/cat.4008.jpg,0,0,0.9998946,2.1885874e-07
/data/Zeyu/Pooling/cat_dog_data/test_set/test_set/cats/cat.4009.jpg,0,0,0.99971694,4.1711897e-05
/data/Zeyu/Pooling/cat_dog_data/test_set/test_set/cats/cat.4010.jpg,0,0,0.99999225,3.332162e-14
/data/Zeyu/Pooling/cat_dog_data/test_set/test_set/cats/cat.4011.jpg,0,0,0.9999511,5.8241576e-09
/data/Zeyu/Pooling/cat_dog_data/test_set/test_set/cats/cat.4012.jpg,0,0,0.99997973,3.875831e-11
/data/Zeyu/Pooling/cat_dog_data/test_set/test_set/cats/cat.4013.jpg,0,0,0.99994314,1.6484313e-09
/data/Zeyu/Pooling/cat_dog_data/test_set/test_set/cats/cat.4014.jpg,0,0,0.9998983,6.687975e-07
/data/Zeyu/Pooling/cat_dog_data/test_set/test_set/cats/cat.4015.jpg,0,0,0.99999285,3.9624045e-14
/data/Zeyu/Pooling/cat_dog_data/test_set/test_set/cats/cat.4016.jpg,0,0,0.99956065,0.00028992453
/data/Zeyu/Pooling/cat_dog_data/test_set/test_set/cats/cat.4017.jpg,0,0,0.99987507,8.4494644e-07
/data/Zeyu/Pooling/cat_dog_data/test_set/test_set/cats/cat.4018.jpg,0,0,0.9996014,4.1368698e-05
/data/Zeyu/Pooling/cat_dog_data/test_set/test_set/cats/cat.4019.jpg,0,0,0.9998491,1.2395335e-05
/data/Zeyu/Pooling/cat_dog_data/test_set/test_set/cats/cat.4020.jpg,0,0,0.9919077,0.0073069944
/data/Zeyu/Pooling/cat_dog_data/test_set/test_set/cats/cat.4021.jpg,0,0,0.99986434,4.811311e-07
/data/Zeyu/Pooling/cat_dog_data/test_set/test_set/cats/cat.4022.jpg,0,0,0.9999459,1.0343044e-07
/data/Zeyu/Pooling/cat_dog_data/test_set/test_set/cats/cat.4023.jpg,0,0,0.9999752,3.847961e-12
/data/Zeyu/Pooling/cat_dog_data/test_set/test_set/cats/cat.4024.jpg,0,0,0.9998342,9.136675e-06
/data/Zeyu/Pooling/cat_dog_data/test_set/test_set/cats/cat.4025.jpg,0,0,0.99995625,8.9936664e-10
/data/Zeyu/Pooling/cat_dog_data/test_set/test_set/cats/cat.4026.jpg,0,0,0.99998677,2.16498e-12
/data/Zeyu/Pooling/cat_dog_data/test_set/test_set/cats/cat.4027.jpg,0,0,0.9949044,0.004627545
/data/Zeyu/Pooling/cat_dog_data/test_set/test_set/cats/cat.4028.jpg,0,0,0.9999081,1.279556e-07
/data/Zeyu/Pooling/cat_dog_data/test_set/test_set/cats/cat.4029.jpg,0,0,0.9982408,0.0010189146
/data/Zeyu/Pooling/cat_dog_data/test_set/test_set/cats/cat.4030.jpg,0,0,0.9684712,0.030954363
/data/Zeyu/Pooling/cat_dog_data/test_set/test_set/cats/cat.4031.jpg,0,0,0.99984777,4.987825e-07
/data/Zeyu/Pooling/cat_dog_data/test_set/test_set/cats/cat.4032.jpg,0,0,0.9997234,6.1415753e-06
/data/Zeyu/Pooling/cat_dog_data/test_set/test_set/cats/cat.4033.jpg,0,0,0.9999927,3.0209078e-14
/data/Zeyu/Pooling/cat_dog_data/test_set/test_set/cats/cat.4034.jpg,0,0,0.9999914,1.0302996e-14
/data/Zeyu/Pooling/cat_dog_data/test_set/test_set/cats/cat.4035.jpg,0,0,0.9999691,3.8898216e-12
/data/Zeyu/Pooling/cat_dog_data/test_set/test_set/cats/cat.4036.jpg,0,0,0.999811,1.6936606e-06
/data/Zeyu/Pooling/cat_dog_data/test_set/test_set/cats/cat.4037.jpg,0,0,0.99997854,2.202682e-12
/data/Zeyu/Pooling/cat_dog_data/test_set/test_set/cats/cat.4038.jpg,0,0,0.99984956,5.7784183e-07
/data/Zeyu/Pooling/cat_dog_data/test_set/test_set/cats/cat.4039.jpg,0,0,0.999967,6.4999516e-12
/data/Zeyu/Pooling/cat_dog_data/test_set/test_set/cats/cat.4040.jpg,0,0,0.9998883,6.561808e-08
/data/Zeyu/Pooling/cat_dog_data/test_set/test_set/cats/cat.4041.jpg,0,0,0.9995486,9.8051474e-05
/data/Zeyu/Pooling/cat_dog_data/test_set/test_set/cats/cat.4042.jpg,0,0,0.9999963,2.399571e-15
/data/Zeyu/Pooling/cat_dog_data/test_set/test_set/cats/cat.4043.jpg,0,0,0.9999399,2.3070081e-08
/data/Zeyu/Pooling/cat_dog_data/test_set/test_set/cats/cat.4044.jpg,0,0,0.9999912,4.1151527e-14
/data/Zeyu/Pooling/cat_dog_data/test_set/test_set/cats/cat.4045.jpg,0,0,0.99980766,5.646852e-06
/data/Zeyu/Pooling/cat_dog_data/test_set/test_set/cats/cat.4046.jpg,0,0,0.99992704,3.4451336e-08
/data/Zeyu/Pooling/cat_dog_data/test_set/test_set/cats/cat.4047.jpg,0,0,0.9999244,9.537327e-06
/data/Zeyu/Pooling/cat_dog_data/test_set/test_set/cats/cat.4048.jpg,0,0,0.9984825,0.00097468874
/data/Zeyu/Pooling/cat_dog_data/test_set/test_set/cats/cat.4049.jpg,0,0,0.99999344,2.337981e-12
/data/Zeyu/Pooling/cat_dog_data/test_set/test_set/cats/cat.4050.jpg,0,0,0.99987054,4.987506e-07
/data/Zeyu/Pooling/cat_dog_data/test_set/test_set/cats/cat.4051.jpg,0,0,0.9999722,9.1636525e-12
/data/Zeyu/Pooling/cat_dog_data/test_set/test_set/cats/cat.4052.jpg,0,0,0.99996185,1.4828558e-07
/data/Zeyu/Pooling/cat_dog_data/test_set/test_set/cats/cat.4053.jpg,0,0,0.9999958,2.2602801e-18
/data/Zeyu/Pooling/cat_dog_data/test_set/test_set/cats/cat.4054.jpg,0,0,0.9998179,5.8822343e-07
/data/Zeyu/Pooling/cat_dog_data/test_set/test_set/cats/cat.4055.jpg,0,0,0.9999914,2.0446129e-16
/data/Zeyu/Pooling/cat_dog_data/test_set/test_set/cats/cat.4056.jpg,0,0,0.9999707,6.3091615e-10
/data/Zeyu/Pooling/cat_dog_data/test_set/test_set/cats/cat.4057.jpg,0,0,0.9999825,1.6916381e-15
/data/Zeyu/Pooling/cat_dog_data/test_set/test_set/cats/cat.4058.jpg,0,0,0.99998236,3.067186e-13
/data/Zeyu/Pooling/cat_dog_data/test_set/test_set/cats/cat.4059.jpg,0,0,0.99540615,0.003919848
/data/Zeyu/Pooling/cat_dog_data/test_set/test_set/cats/cat.4060.jpg,0,0,0.99995303,3.2400431e-09
/data/Zeyu/Pooling/cat_dog_data/test_set/test_set/cats/cat.4061.jpg,0,0,0.99986756,8.957721e-07
/data/Zeyu/Pooling/cat_dog_data/test_set/test_set/cats/cat.4062.jpg,0,0,0.99991703,1.0340077e-08
/data/Zeyu/Pooling/cat_dog_data/test_set/test_set/cats/cat.4063.jpg,0,0,0.99995077,4.30811e-11
/data/Zeyu/Pooling/cat_dog_data/test_set/test_set/cats/cat.4064.jpg,0,0,0.9999616,2.5875207e-12
/data/Zeyu/Pooling/cat_dog_data/test_set/test_set/cats/cat.4065.jpg,0,0,0.9966401,0.0030773112
/data/Zeyu/Pooling/cat_dog_data/test_set/test_set/cats/cat.4066.jpg,0,0,0.9986407,0.0010753326
/data/Zeyu/Pooling/cat_dog_data/test_set/test_set/cats/cat.4067.jpg,0,0,0.9814105,0.018138511
/data/Zeyu/Pooling/cat_dog_data/test_set/test_set/cats/cat.4068.jpg,0,0,0.999944,1.2990074e-10
/data/Zeyu/Pooling/cat_dog_data/test_set/test_set/cats/cat.4069.jpg,0,0,0.9999548,5.1396675e-11
/data/Zeyu/Pooling/cat_dog_data/test_set/test_set/cats/cat.4070.jpg,0,0,0.99998164,8.127864e-10
/data/Zeyu/Pooling/cat_dog_data/test_set/test_set/cats/cat.4071.jpg,0,0,0.9998267,3.4442423e-06
/data/Zeyu/Pooling/cat_dog_data/test_set/test_set/cats/cat.4072.jpg,0,0,0.9996215,1.3207542e-06
/data/Zeyu/Pooling/cat_dog_data/test_set/test_set/cats/cat.4073.jpg,0,0,0.9998505,2.2313346e-08
/data/Zeyu/Pooling/cat_dog_data/test_set/test_set/cats/cat.4074.jpg,0,0,0.9951385,0.003236621
/data/Zeyu/Pooling/cat_dog_data/test_set/test_set/cats/cat.4075.jpg,0,0,0.999995,3.9566412e-15
/data/Zeyu/Pooling/cat_dog_data/test_set/test_set/cats/cat.4076.jpg,0,0,0.9999603,1.4847402e-10
/data/Zeyu/Pooling/cat_dog_data/test_set/test_set/cats/cat.4077.jpg,0,0,0.9999461,1.4992123e-10
/data/Zeyu/Pooling/cat_dog_data/test_set/test_set/cats/cat.4078.jpg,0,0,0.9999585,4.0548414e-09
/data/Zeyu/Pooling/cat_dog_data/test_set/test_set/cats/cat.4079.jpg,0,0,0.9998778,1.08009544e-07
/data/Zeyu/Pooling/cat_dog_data/test_set/test_set/cats/cat.4080.jpg,0,0,0.99204624,0.007672096
/data/Zeyu/Pooling/cat_dog_data/test_set/test_set/cats/cat.4081.jpg,0,0,0.9999889,4.880962e-12
/data/Zeyu/Pooling/cat_dog_data/test_set/test_set/cats/cat.4082.jpg,0,0,0.9889994,0.010755367
/data/Zeyu/Pooling/cat_dog_data/test_set/test_set/cats/cat.4083.jpg,0,1,0.37305513,0.6263587
/data/Zeyu/Pooling/cat_dog_data/test_set/test_set/cats/cat.4084.jpg,0,0,0.9999547,3.7042357e-12
/data/Zeyu/Pooling/cat_dog_data/test_set/test_set/cats/cat.4085.jpg,0,0,0.8773102,0.12207999
/data/Zeyu/Pooling/cat_dog_data/test_set/test_set/cats/cat.4086.jpg,0,0,0.999863,8.8055714e-08
/data/Zeyu/Pooling/cat_dog_data/test_set/test_set/cats/cat.4087.jpg,0,0,0.9998404,8.3691367e-07
/data/Zeyu/Pooling/cat_dog_data/test_set/test_set/cats/cat.4088.jpg,0,0,0.9999968,5.7910873e-18
/data/Zeyu/Pooling/cat_dog_data/test_set/test_set/cats/cat.4089.jpg,0,0,0.99994063,1.2439642e-08
/data/Zeyu/Pooling/cat_dog_data/test_set/test_set/cats/cat.4090.jpg,0,0,0.9998802,6.81594e-08
/data/Zeyu/Pooling/cat_dog_data/test_set/test_set/cats/cat.4091.jpg,0,0,0.9782804,0.021507693
/data/Zeyu/Pooling/cat_dog_data/test_set/test_set/cats/cat.4092.jpg,0,0,0.99997056,1.4330144e-08
/data/Zeyu/Pooling/cat_dog_data/test_set/test_set/cats/cat.4093.jpg,0,0,0.99540186,0.004146284
/data/Zeyu/Pooling/cat_dog_data/test_set/test_set/cats/cat.4094.jpg,0,0,0.99999,1.7437675e-13
/data/Zeyu/Pooling/cat_dog_data/test_set/test_set/cats/cat.4095.jpg,0,0,0.9998778,1.2505582e-07
/data/Zeyu/Pooling/cat_dog_data/test_set/test_set/cats/cat.4096.jpg,0,0,0.9997708,2.0993268e-08
/data/Zeyu/Pooling/cat_dog_data/test_set/test_set/cats/cat.4097.jpg,0,0,0.9999671,9.71951e-11
/data/Zeyu/Pooling/cat_dog_data/test_set/test_set/cats/cat.4098.jpg,0,0,0.99998736,4.5136026e-12
/data/Zeyu/Pooling/cat_dog_data/test_set/test_set/cats/cat.4099.jpg,0,0,0.9999653,1.04628764e-10
/data/Zeyu/Pooling/cat_dog_data/test_set/test_set/cats/cat.4100.jpg,0,1,0.031958546,0.96792054
/data/Zeyu/Pooling/cat_dog_data/test_set/test_set/cats/cat.4101.jpg,0,0,0.9998573,1.9841439e-06
/data/Zeyu/Pooling/cat_dog_data/test_set/test_set/cats/cat.4102.jpg,0,0,0.9999813,7.251956e-13
/data/Zeyu/Pooling/cat_dog_data/test_set/test_set/cats/cat.4103.jpg,0,0,0.9999672,4.047424e-11
/data/Zeyu/Pooling/cat_dog_data/test_set/test_set/cats/cat.4104.jpg,0,0,0.9998324,1.3906438e-05
/data/Zeyu/Pooling/cat_dog_data/test_set/test_set/cats/cat.4105.jpg,0,0,0.99999416,6.013528e-12
/data/Zeyu/Pooling/cat_dog_data/test_set/test_set/cats/cat.4106.jpg,0,0,0.9999882,4.1188823e-12
/data/Zeyu/Pooling/cat_dog_data/test_set/test_set/cats/cat.4107.jpg,0,0,0.9993048,0.00044281612
/data/Zeyu/Pooling/cat_dog_data/test_set/test_set/cats/cat.4108.jpg,0,0,0.9999523,3.2222918e-09
/data/Zeyu/Pooling/cat_dog_data/test_set/test_set/cats/cat.4109.jpg,0,0,0.99956554,1.925941e-06
/data/Zeyu/Pooling/cat_dog_data/test_set/test_set/cats/cat.4110.jpg,0,0,0.9917339,0.008044329
/data/Zeyu/Pooling/cat_dog_data/test_set/test_set/cats/cat.4111.jpg,0,0,0.99999833,9.8156924e-17
/data/Zeyu/Pooling/cat_dog_data/test_set/test_set/cats/cat.4112.jpg,0,0,0.9999598,3.2258025e-09
/data/Zeyu/Pooling/cat_dog_data/test_set/test_set/cats/cat.4113.jpg,0,0,0.9999691,7.7776674e-10
/data/Zeyu/Pooling/cat_dog_data/test_set/test_set/cats/cat.4114.jpg,0,0,0.9999658,1.128192e-07
/data/Zeyu/Pooling/cat_dog_data/test_set/test_set/cats/cat.4115.jpg,0,0,0.9998085,1.6396572e-07
/data/Zeyu/Pooling/cat_dog_data/test_set/test_set/cats/cat.4116.jpg,1,0,0.8764507,0.12299139
/data/Zeyu/Pooling/cat_dog_data/test_set/test_set/cats/cat.4117.jpg,1,1,0.04137676,0.9580224
/data/Zeyu/Pooling/cat_dog_data/test_set/test_set/cats/cat.4118.jpg,1,1,3.6733705e-05,0.99975973
/data/Zeyu/Pooling/cat_dog_data/test_set/test_set/cats/cat.4119.jpg,1,1,8.1361686e-13,0.9999248
/data/Zeyu/Pooling/cat_dog_data/test_set/test_set/cats/cat.4120.jpg,1,1,0.0004646323,0.99943954
/data/Zeyu/Pooling/cat_dog_data/test_set/test_set/cats/cat.4121.jpg,1,1,6.4974985e-05,0.99929535
/data/Zeyu/Pooling/cat_dog_data/test_set/test_set/cats/cat.4122.jpg,1,1,2.7663336e-05,0.9996784
/data/Zeyu/Pooling/cat_dog_data/test_set/test_set/cats/cat.4123.jpg,1,1,4.2281106e-10,0.99995923
/data/Zeyu/Pooling/cat_dog_data/test_set/test_set/cats/cat.4124.jpg,1,1,1.3263361e-06,0.99993086
/data/Zeyu/Pooling/cat_dog_data/test_set/test_set/cats/cat.4125.jpg,1,1,1.9297262e-05,0.9997737
/data/Zeyu/Pooling/cat_dog_data/test_set/test_set/cats/cat.4126.jpg,1,1,1.744132e-08,0.99987984
/data/Zeyu/Pooling/cat_dog_data/test_set/test_set/cats/cat.4127.jpg,1,1,2.9361652e-07,0.99981457
/data/Zeyu/Pooling/cat_dog_data/test_set/test_set/cats/cat.4128.jpg,1,1,0.00067747827,0.99928635
/data/Zeyu/Pooling/cat_dog_data/test_set/test_set/cats/cat.4001.jpg,1,1,8.2195605e-08,0.9998275
/data/Zeyu/Pooling/cat_dog_data/test_set/test_set/cats/cat.4002.jpg,1,1,9.0577e-09,0.9997738
/data/Zeyu/Pooling/cat_dog_data/test_set/test_set/cats/cat.4003.jpg,1,1,0.00010385408,0.9997137
/data/Zeyu/Pooling/cat_dog_data/test_set/test_set/cats/cat.4004.jpg,1,1,5.3121013e-05,0.9997267
/data/Zeyu/Pooling/cat_dog_data/test_set/test_set/cats/cat.4005.jpg,1,1,3.3061326e-05,0.9998549
/data/Zeyu/Pooling/cat_dog_data/test_set/test_set/cats/cat.4006.jpg,1,1,9.48657e-06,0.99988484
/data/Zeyu/Pooling/cat_dog_data/test_set/test_set/cats/cat.4007.jpg,1,1,7.790389e-05,0.9994305
/data/Zeyu/Pooling/cat_dog_data/test_set/test_set/cats/cat.4008.jpg,1,1,4.8483726e-05,0.9998035
/data/Zeyu/Pooling/cat_dog_data/test_set/test_set/cats/cat.4009.jpg,1,1,1.067208e-05,0.99949014
/data/Zeyu/Pooling/cat_dog_data/test_set/test_set/cats/cat.4010.jpg,1,1,0.025114615,0.9747884
/data/Zeyu/Pooling/cat_dog_data/test_set/test_set/cats/cat.4011.jpg,1,1,0.36000186,0.63936275
/data/Zeyu/Pooling/cat_dog_data/test_set/test_set/cats/cat.4012.jpg,1,1,8.1257053e-07,0.9999033
/data/Zeyu/Pooling/cat_dog_data/test_set/test_set/cats/cat.4013.jpg,1,1,0.00011118592,0.9996284
/data/Zeyu/Pooling/cat_dog_data/test_set/test_set/cats/cat.4014.jpg,1,1,9.405647e-12,0.9998956
/data/Zeyu/Pooling/cat_dog_data/test_set/test_set/cats/cat.4015.jpg,1,1,1.0330851e-05,0.9994722
/data/Zeyu/Pooling/cat_dog_data/test_set/test_set/cats/cat.4016.jpg,1,1,0.28594986,0.7136516
/data/Zeyu/Pooling/cat_dog_data/test_set/test_set/cats/cat.4017.jpg,1,1,3.08715e-05,0.9997284
/data/Zeyu/Pooling/cat_dog_data/test_set/test_set/cats/cat.4018.jpg,1,1,0.0005240872,0.99919266
/data/Zeyu/Pooling/cat_dog_data/test_set/test_set/cats/cat.4019.jpg,1,1,2.8541617e-08,0.9999064
/data/Zeyu/Pooling/cat_dog_data/test_set/test_set/cats/cat.4020.jpg,1,1,1.337538e-07,0.9996326
/data/Zeyu/Pooling/cat_dog_data/test_set/test_set/cats/cat.4021.jpg,1,1,1.065367e-06,0.9995455
/data/Zeyu/Pooling/cat_dog_data/test_set/test_set/cats/cat.4022.jpg,1,1,4.3379394e-08,0.99978846
/data/Zeyu/Pooling/cat_dog_data/test_set/test_set/cats/cat.4023.jpg,1,1,0.0864044,0.9132728
/data/Zeyu/Pooling/cat_dog_data/test_set/test_set/cats/cat.4024.jpg,1,1,3.8223295e-08,0.9998816
/data/Zeyu/Pooling/cat_dog_data/test_set/test_set/cats/cat.4025.jpg,1,1,5.598367e-05,0.99986696
/data/Zeyu/Pooling/cat_dog_data/test_set/test_set/cats/cat.4026.jpg,1,1,4.3580574e-08,0.9997633
/data/Zeyu/Pooling/cat_dog_data/test_set/test_set/cats/cat.4027.jpg,1,1,1.4582154e-06,0.99991417
/data/Zeyu/Pooling/cat_dog_data/test_set/test_set/cats/cat.4028.jpg,1,1,3.4567127e-11,0.99982613
/data/Zeyu/Pooling/cat_dog_data/test_set/test_set/cats/cat.4029.jpg,1,1,0.00016667883,0.99963784
/data/Zeyu/Pooling/cat_dog_data/test_set/test_set/cats/cat.4030.jpg,1,1,0.013706591,0.98573226
/data/Zeyu/Pooling/cat_dog_data/test_set/test_set/cats/cat.4031.jpg,1,1,0.0017405296,0.9977597
/data/Zeyu/Pooling/cat_dog_data/test_set/test_set/cats/cat.4032.jpg,1,1,5.1493815e-10,0.99990475
/data/Zeyu/Pooling/cat_dog_data/test_set/test_set/cats/cat.4033.jpg,1,1,5.6774246e-07,0.99975544
/data/Zeyu/Pooling/cat_dog_data/test_set/test_set/cats/cat.4034.jpg,1,1,2.5293195e-07,0.9998294
/data/Zeyu/Pooling/cat_dog_data/test_set/test_set/cats/cat.4035.jpg,1,1,3.0331812e-06,0.9996841
/data/Zeyu/Pooling/cat_dog_data/test_set/test_set/cats/cat.4036.jpg,1,1,6.5781104e-15,0.99996614
/data/Zeyu/Pooling/cat_dog_data/test_set/test_set/cats/cat.4037.jpg,1,1,1.4216423e-06,0.99978787
/data/Zeyu/Pooling/cat_dog_data/test_set/test_set/cats/cat.4038.jpg,1,1,0.00013615732,0.9997793
/data/Zeyu/Pooling/cat_dog_data/test_set/test_set/cats/cat.4039.jpg,1,1,2.9097114e-08,0.9998989
/data/Zeyu/Pooling/cat_dog_data/test_set/test_set/cats/cat.4040.jpg,1,1,8.101401e-07,0.99973065
/data/Zeyu/Pooling/cat_dog_data/test_set/test_set/cats/cat.4041.jpg,1,1,4.0865078e-05,0.9996581
/data/Zeyu/Pooling/cat_dog_data/test_set/test_set/cats/cat.4042.jpg,1,1,5.0458087e-09,0.9998796
/data/Zeyu/Pooling/cat_dog_data/test_set/test_set/cats/cat.4043.jpg,1,1,9.453693e-05,0.9997173
/data/Zeyu/Pooling/cat_dog_data/test_set/test_set/cats/cat.4044.jpg,1,1,3.110193e-08,0.9998622
/data/Zeyu/Pooling/cat_dog_data/test_set/test_set/cats/cat.4045.jpg,1,1,1.2516395e-07,0.9998857
/data/Zeyu/Pooling/cat_dog_data/test_set/test_set/cats/cat.4046.jpg,1,1,1.7340046e-05,0.9998857
/data/Zeyu/Pooling/cat_dog_data/test_set/test_set/cats/cat.4047.jpg,1,1,0.012681974,0.9871345
/data/Zeyu/Pooling/cat_dog_data/test_set/test_set/cats/cat.4048.jpg,1,1,4.3677178e-07,0.99990475
/data/Zeyu/Pooling/cat_dog_data/test_set/test_set/cats/cat.4049.jpg,1,1,0.00013010716,0.9995547
/data/Zeyu/Pooling/cat_dog_data/test_set/test_set/cats/cat.4050.jpg,1,1,2.9374564e-07,0.99992704
/data/Zeyu/Pooling/cat_dog_data/test_set/test_set/cats/cat.4051.jpg,1,1,1.1659784e-05,0.9998336
/data/Zeyu/Pooling/cat_dog_data/test_set/test_set/cats/cat.4052.jpg,1,1,0.008627182,0.99126816
/data/Zeyu/Pooling/cat_dog_data/test_set/test_set/cats/cat.4053.jpg,1,1,2.9842555e-05,0.9997002
/data/Zeyu/Pooling/cat_dog_data/test_set/test_set/cats/cat.4054.jpg,1,1,3.338406e-07,0.99985814
/data/Zeyu/Pooling/cat_dog_data/test_set/test_set/cats/cat.4055.jpg,1,1,1.941188e-07,0.9997038
/data/Zeyu/Pooling/cat_dog_data/test_set/test_set/cats/cat.4056.jpg,1,1,3.5771733e-05,0.99986005
/data/Zeyu/Pooling/cat_dog_data/test_set/test_set/cats/cat.4057.jpg,1,1,6.8838917e-06,0.99953794
/data/Zeyu/Pooling/cat_dog_data/test_set/test_set/cats/cat.4058.jpg,1,1,0.00017240221,0.99978787
/data/Zeyu/Pooling/cat_dog_data/test_set/test_set/cats/cat.4059.jpg,1,1,2.5801194e-06,0.99992454
/data/Zeyu/Pooling/cat_dog_data/test_set/test_set/cats/cat.4060.jpg,1,1,3.342224e-09,0.9998654
/data/Zeyu/Pooling/cat_dog_data/test_set/test_set/cats/cat.4061.jpg,1,1,0.3840826,0.6150366
/data/Zeyu/Pooling/cat_dog_data/test_set/test_set/cats/cat.4062.jpg,1,1,1.5159654e-10,0.99988353
/data/Zeyu/Pooling/cat_dog_data/test_set/test_set/cats/cat.4063.jpg,1,1,0.06958128,0.93012017
/data/Zeyu/Pooling/cat_dog_data/test_set/test_set/cats/cat.4064.jpg,1,1,2.1946831e-05,0.99990356
/data/Zeyu/Pooling/cat_dog_data/test_set/test_set/cats/cat.4065.jpg,1,1,4.3197255e-05,0.9997249
/data/Zeyu/Pooling/cat_dog_data/test_set/test_set/cats/cat.4066.jpg,1,1,7.3437334e-08,0.99978906
/data/Zeyu/Pooling/cat_dog_data/test_set/test_set/cats/cat.4067.jpg,1,1,3.715308e-07,0.99982303
/data/Zeyu/Pooling/cat_dog_data/test_set/test_set/cats/cat.4068.jpg,1,1,1.3558926e-09,0.9998
/data/Zeyu/Pooling/cat_dog_data/test_set/test_set/cats/cat.4069.jpg,1,1,1.1293725e-09,0.9999263
/data/Zeyu/Pooling/cat_dog_data/test_set/test_set/cats/cat.4070.jpg,1,1,0.00054678746,0.99787545
/data/Zeyu/Pooling/cat_dog_data/test_set/test_set/cats/cat.4071.jpg,1,1,4.1868553e-10,0.9999062
/data/Zeyu/Pooling/cat_dog_data/test_set/test_set/cats/cat.4072.jpg,1,1,1.1935389e-06,0.99981123
/data/Zeyu/Pooling/cat_dog_data/test_set/test_set/cats/cat.4073.jpg,1,1,0.0003877408,0.99952626
/data/Zeyu/Pooling/cat_dog_data/test_set/test_set/cats/cat.4074.jpg,1,1,4.070859e-06,0.9999341
/data/Zeyu/Pooling/cat_dog_data/test_set/test_set/cats/cat.4075.jpg,1,1,4.508257e-07,0.9999051
/data/Zeyu/Pooling/cat_dog_data/test_set/test_set/cats/cat.4076.jpg,1,1,3.7534734e-05,0.999589
/data/Zeyu/Pooling/cat_dog_data/test_set/test_set/cats/cat.4077.jpg,1,0,0.56625676,0.43260264
/data/Zeyu/Pooling/cat_dog_data/test_set/test_set/cats/cat.4078.jpg,1,1,0.025195403,0.9746022
/data/Zeyu/Pooling/cat_dog_data/test_set/test_set/cats/cat.4079.jpg,1,1,1.8249762e-05,0.9999212
/data/Zeyu/Pooling/cat_dog_data/test_set/test_set/cats/cat.4080.jpg,1,1,0.02238352,0.97713643
/data/Zeyu/Pooling/cat_dog_data/test_set/test_set/cats/cat.4081.jpg,1,1,0.00041480508,0.9995116
/data/Zeyu/Pooling/cat_dog_data/test_set/test_set/cats/cat.4082.jpg,1,1,1.6651191e-07,0.9998418
/data/Zeyu/Pooling/cat_dog_data/test_set/test_set/cats/cat.4083.jpg,1,1,6.1551614e-10,0.9998865
/data/Zeyu/Pooling/cat_dog_data/test_set/test_set/cats/cat.4084.jpg,1,1,1.7173273e-06,0.99976426
/data/Zeyu/Pooling/cat_dog_data/test_set/test_set/cats/cat.4085.jpg,1,1,0.041239005,0.95849234
/data/Zeyu/Pooling/cat_dog_data/test_set/test_set/cats/cat.4086.jpg,1,1,7.81764e-07,0.9998878
/data/Zeyu/Pooling/cat_dog_data/test_set/test_set/cats/cat.4087.jpg,1,1,1.8409432e-08,0.9997799
/data/Zeyu/Pooling/cat_dog_data/test_set/test_set/cats/cat.4088.jpg,1,1,0.00017243953,0.9996792
/data/Zeyu/Pooling/cat_dog_data/test_set/test_set/cats/cat.4089.jpg,1,1,2.4764784e-05,0.9995983
/data/Zeyu/Pooling/cat_dog_data/test_set/test_set/cats/cat.4090.jpg,1,1,0.0022344226,0.997538
/data/Zeyu/Pooling/cat_dog_data/test_set/test_set/cats/cat.4091.jpg,1,1,0.00664509,0.99326307
/data/Zeyu/Pooling/cat_dog_data/test_set/test_set/cats/cat.4092.jpg,1,1,0.0015346899,0.9982381
/data/Zeyu/Pooling/cat_dog_data/test_set/test_set/cats/cat.4093.jpg,1,1,0.06330218,0.93628156
/data/Zeyu/Pooling/cat_dog_data/test_set/test_set/cats/cat.4094.jpg,1,1,3.7350578e-06,0.99986756
/data/Zeyu/Pooling/cat_dog_data/test_set/test_set/cats/cat.4095.jpg,1,1,1.2552485e-07,0.99980193
/data/Zeyu/Pooling/cat_dog_data/test_set/test_set/cats/cat.4096.jpg,1,1,0.0019400364,0.99797934
/data/Zeyu/Pooling/cat_dog_data/test_set/test_set/cats/cat.4097.jpg,1,1,0.0140130585,0.9858008
/data/Zeyu/Pooling/cat_dog_data/test_set/test_set/cats/cat.4098.jpg,1,1,2.764623e-10,0.99990153
/data/Zeyu/Pooling/cat_dog_data/test_set/test_set/cats/cat.4099.jpg,1,1,0.00030068005,0.9989943
/data/Zeyu/Pooling/cat_dog_data/test_set/test_set/cats/cat.4100.jpg,1,1,0.0005706602,0.9994118
/data/Zeyu/Pooling/cat_dog_data/test_set/test_set/cats/cat.4101.jpg,1,1,3.0992944e-06,0.9998784
/data/Zeyu/Pooling/cat_dog_data/test_set/test_set/cats/cat.4102.jpg,1,1,0.0016330942,0.9978204
/data/Zeyu/Pooling/cat_dog_data/test_set/test_set/cats/cat.4103.jpg,1,1,0.0017867229,0.9981463
/data/Zeyu/Pooling/cat_dog_data/test_set/test_set/cats/cat.4104.jpg,1,1,6.338712e-05,0.9997638
/data/Zeyu/Pooling/cat_dog_data/test_set/test_set/cats/cat.4105.jpg,1,1,9.802615e-06,0.9997886
/data/Zeyu/Pooling/cat_dog_data/test_set/test_set/cats/cat.4106.jpg,1,1,1.031128e-05,0.9999075
/data/Zeyu/Pooling/cat_dog_data/test_set/test_set/cats/cat.4107.jpg,1,1,0.0038783492,0.99605066
/data/Zeyu/Pooling/cat_dog_data/test_set/test_set/cats/cat.4108.jpg,1,1,8.77904e-08,0.9998914
/data/Zeyu/Pooling/cat_dog_data/test_set/test_set/cats/cat.4109.jpg,1,1,5.358814e-09,0.9998951
/data/Zeyu/Pooling/cat_dog_data/test_set/test_set/cats/cat.4110.jpg,1,1,6.8981035e-06,0.9999007
/data/Zeyu/Pooling/cat_dog_data/test_set/test_set/cats/cat.4111.jpg,1,1,9.5137267e-07,0.9998258
/data/Zeyu/Pooling/cat_dog_data/test_set/test_set/cats/cat.4112.jpg,1,1,1.0743023e-06,0.9998903
/data/Zeyu/Pooling/cat_dog_data/test_set/test_set/cats/cat.4113.jpg,1,1,3.1187717e-09,0.9998572
/data/Zeyu/Pooling/cat_dog_data/test_set/test_set/cats/cat.4114.jpg,1,1,0.4706542,0.5278774
/data/Zeyu/Pooling/cat_dog_data/test_set/test_set/cats/cat.4115.jpg,1,1,3.0991547e-08,0.9997782
/data/Zeyu/Pooling/cat_dog_data/test_set/test_set/cats/cat.4116.jpg,1,1,0.2624944,0.7370091
/data/Zeyu/Pooling/cat_dog_data/test_set/test_set/cats/cat.4117.jpg,1,1,0.20140105,0.7978438
/data/Zeyu/Pooling/cat_dog_data/test_set/test_set/cats/cat.4118.jpg,1,1,2.5862341e-09,0.9997719
/data/Zeyu/Pooling/cat_dog_data/test_set/test_set/cats/cat.4119.jpg,1,1,2.6203655e-09,0.9999032
/data/Zeyu/Pooling/cat_dog_data/test_set/test_set/cats/cat.4120.jpg,1,1,0.0015024452,0.9984339
/data/Zeyu/Pooling/cat_dog_data/test_set/test_set/cats/cat.4121.jpg,1,1,0.019602109,0.98026395
/data/Zeyu/Pooling/cat_dog_data/test_set/test_set/cats/cat.4122.jpg,1,1,4.436428e-06,0.9998394
/data/Zeyu/Pooling/cat_dog_data/test_set/test_set/cats/cat.4123.jpg,1,1,2.3398286e-09,0.999895
/data/Zeyu/Pooling/cat_dog_data/test_set/test_set/cats/cat.4124.jpg,1,1,5.0562715e-08,0.99988294
/data/Zeyu/Pooling/cat_dog_data/test_set/test_set/cats/cat.4125.jpg,1,1,4.85458e-05,0.9996182
/data/Zeyu/Pooling/cat_dog_data/test_set/test_set/cats/cat.4126.jpg,1,1,0.00016392411,0.9997019
/data/Zeyu/Pooling/cat_dog_data/test_set/test_set/cats/cat.4127.jpg,1,1,0.33565792,0.66393
/data/Zeyu/Pooling/cat_dog_data/test_set/test_set/cats/cat.4128.jpg,1,1,1.9867734e-06,0.9997904
/data/Zeyu/Pooling/cat_dog_data/test_set/test_set/cats/cat.4001.jpg,1,1,0.00057231606,0.9992494
/data/Zeyu/Pooling/cat_dog_data/test_set/test_set/cats/cat.4002.jpg,1,1,1.4812249e-11,0.9999192
/data/Zeyu/Pooling/cat_dog_data/test_set/test_set/cats/cat.4003.jpg,1,1,1.956338e-05,0.99988854
/data/Zeyu/Pooling/cat_dog_data/test_set/test_set/cats/cat.4004.jpg,1,1,3.2940336e-06,0.9999095
/data/Zeyu/Pooling/cat_dog_data/test_set/test_set/cats/cat.4005.jpg,1,1,2.8253973e-07,0.99981993
/data/Zeyu/Pooling/cat_dog_data/test_set/test_set/cats/cat.4006.jpg,1,1,0.006363439,0.9935102
/data/Zeyu/Pooling/cat_dog_data/test_set/test_set/cats/cat.4007.jpg,1,1,1.0253289e-13,0.9999193
/data/Zeyu/Pooling/cat_dog_data/test_set/test_set/cats/cat.4008.jpg,1,1,5.4481114e-07,0.9998085
/data/Zeyu/Pooling/cat_dog_data/test_set/test_set/cats/cat.4009.jpg,1,1,1.574645e-08,0.9996501
/data/Zeyu/Pooling/cat_dog_data/test_set/test_set/cats/cat.4010.jpg,1,1,5.588744e-05,0.9990074
/data/Zeyu/Pooling/cat_dog_data/test_set/test_set/cats/cat.4011.jpg,1,1,8.288895e-06,0.99996376
/data/Zeyu/Pooling/cat_dog_data/test_set/test_set/cats/cat.4012.jpg,1,1,7.1182075e-07,0.9998404
/data/Zeyu/Pooling/cat_dog_data/test_set/test_set/cats/cat.4013.jpg,1,1,0.00039255116,0.9994216
/data/Zeyu/Pooling/cat_dog_data/test_set/test_set/cats/cat.4014.jpg,1,1,4.251313e-12,0.99990547
/data/Zeyu/Pooling/cat_dog_data/test_set/test_set/cats/cat.4015.jpg,1,1,1.1094875e-08,0.9999194
/data/Zeyu/Pooling/cat_dog_data/test_set/test_set/cats/cat.4016.jpg,1,1,0.0023269465,0.9972621
/data/Zeyu/Pooling/cat_dog_data/test_set/test_set/cats/cat.4017.jpg,1,1,4.2943443e-06,0.99988925
/data/Zeyu/Pooling/cat_dog_data/test_set/test_set/cats/cat.4018.jpg,1,1,8.389652e-08,0.9997181
/data/Zeyu/Pooling/cat_dog_data/test_set/test_set/cats/cat.4019.jpg,1,1,8.389652e-08,0.9997181
/data/Zeyu/Pooling/cat_dog_data/test_set/test_set/cats/cat.4020.jpg,1,1,0.00030234095,0.9996482
/data/Zeyu/Pooling/cat_dog_data/test_set/test_set/cats/cat.4021.jpg,1,1,2.7002298e-07,0.9997664
/data/Zeyu/Pooling/cat_dog_data/test_set/test_set/cats/cat.4022.jpg,1,1,7.198786e-06,0.9997601
/data/Zeyu/Pooling/cat_dog_data/test_set/test_set/cats/cat.4023.jpg,1,1,7.533113e-08,0.99984217
/data/Zeyu/Pooling/cat_dog_data/test_set/test_set/cats/cat.4024.jpg,1,1,0.060137544,0.9394292
/data/Zeyu/Pooling/cat_dog_data/test_set/test_set/cats/cat.4025.jpg,1,1,1.7382625e-05,0.99973935
/data/Zeyu/Pooling/cat_dog_data/test_set/test_set/cats/cat.4026.jpg,1,1,1.7382625e-05,0.99973935
/data/Zeyu/Pooling/cat_dog_data/test_set/test_set/cats/cat.4027.jpg,1,1,5.8365655e-13,0.9999013
/data/Zeyu/Pooling/cat_dog_data/test_set/test_set/cats/cat.4028.jpg,1,1,0.0038740155,0.9959638
/data/Zeyu/Pooling/cat_dog_data/test_set/test_set/cats/cat.4029.jpg,1,1,2.218168e-08,0.9997955
/data/Zeyu/Pooling/cat_dog_data/test_set/test_set/cats/cat.4030.jpg,1,1,4.046347e-11,0.9998785
/data/Zeyu/Pooling/cat_dog_data/test_set/test_set/cats/cat.4031.jpg,1,1,2.2756788e-11,0.999923
/data/Zeyu/Pooling/cat_dog_data/test_set/test_set/cats/cat.4032.jpg,1,0,0.9754351,0.024140062
/data/Zeyu/Pooling/cat_dog_data/test_set/test_set/cats/cat.4033.jpg,1,0,0.9754351,0.024140062
/data/Zeyu/Pooling/cat_dog_data/test_set/test_set/cats/cat.4034.jpg,1,1,0.0007597154,0.9988795
/data/Zeyu/Pooling/cat_dog_data/test_set/test_set/cats/cat.4035.jpg,1,1,5.8664646e-06,0.9998098
/data/Zeyu/Pooling/cat_dog_data/test_set/test_set/cats/cat.4036.jpg,1,1,0.0004840431,0.9992835
/data/Zeyu/Pooling/cat_dog_data/test_set/test_set/cats/cat.4037.jpg,1,1,1.6884709e-06,0.99966705
/data/Zeyu/Pooling/cat_dog_data/test_set/test_set/cats/cat.4038.jpg,1,1,7.665554e-07,0.9998636
/data/Zeyu/Pooling/cat_dog_data/test_set/test_set/cats/cat.4039.jpg,1,1,1.1269926e-05,0.9997757
/data/Zeyu/Pooling/cat_dog_data/test_set/test_set/cats/cat.4040.jpg,1,1,1.0465852e-09,0.9998447
/data/Zeyu/Pooling/cat_dog_data/test_set/test_set/cats/cat.4041.jpg,1,1,1.3126989e-11,0.99988925
/data/Zeyu/Pooling/cat_dog_data/test_set/test_set/cats/cat.4042.jpg,1,1,0.003971761,0.995896
/data/Zeyu/Pooling/cat_dog_data/test_set/test_set/cats/cat.4043.jpg,1,1,7.714575e-12,0.9998722
/data/Zeyu/Pooling/cat_dog_data/test_set/test_set/cats/cat.4044.jpg,1,1,0.00017713677,0.9994885
/data/Zeyu/Pooling/cat_dog_data/test_set/test_set/cats/cat.4045.jpg,1,1,0.46966442,0.52953494
/data/Zeyu/Pooling/cat_dog_data/test_set/test_set/cats/cat.4046.jpg,1,1,1.9474946e-05,0.99980205
/data/Zeyu/Pooling/cat_dog_data/test_set/test_set/cats/cat.4047.jpg,1,1,2.2721218e-07,0.99984825
/data/Zeyu/Pooling/cat_dog_data/test_set/test_set/cats/cat.4048.jpg,1,1,0.00033345,0.9996092
/data/Zeyu/Pooling/cat_dog_data/test_set/test_set/cats/cat.4049.jpg,1,1,0.00021695116,0.99931777
/data/Zeyu/Pooling/cat_dog_data/test_set/test_set/cats/cat.4050.jpg,1,1,5.980352e-05,0.9998715
/data/Zeyu/Pooling/cat_dog_data/test_set/test_set/cats/cat.4051.jpg,1,1,3.0720219e-06,0.9999206
/data/Zeyu/Pooling/cat_dog_data/test_set/test_set/cats/cat.4052.jpg,1,1,9.2018345e-05,0.9988707
/data/Zeyu/Pooling/cat_dog_data/test_set/test_set/cats/cat.4053.jpg,1,1,4.9446646e-07,0.99990594
/data/Zeyu/Pooling/cat_dog_data/test_set/test_set/cats/cat.4054.jpg,1,1,7.063517e-09,0.9998485
/data/Zeyu/Pooling/cat_dog_data/test_set/test_set/cats/cat.4055.jpg,1,1,3.1156964e-05,0.9998367
/data/Zeyu/Pooling/cat_dog_data/test_set/test_set/cats/cat.4056.jpg,1,1,0.03673343,0.9625793
/data/Zeyu/Pooling/cat_dog_data/test_set/test_set/cats/cat.4057.jpg,1,1,5.553302e-07,0.99987483
/data/Zeyu/Pooling/cat_dog_data/test_set/test_set/cats/cat.4058.jpg,1,1,0.008153314,0.9916391
/data/Zeyu/Pooling/cat_dog_data/test_set/test_set/cats/cat.4059.jpg,1,1,0.012561946,0.9873356
/data/Zeyu/Pooling/cat_dog_data/test_set/test_set/cats/cat.4060.jpg,1,1,0.20402682,0.79562616
/data/Zeyu/Pooling/cat_dog_data/test_set/test_set/cats/cat.4061.jpg,1,1,1.8699557e-08,0.9996847
/data/Zeyu/Pooling/cat_dog_data/test_set/test_set/cats/cat.4062.jpg,1,1,2.2169233e-07,0.99982774
/data/Zeyu/Pooling/cat_dog_data/test_set/test_set/cats/cat.4063.jpg,1,1,5.721583e-05,0.99969745
/data/Zeyu/Pooling/cat_dog_data/test_set/test_set/cats/cat.4064.jpg,1,1,0.00030127063,0.99942446
/data/Zeyu/Pooling/cat_dog_data/test_set/test_set/cats/cat.4065.jpg,1,1,3.020173e-05,0.99983263
/data/Zeyu/Pooling/cat_dog_data/test_set/test_set/cats/cat.4066.jpg,1,1,0.00013632269,0.99963605
/data/Zeyu/Pooling/cat_dog_data/test_set/test_set/cats/cat.4067.jpg,1,1,1.9015066e-06,0.9996996
/data/Zeyu/Pooling/cat_dog_data/test_set/test_set/cats/cat.4068.jpg,1,1,1.9015066e-06,0.9996996
/data/Zeyu/Pooling/cat_dog_data/test_set/test_set/cats/cat.4069.jpg,1,1,0.0007792013,0.99915266
/data/Zeyu/Pooling/cat_dog_data/test_set/test_set/cats/cat.4070.jpg,1,1,0.00021687831,0.9995121
/data/Zeyu/Pooling/cat_dog_data/test_set/test_set/cats/cat.4071.jpg,1,1,0.00010048562,0.9997148
/data/Zeyu/Pooling/cat_dog_data/test_set/test_set/cats/cat.4072.jpg,1,1,1.6163115e-06,0.9998907
/data/Zeyu/Pooling/cat_dog_data/test_set/test_set/cats/cat.4073.jpg,1,1,1.6638914e-09,0.9998672
/data/Zeyu/Pooling/cat_dog_data/test_set/test_set/cats/cat.4074.jpg,1,1,0.0002370155,0.99968576
/data/Zeyu/Pooling/cat_dog_data/test_set/test_set/cats/cat.4075.jpg,1,1,2.781335e-11,0.9998996
/data/Zeyu/Pooling/cat_dog_data/test_set/test_set/cats/cat.4076.jpg,1,1,5.8839234e-13,0.9999182
/data/Zeyu/Pooling/cat_dog_data/test_set/test_set/cats/cat.4077.jpg,1,1,4.208594e-12,0.9998845
/data/Zeyu/Pooling/cat_dog_data/test_set/test_set/cats/cat.4078.jpg,1,1,3.7192316e-05,0.9995024
/data/Zeyu/Pooling/cat_dog_data/test_set/test_set/cats/cat.4079.jpg,1,1,2.3816526e-07,0.9998735
/data/Zeyu/Pooling/cat_dog_data/test_set/test_set/cats/cat.4080.jpg,1,1,7.1291435e-09,0.99988973
/data/Zeyu/Pooling/cat_dog_data/test_set/test_set/cats/cat.4081.jpg,1,1,0.009844157,0.9897165
/data/Zeyu/Pooling/cat_dog_data/test_set/test_set/cats/cat.4082.jpg,1,1,0.00021854173,0.9994355
/data/Zeyu/Pooling/cat_dog_data/test_set/test_set/cats/cat.4083.jpg,1,1,1.4468047e-07,0.999859
/data/Zeyu/Pooling/cat_dog_data/test_set/test_set/cats/cat.4084.jpg,1,1,2.236435e-09,0.99988544
/data/Zeyu/Pooling/cat_dog_data/test_set/test_set/cats/cat.4085.jpg,1,1,4.0785032e-08,0.99984074
/data/Zeyu/Pooling/cat_dog_data/test_set/test_set/cats/cat.4086.jpg,1,1,0.00424651,0.99566793
/data/Zeyu/Pooling/cat_dog_data/test_set/test_set/cats/cat.4087.jpg,1,1,1.0436829e-06,0.9998605
/data/Zeyu/Pooling/cat_dog_data/test_set/test_set/cats/cat.4088.jpg,1,1,8.795914e-09,0.99989927
/data/Zeyu/Pooling/cat_dog_data/test_set/test_set/cats/cat.4089.jpg,1,1,3.1244497e-07,0.9998317
/data/Zeyu/Pooling/cat_dog_data/test_set/test_set/cats/cat.4090.jpg,1,1,5.288422e-06,0.9998716
/data/Zeyu/Pooling/cat_dog_data/test_set/test_set/cats/cat.4091.jpg,1,1,5.0498693e-07,0.999902
/data/Zeyu/Pooling/cat_dog_data/test_set/test_set/cats/cat.4092.jpg,1,1,2.7073953e-05,0.99987674
/data/Zeyu/Pooling/cat_dog_data/test_set/test_set/cats/cat.4093.jpg,1,1,1.1775612e-06,0.999841
/data/Zeyu/Pooling/cat_dog_data/test_set/test_set/cats/cat.4094.jpg,1,1,1.7981047e-07,0.9998274
/data/Zeyu/Pooling/cat_dog_data/test_set/test_set/cats/cat.4095.jpg,1,1,9.484317e-07,0.9998405
/data/Zeyu/Pooling/cat_dog_data/test_set/test_set/cats/cat.4096.jpg,1,1,0.001405674,0.9981401
/data/Zeyu/Pooling/cat_dog_data/test_set/test_set/cats/cat.4097.jpg,1,1,0.0011853313,0.99844944
/data/Zeyu/Pooling/cat_dog_data/test_set/test_set/cats/cat.4098.jpg,1,1,7.018689e-06,0.9995659
/data/Zeyu/Pooling/cat_dog_data/test_set/test_set/cats/cat.4099.jpg,1,1,4.0844757e-06,0.9999298
/data/Zeyu/Pooling/cat_dog_data/test_set/test_set/cats/cat.4100.jpg,1,1,0.0006463773,0.9990663
/data/Zeyu/Pooling/cat_dog_data/test_set/test_set/cats/cat.4101.jpg,1,1,4.187876e-07,0.9998518
/data/Zeyu/Pooling/cat_dog_data/test_set/test_set/cats/cat.4102.jpg,1,1,1.2371076e-07,0.9999063
/data/Zeyu/Pooling/cat_dog_data/test_set/test_set/cats/cat.4103.jpg,1,1,0.0014511775,0.9981681
/data/Zeyu/Pooling/cat_dog_data/test_set/test_set/cats/cat.4104.jpg,1,1,1.6928167e-05,0.9998461
/data/Zeyu/Pooling/cat_dog_data/test_set/test_set/cats/cat.4105.jpg,1,1,0.00018448768,0.99979144
/data/Zeyu/Pooling/cat_dog_data/test_set/test_set/cats/cat.4106.jpg,1,1,2.0037694e-06,0.9999162
/data/Zeyu/Pooling/cat_dog_data/test_set/test_set/cats/cat.4107.jpg,1,1,5.989079e-08,0.99983203
/data/Zeyu/Pooling/cat_dog_data/test_set/test_set/cats/cat.4108.jpg,1,1,5.9971694e-07,0.9998292
/data/Zeyu/Pooling/cat_dog_data/test_set/test_set/cats/cat.4109.jpg,1,1,0.22076239,0.7773156
/data/Zeyu/Pooling/cat_dog_data/test_set/test_set/cats/cat.4110.jpg,1,1,1.8452075e-06,0.99969697
/data/Zeyu/Pooling/cat_dog_data/test_set/test_set/cats/cat.4111.jpg,1,1,5.0067115e-06,0.99960405
/data/Zeyu/Pooling/cat_dog_data/test_set/test_set/cats/cat.4112.jpg,1,1,5.1942274e-12,0.9998603
/data/Zeyu/Pooling/cat_dog_data/test_set/test_set/cats/cat.4113.jpg,1,1,0.00260473,0.99703646
/data/Zeyu/Pooling/cat_dog_data/test_set/test_set/cats/cat.4114.jpg,1,1,0.025846336,0.97345257
/data/Zeyu/Pooling/cat_dog_data/test_set/test_set/cats/cat.4115.jpg,1,1,2.063853e-09,0.9998497
/data/Zeyu/Pooling/cat_dog_data/test_set/test_set/cats/cat.4116.jpg,1,1,1.2785708e-05,0.9998405
/data/Zeyu/Pooling/cat_dog_data/test_set/test_set/cats/cat.4117.jpg,1,0,0.97957224,0.020200286
/data/Zeyu/Pooling/cat_dog_data/test_set/test_set/cats/cat.4118.jpg,1,1,3.5585882e-07,0.9997714
/data/Zeyu/Pooling/cat_dog_data/test_set/test_set/cats/cat.4119.jpg,1,1,5.852485e-06,0.99946314
/data/Zeyu/Pooling/cat_dog_data/test_set/test_set/cats/cat.4120.jpg,1,1,1.712009e-11,0.99991715
/data/Zeyu/Pooling/cat_dog_data/test_set/test_set/cats/cat.4121.jpg,1,1,1.5048614e-07,0.9998661
/data/Zeyu/Pooling/cat_dog_data/test_set/test_set/cats/cat.4122.jpg,1,1,2.5339235e-05,0.9998493
/data/Zeyu/Pooling/cat_dog_data/test_set/test_set/cats/cat.4123.jpg,1,1,7.1155846e-08,0.9998548
/data/Zeyu/Pooling/cat_dog_data/test_set/test_set/cats/cat.4124.jpg,1,1,4.8212887e-06,0.99979347
/data/Zeyu/Pooling/cat_dog_data/test_set/test_set/cats/cat.4125.jpg,1,1,6.114165e-05,0.9995938
/data/Zeyu/Pooling/cat_dog_data/test_set/test_set/cats/cat.4126.jpg,1,1,1.337515e-06,0.9996426
/data/Zeyu/Pooling/cat_dog_data/test_set/test_set/cats/cat.4127.jpg,1,1,0.0050698174,0.9948549
/data/Zeyu/Pooling/cat_dog_data/test_set/test_set/cats/cat.4128.jpg,1,1,8.394435e-10,0.9999
/data/Zeyu/Pooling/cat_dog_data/test_set/test_set/cats/cat.4001.jpg,1,1,1.4423501e-05,0.99986804
/data/Zeyu/Pooling/cat_dog_data/test_set/test_set/cats/cat.4002.jpg,1,1,7.245357e-08,0.9997894
/data/Zeyu/Pooling/cat_dog_data/test_set/test_set/cats/cat.4003.jpg,1,1,7.9971113e-07,0.99971825
/data/Zeyu/Pooling/cat_dog_data/test_set/test_set/cats/cat.4004.jpg,1,1,0.00014877241,0.99950457
/data/Zeyu/Pooling/cat_dog_data/test_set/test_set/cats/cat.4005.jpg,1,1,3.8780552e-05,0.9999
/data/Zeyu/Pooling/cat_dog_data/test_set/test_set/cats/cat.4006.jpg,1,1,6.464715e-11,0.99986553
/data/Zeyu/Pooling/cat_dog_data/test_set/test_set/cats/cat.4007.jpg,1,1,4.6934565e-07,0.9999006
/data/Zeyu/Pooling/cat_dog_data/test_set/test_set/cats/cat.4008.jpg,1,1,2.2414983e-09,0.9997991
/data/Zeyu/Pooling/cat_dog_data/test_set/test_set/cats/cat.4009.jpg,1,1,6.923903e-05,0.9998864
/data/Zeyu/Pooling/cat_dog_data/test_set/test_set/cats/cat.4010.jpg,1,1,0.015463403,0.9843903
/data/Zeyu/Pooling/cat_dog_data/test_set/test_set/cats/cat.4011.jpg,1,1,3.0748689e-07,0.9997745
/data/Zeyu/Pooling/cat_dog_data/test_set/test_set/cats/cat.4012.jpg,1,1,2.122338e-06,0.9999635
/data/Zeyu/Pooling/cat_dog_data/test_set/test_set/cats/cat.4013.jpg,1,1,4.033875e-05,0.9990804
/data/Zeyu/Pooling/cat_dog_data/test_set/test_set/cats/cat.4014.jpg,1,1,0.002351407,0.9975688
/data/Zeyu/Pooling/cat_dog_data/test_set/test_set/cats/cat.4015.jpg,1,1,7.788981e-06,0.9998023
/data/Zeyu/Pooling/cat_dog_data/test_set/test_set/cats/cat.4016.jpg,1,1,2.706542e-07,0.99985826
/data/Zeyu/Pooling/cat_dog_data/test_set/test_set/cats/cat.4017.jpg,1,1,0.009032677,0.9908183
/data/Zeyu/Pooling/cat_dog_data/test_set/test_set/cats/cat.4018.jpg,1,1,2.8991959e-05,0.99991417
/data/Zeyu/Pooling/cat_dog_data/test_set/test_set/cats/cat.4019.jpg,1,1,1.5957131e-06,0.99988306
/data/Zeyu/Pooling/cat_dog_data/test_set/test_set/cats/cat.4020.jpg,1,1,4.9212764e-07,0.9998386
/data/Zeyu/Pooling/cat_dog_data/test_set/test_set/cats/cat.4021.jpg,1,1,3.1168096e-07,0.99988496
/data/Zeyu/Pooling/cat_dog_data/test_set/test_set/cats/cat.4022.jpg,1,1,2.4495978e-06,0.9996019
/data/Zeyu/Pooling/cat_dog_data/test_set/test_set/cats/cat.4023.jpg,1,1,2.7572415e-11,0.9998969
/data/Zeyu/Pooling/cat_dog_data/test_set/test_set/cats/cat.4024.jpg,1,1,6.9128946e-05,0.9998202
/data/Zeyu/Pooling/cat_dog_data/test_set/test_set/cats/cat.4025.jpg,1,1,0.0015008873,0.9977596
/data/Zeyu/Pooling/cat_dog_data/test_set/test_set/cats/cat.4026.jpg,1,1,4.7552545e-10,0.9999176
/data/Zeyu/Pooling/cat_dog_data/test_set/test_set/cats/cat.4027.jpg,1,1,4.6582724e-07,0.99982315
/data/Zeyu/Pooling/cat_dog_data/test_set/test_set/cats/cat.4028.jpg,1,1,1.027991e-09,0.9997446
/data/Zeyu/Pooling/cat_dog_data/test_set/test_set/cats/cat.4029.jpg,1,1,6.898586e-07,0.99973863
/data/Zeyu/Pooling/cat_dog_data/test_set/test_set/cats/cat.4030.jpg,1,1,9.614246e-06,0.99962866
/data/Zeyu/Pooling/cat_dog_data/test_set/test_set/cats/cat.4031.jpg,1,1,6.406463e-07,0.99989367
/data/Zeyu/Pooling/cat_dog_data/test_set/test_set/cats/cat.4032.jpg,1,1,0.004607854,0.9952329
/data/Zeyu/Pooling/cat_dog_data/test_set/test_set/cats/cat.4033.jpg,1,1,6.0696666e-06,0.9999182
/data/Zeyu/Pooling/cat_dog_data/test_set/test_set/cats/cat.4034.jpg,1,1,2.079085e-05,0.9994524
/data/Zeyu/Pooling/cat_dog_data/test_set/test_set/cats/cat.4035.jpg,1,1,2.096775e-06,0.99982303
/data/Zeyu/Pooling/cat_dog_data/test_set/test_set/cats/cat.4036.jpg,1,1,0.15557599,0.8440869
/data/Zeyu/Pooling/cat_dog_data/test_set/test_set/cats/cat.4037.jpg,1,1,3.7734885e-08,0.99991333
/data/Zeyu/Pooling/cat_dog_data/test_set/test_set/cats/cat.4038.jpg,1,1,0.00024879177,0.99970883
/data/Zeyu/Pooling/cat_dog_data/test_set/test_set/cats/cat.4039.jpg,1,1,4.382791e-06,0.9998016
/data/Zeyu/Pooling/cat_dog_data/test_set/test_set/cats/cat.4040.jpg,1,1,6.1408787e-06,0.99979204
/data/Zeyu/Pooling/cat_dog_data/test_set/test_set/cats/cat.4041.jpg,1,1,0.17326583,0.8259502
/data/Zeyu/Pooling/cat_dog_data/test_set/test_set/cats/cat.4042.jpg,1,1,3.2740058e-08,0.9998516
/data/Zeyu/Pooling/cat_dog_data/test_set/test_set/cats/cat.4043.jpg,1,1,2.383543e-05,0.9998448
/data/Zeyu/Pooling/cat_dog_data/test_set/test_set/cats/cat.4044.jpg,1,1,3.776726e-05,0.9995915
/data/Zeyu/Pooling/cat_dog_data/test_set/test_set/cats/cat.4045.jpg,1,1,0.0023904908,0.9973454
/data/Zeyu/Pooling/cat_dog_data/test_set/test_set/cats/cat.4046.jpg,1,1,1.719541e-08,0.9998671
/data/Zeyu/Pooling/cat_dog_data/test_set/test_set/cats/cat.4047.jpg,1,1,0.009409748,0.99050176
/data/Zeyu/Pooling/cat_dog_data/test_set/test_set/cats/cat.4048.jpg,1,1,0.0071964143,0.9927066
/data/Zeyu/Pooling/cat_dog_data/test_set/test_set/cats/cat.4049.jpg,1,1,0.00010125452,0.9996356
/data/Zeyu/Pooling/cat_dog_data/test_set/test_set/cats/cat.4050.jpg,1,1,0.012703281,0.9870379
/data/Zeyu/Pooling/cat_dog_data/test_set/test_set/cats/cat.4051.jpg,1,1,4.3402247e-07,0.9999397
/data/Zeyu/Pooling/cat_dog_data/test_set/test_set/cats/cat.4052.jpg,1,1,1.8061219e-05,0.99996173
/data/Zeyu/Pooling/cat_dog_data/test_set/test_set/cats/cat.4053.jpg,1,1,2.4848981e-05,0.99930954
/data/Zeyu/Pooling/cat_dog_data/test_set/test_set/cats/cat.4054.jpg,1,1,1.2472491e-06,0.9996081
/data/Zeyu/Pooling/cat_dog_data/test_set/test_set/cats/cat.4055.jpg,1,1,0.0196428,0.9802074
/data/Zeyu/Pooling/cat_dog_data/test_set/test_set/cats/cat.4056.jpg,1,1,1.6890237e-07,0.9998242
/data/Zeyu/Pooling/cat_dog_data/test_set/test_set/cats/cat.4057.jpg,1,1,3.898311e-07,0.99974626
/data/Zeyu/Pooling/cat_dog_data/test_set/test_set/cats/cat.4058.jpg,1,1,0.00021573647,0.9997054
/data/Zeyu/Pooling/cat_dog_data/test_set/test_set/cats/cat.4059.jpg,1,1,0.0030482989,0.9963535
/data/Zeyu/Pooling/cat_dog_data/test_set/test_set/cats/cat.4060.jpg,1,1,5.125058e-05,0.99980503
/data/Zeyu/Pooling/cat_dog_data/test_set/test_set/cats/cat.4061.jpg,1,1,2.5141308e-08,0.9998864
/data/Zeyu/Pooling/cat_dog_data/test_set/test_set/cats/cat.4062.jpg,1,1,2.161097e-09,0.9998324
/data/Zeyu/Pooling/cat_dog_data/test_set/test_set/cats/cat.4063.jpg,1,1,7.703513e-10,0.99987626
/data/Zeyu/Pooling/cat_dog_data/test_set/test_set/cats/cat.4064.jpg,1,1,0.013960614,0.9859139
/data/Zeyu/Pooling/cat_dog_data/test_set/test_set/cats/cat.4065.jpg,1,1,6.380809e-06,0.99991393
/data/Zeyu/Pooling/cat_dog_data/test_set/test_set/cats/cat.4066.jpg,1,1,2.1095952e-06,0.9998628
/data/Zeyu/Pooling/cat_dog_data/test_set/test_set/cats/cat.4067.jpg,1,1,0.00017931928,0.99973315
/data/Zeyu/Pooling/cat_dog_data/test_set/test_set/cats/cat.4068.jpg,1,1,1.3382874e-05,0.99988174
/data/Zeyu/Pooling/cat_dog_data/test_set/test_set/cats/cat.4069.jpg,1,0,0.9999232,1.1922356e-06
/data/Zeyu/Pooling/cat_dog_data/test_set/test_set/cats/cat.4070.jpg,1,1,0.019400721,0.9799989
/data/Zeyu/Pooling/cat_dog_data/test_set/test_set/cats/cat.4071.jpg,1,1,5.7422125e-07,0.99987185
/data/Zeyu/Pooling/cat_dog_data/test_set/test_set/cats/cat.4072.jpg,1,1,8.150382e-10,0.9999387
/data/Zeyu/Pooling/cat_dog_data/test_set/test_set/cats/cat.4073.jpg,1,1,4.88908e-09,0.9999459
/data/Zeyu/Pooling/cat_dog_data/test_set/test_set/cats/cat.4074.jpg,1,1,2.651059e-10,0.9999124
/data/Zeyu/Pooling/cat_dog_data/test_set/test_set/cats/cat.4075.jpg,1,1,0.00027025404,0.99948347
/data/Zeyu/Pooling/cat_dog_data/test_set/test_set/cats/cat.4076.jpg,1,1,3.9434306e-10,0.99991333
/data/Zeyu/Pooling/cat_dog_data/test_set/test_set/cats/cat.4077.jpg,1,1,1.212754e-07,0.99971837
/data/Zeyu/Pooling/cat_dog_data/test_set/test_set/cats/cat.4078.jpg,1,1,1.04246425e-08,0.9998739
/data/Zeyu/Pooling/cat_dog_data/test_set/test_set/cats/cat.4079.jpg,1,1,3.6570746e-05,0.9998368
/data/Zeyu/Pooling/cat_dog_data/test_set/test_set/cats/cat.4080.jpg,1,1,1.2570117e-05,0.9996044
/data/Zeyu/Pooling/cat_dog_data/test_set/test_set/cats/cat.4081.jpg,1,1,1.1683673e-11,0.9999198
/data/Zeyu/Pooling/cat_dog_data/test_set/test_set/cats/cat.4082.jpg,1,1,0.0006316715,0.99898165
/data/Zeyu/Pooling/cat_dog_data/test_set/test_set/cats/cat.4083.jpg,1,1,1.9459845e-08,0.99981946
/data/Zeyu/Pooling/cat_dog_data/test_set/test_set/cats/cat.4084.jpg,1,1,4.100855e-12,0.9998933
/data/Zeyu/Pooling/cat_dog_data/test_set/test_set/cats/cat.4085.jpg,1,1,3.611985e-06,0.99982244
/data/Zeyu/Pooling/cat_dog_data/test_set/test_set/cats/cat.4086.jpg,1,1,0.00040417042,0.9992131
/data/Zeyu/Pooling/cat_dog_data/test_set/test_set/cats/cat.4087.jpg,1,1,6.403296e-08,0.99987566
/data/Zeyu/Pooling/cat_dog_data/test_set/test_set/cats/cat.4088.jpg,1,1,3.0115036e-06,0.99984527
/data/Zeyu/Pooling/cat_dog_data/test_set/test_set/cats/cat.4089.jpg,1,1,1.1061804e-09,0.9999273
/data/Zeyu/Pooling/cat_dog_data/test_set/test_set/cats/cat.4090.jpg,1,1,0.00074998214,0.9988568
/data/Zeyu/Pooling/cat_dog_data/test_set/test_set/cats/cat.4091.jpg,1,1,0.00019208602,0.9997868
/data/Zeyu/Pooling/cat_dog_data/test_set/test_set/cats/cat.4092.jpg,1,1,0.011264848,0.9883577
/data/Zeyu/Pooling/cat_dog_data/test_set/test_set/cats/cat.4093.jpg,1,1,4.1206206e-07,0.9996408
/data/Zeyu/Pooling/cat_dog_data/test_set/test_set/cats/cat.4094.jpg,1,1,0.26496655,0.73473823
/data/Zeyu/Pooling/cat_dog_data/test_set/test_set/cats/cat.4095.jpg,1,1,1.4406771e-05,0.9994677
/data/Zeyu/Pooling/cat_dog_data/test_set/test_set/cats/cat.4096.jpg,1,1,1.599829e-07,0.9998896
/data/Zeyu/Pooling/cat_dog_data/test_set/test_set/cats/cat.4097.jpg,1,1,1.9170163e-09,0.9998766
/data/Zeyu/Pooling/cat_dog_data/test_set/test_set/cats/cat.4098.jpg,1,1,3.909648e-06,0.99980396
/data/Zeyu/Pooling/cat_dog_data/test_set/test_set/cats/cat.4099.jpg,1,1,7.073078e-05,0.99969625
/data/Zeyu/Pooling/cat_dog_data/test_set/test_set/cats/cat.4100.jpg,1,1,9.562237e-07,0.99975723
/data/Zeyu/Pooling/cat_dog_data/test_set/test_set/cats/cat.4101.jpg,1,0,0.86497635,0.13338277
/data/Zeyu/Pooling/cat_dog_data/test_set/test_set/cats/cat.4102.jpg,1,1,0.22691183,0.77210486
/data/Zeyu/Pooling/cat_dog_data/test_set/test_set/cats/cat.4103.jpg,1,1,2.2451417e-05,0.9998932
/data/Zeyu/Pooling/cat_dog_data/test_set/test_set/cats/cat.4104.jpg,1,1,3.0986707e-06,0.9998765
/data/Zeyu/Pooling/cat_dog_data/test_set/test_set/cats/cat.4105.jpg,1,0,0.91331136,0.086343065
/data/Zeyu/Pooling/cat_dog_data/test_set/test_set/cats/cat.4106.jpg,1,1,9.356152e-11,0.99990606
/data/Zeyu/Pooling/cat_dog_data/test_set/test_set/cats/cat.4107.jpg,1,1,6.305703e-07,0.999705
/data/Zeyu/Pooling/cat_dog_data/test_set/test_set/cats/cat.4108.jpg,1,1,0.01256766,0.9872131
/data/Zeyu/Pooling/cat_dog_data/test_set/test_set/cats/cat.4109.jpg,1,1,0.01256766,0.9872131
/data/Zeyu/Pooling/cat_dog_data/test_set/test_set/cats/cat.4110.jpg,1,1,2.2518503e-11,0.99982625
/data/Zeyu/Pooling/cat_dog_data/test_set/test_set/cats/cat.4111.jpg,1,1,2.7394988e-05,0.9996408
/data/Zeyu/Pooling/cat_dog_data/test_set/test_set/cats/cat.4112.jpg,1,1,0.001820909,0.9980071
/data/Zeyu/Pooling/cat_dog_data/test_set/test_set/cats/cat.4113.jpg,1,1,2.4020267e-06,0.99959654
/data/Zeyu/Pooling/cat_dog_data/test_set/test_set/cats/cat.4114.jpg,1,1,1.1310752e-09,0.9998803
/data/Zeyu/Pooling/cat_dog_data/test_set/test_set/cats/cat.4115.jpg,1,1,9.817485e-12,0.9999037
/data/Zeyu/Pooling/cat_dog_data/test_set/test_set/cats/cat.4116.jpg,1,1,0.3993639,0.5998576
/data/Zeyu/Pooling/cat_dog_data/test_set/test_set/cats/cat.4117.jpg,1,1,6.945459e-08,0.9998368
/data/Zeyu/Pooling/cat_dog_data/test_set/test_set/cats/cat.4118.jpg,1,1,3.477039e-05,0.99992585
/data/Zeyu/Pooling/cat_dog_data/test_set/test_set/cats/cat.4119.jpg,1,1,1.6599577e-08,0.999863
/data/Zeyu/Pooling/cat_dog_data/test_set/test_set/cats/cat.4120.jpg,1,1,0.0026822877,0.99709904
/data/Zeyu/Pooling/cat_dog_data/test_set/test_set/cats/cat.4121.jpg,1,1,3.0144174e-06,0.9997919
/data/Zeyu/Pooling/cat_dog_data/test_set/test_set/cats/cat.4122.jpg,1,1,0.16613923,0.8335603
/data/Zeyu/Pooling/cat_dog_data/test_set/test_set/cats/cat.4123.jpg,1,1,7.749737e-05,0.999747
/data/Zeyu/Pooling/cat_dog_data/test_set/test_set/cats/cat.4124.jpg,1,1,0.021715825,0.9779804
/data/Zeyu/Pooling/cat_dog_data/test_set/test_set/cats/cat.4125.jpg,1,1,8.1236385e-07,0.99987876
/data/Zeyu/Pooling/cat_dog_data/test_set/test_set/cats/cat.4126.jpg,1,1,5.561818e-13,0.9999567
/data/Zeyu/Pooling/cat_dog_data/test_set/test_set/cats/cat.4127.jpg,1,1,2.5354684e-06,0.99985945
/data/Zeyu/Pooling/cat_dog_data/test_set/test_set/cats/cat.4128.jpg,1,1,0.00013631096,0.99979216
/data/Zeyu/Pooling/cat_dog_data/test_set/test_set/cats/cat.4001.jpg,1,1,0.28669685,0.7128555
/data/Zeyu/Pooling/cat_dog_data/test_set/test_set/cats/cat.4002.jpg,1,1,0.1729227,0.8266212
/data/Zeyu/Pooling/cat_dog_data/test_set/test_set/cats/cat.4003.jpg,1,1,9.139104e-10,0.9998981
/data/Zeyu/Pooling/cat_dog_data/test_set/test_set/cats/cat.4004.jpg,1,1,1.239616e-08,0.99993145
/data/Zeyu/Pooling/cat_dog_data/test_set/test_set/cats/cat.4005.jpg,1,1,0.00019810017,0.9996505
/data/Zeyu/Pooling/cat_dog_data/test_set/test_set/cats/cat.4006.jpg,1,1,0.0016790085,0.9979144
/data/Zeyu/Pooling/cat_dog_data/test_set/test_set/cats/cat.4007.jpg,1,1,4.8951065e-06,0.99970573
/data/Zeyu/Pooling/cat_dog_data/test_set/test_set/cats/cat.4008.jpg,1,1,0.00096905464,0.99893135
/data/Zeyu/Pooling/cat_dog_data/test_set/test_set/cats/cat.4009.jpg,1,1,0.00018980521,0.999736
/data/Zeyu/Pooling/cat_dog_data/test_set/test_set/cats/cat.4010.jpg,1,1,2.075276e-07,0.99968064
/data/Zeyu/Pooling/cat_dog_data/test_set/test_set/cats/cat.4011.jpg,1,1,2.6589985e-11,0.99995065
/data/Zeyu/Pooling/cat_dog_data/test_set/test_set/cats/cat.4012.jpg,1,1,1.03427e-06,0.99984825
/data/Zeyu/Pooling/cat_dog_data/test_set/test_set/cats/cat.4013.jpg,1,1,5.1432753e-06,0.9997489
/data/Zeyu/Pooling/cat_dog_data/test_set/test_set/cats/cat.4014.jpg,1,1,2.3411686e-11,0.9999249
/data/Zeyu/Pooling/cat_dog_data/test_set/test_set/cats/cat.4015.jpg,1,1,4.346951e-06,0.99976164
/data/Zeyu/Pooling/cat_dog_data/test_set/test_set/cats/cat.4016.jpg,1,1,0.0080605075,0.9916107
/data/Zeyu/Pooling/cat_dog_data/test_set/test_set/cats/cat.4017.jpg,1,1,5.583015e-07,0.99983144
/data/Zeyu/Pooling/cat_dog_data/test_set/test_set/cats/cat.4018.jpg,1,1,3.2457052e-07,0.9999318
/data/Zeyu/Pooling/cat_dog_data/test_set/test_set/cats/cat.4019.jpg,1,1,7.779048e-06,0.999828
/data/Zeyu/Pooling/cat_dog_data/test_set/test_set/cats/cat.4020.jpg,1,1,0.0010066545,0.99880695
/data/Zeyu/Pooling/cat_dog_data/test_set/test_set/cats/cat.4021.jpg,1,1,0.0022387146,0.9975472
/data/Zeyu/Pooling/cat_dog_data/test_set/test_set/cats/cat.4022.jpg,1,1,3.8294693e-06,0.99982905
/data/Zeyu/Pooling/cat_dog_data/test_set/test_set/cats/cat.4023.jpg,1,1,0.00025501664,0.9995915
/data/Zeyu/Pooling/cat_dog_data/test_set/test_set/cats/cat.4024.jpg,1,1,3.654218e-06,0.99984944
/data/Zeyu/Pooling/cat_dog_data/test_set/test_set/cats/cat.4025.jpg,1,1,0.003591588,0.9961622
/data/Zeyu/Pooling/cat_dog_data/test_set/test_set/cats/cat.4026.jpg,1,1,5.4649178e-08,0.999821
/data/Zeyu/Pooling/cat_dog_data/test_set/test_set/cats/cat.4027.jpg,1,1,0.00036299365,0.9995192
/data/Zeyu/Pooling/cat_dog_data/test_set/test_set/cats/cat.4028.jpg,1,1,9.374095e-08,0.99975294
/data/Zeyu/Pooling/cat_dog_data/test_set/test_set/cats/cat.4029.jpg,1,1,0.00022757532,0.9994506
/data/Zeyu/Pooling/cat_dog_data/test_set/test_set/cats/cat.4030.jpg,1,1,3.441275e-05,0.9995833
/data/Zeyu/Pooling/cat_dog_data/test_set/test_set/cats/cat.4031.jpg,1,1,0.00720318,0.9926226
/data/Zeyu/Pooling/cat_dog_data/test_set/test_set/cats/cat.4032.jpg,1,1,1.9351503e-06,0.9998659
/data/Zeyu/Pooling/cat_dog_data/test_set/test_set/cats/cat.4033.jpg,1,1,3.243174e-11,0.99984217
/data/Zeyu/Pooling/cat_dog_data/test_set/test_set/cats/cat.4034.jpg,1,1,0.0006597783,0.99928576
/data/Zeyu/Pooling/cat_dog_data/test_set/test_set/cats/cat.4035.jpg,1,1,0.121907674,0.8774256
/data/Zeyu/Pooling/cat_dog_data/test_set/test_set/cats/cat.4036.jpg,1,1,1.0548534e-07,0.99990046
/data/Zeyu/Pooling/cat_dog_data/test_set/test_set/cats/cat.4037.jpg,1,1,2.4475257e-06,0.9998809
/data/Zeyu/Pooling/cat_dog_data/test_set/test_set/cats/cat.4038.jpg,1,1,2.4475257e-06,0.9998809
/data/Zeyu/Pooling/cat_dog_data/test_set/test_set/cats/cat.4039.jpg,1,1,0.0038764388,0.9960044
/data/Zeyu/Pooling/cat_dog_data/test_set/test_set/cats/cat.4040.jpg,1,1,6.9539845e-09,0.99983954
/data/Zeyu/Pooling/cat_dog_data/test_set/test_set/cats/cat.4041.jpg,1,1,0.24935254,0.7501756
/data/Zeyu/Pooling/cat_dog_data/test_set/test_set/cats/cat.4042.jpg,1,1,8.981203e-07,0.99989927
/data/Zeyu/Pooling/cat_dog_data/test_set/test_set/cats/cat.4043.jpg,1,1,7.1239793e-07,0.9997888
/data/Zeyu/Pooling/cat_dog_data/test_set/test_set/cats/cat.4044.jpg,1,1,6.2186875e-05,0.99923646
/data/Zeyu/Pooling/cat_dog_data/test_set/test_set/cats/cat.4045.jpg,1,1,1.5851997e-10,0.999881
/data/Zeyu/Pooling/cat_dog_data/test_set/test_set/cats/cat.4046.jpg,1,1,1.345906e-08,0.99985313
/data/Zeyu/Pooling/cat_dog_data/test_set/test_set/cats/cat.4047.jpg,1,1,1.8731818e-07,0.99977726
/data/Zeyu/Pooling/cat_dog_data/test_set/test_set/cats/cat.4048.jpg,1,1,3.9875536e-07,0.9999589
/data/Zeyu/Pooling/cat_dog_data/test_set/test_set/cats/cat.4049.jpg,1,1,7.054037e-08,0.99986506
/data/Zeyu/Pooling/cat_dog_data/test_set/test_set/cats/cat.4050.jpg,1,1,2.435189e-07,0.9995623
/data/Zeyu/Pooling/cat_dog_data/test_set/test_set/cats/cat.4051.jpg,1,1,2.5693851e-05,0.9998301
/data/Zeyu/Pooling/cat_dog_data/test_set/test_set/cats/cat.4052.jpg,1,1,0.0003279616,0.9995752
/data/Zeyu/Pooling/cat_dog_data/test_set/test_set/cats/cat.4053.jpg,1,1,2.2696116e-07,0.9997099
/data/Zeyu/Pooling/cat_dog_data/test_set/test_set/cats/cat.4054.jpg,1,1,7.959913e-12,0.99990034
/data/Zeyu/Pooling/cat_dog_data/test_set/test_set/cats/cat.4055.jpg,1,1,5.755689e-06,0.999592
/data/Zeyu/Pooling/cat_dog_data/test_set/test_set/cats/cat.4056.jpg,1,1,2.9816438e-05,0.9999137
/data/Zeyu/Pooling/cat_dog_data/test_set/test_set/cats/cat.4057.jpg,1,1,3.465236e-05,0.9995869
/data/Zeyu/Pooling/cat_dog_data/test_set/test_set/cats/cat.4058.jpg,1,1,9.332571e-06,0.99973553
/data/Zeyu/Pooling/cat_dog_data/test_set/test_set/cats/cat.4059.jpg,1,1,0.00061326043,0.99915016
/data/Zeyu/Pooling/cat_dog_data/test_set/test_set/cats/cat.4060.jpg,1,1,1.2367926e-06,0.9998084
/data/Zeyu/Pooling/cat_dog_data/test_set/test_set/cats/cat.4061.jpg,1,1,9.560326e-10,0.99978584
/data/Zeyu/Pooling/cat_dog_data/test_set/test_set/cats/cat.4062.jpg,1,1,1.9058996e-05,0.99990845
/data/Zeyu/Pooling/cat_dog_data/test_set/test_set/cats/cat.4063.jpg,1,1,0.00066772866,0.99906224
/data/Zeyu/Pooling/cat_dog_data/test_set/test_set/cats/cat.4064.jpg,1,1,6.2621743e-09,0.999884
/data/Zeyu/Pooling/cat_dog_data/test_set/test_set/cats/cat.4065.jpg,1,1,3.69011e-07,0.9998307
/data/Zeyu/Pooling/cat_dog_data/test_set/test_set/cats/cat.4066.jpg,1,1,1.313494e-15,0.99994373
/data/Zeyu/Pooling/cat_dog_data/test_set/test_set/cats/cat.4067.jpg,1,1,3.2381147e-05,0.9999316
/data/Zeyu/Pooling/cat_dog_data/test_set/test_set/cats/cat.4068.jpg,1,1,1.1895502e-05,0.9999032
/data/Zeyu/Pooling/cat_dog_data/test_set/test_set/cats/cat.4069.jpg,1,1,8.6020904e-08,0.9996809
/data/Zeyu/Pooling/cat_dog_data/test_set/test_set/cats/cat.4070.jpg,1,1,1.17212185e-05,0.9995233
/data/Zeyu/Pooling/cat_dog_data/test_set/test_set/cats/cat.4071.jpg,1,1,1.0823569e-05,0.999796
/data/Zeyu/Pooling/cat_dog_data/test_set/test_set/cats/cat.4072.jpg,1,1,9.20032e-05,0.9995259
/data/Zeyu/Pooling/cat_dog_data/test_set/test_set/cats/cat.4073.jpg,1,1,0.0009177555,0.99842936
/data/Zeyu/Pooling/cat_dog_data/test_set/test_set/cats/cat.4074.jpg,1,1,0.0001692836,0.9990392
/data/Zeyu/Pooling/cat_dog_data/test_set/test_set/cats/cat.4075.jpg,1,1,8.0738144e-10,0.9999013
/data/Zeyu/Pooling/cat_dog_data/test_set/test_set/cats/cat.4076.jpg,1,1,3.781833e-05,0.99984515
/data/Zeyu/Pooling/cat_dog_data/test_set/test_set/cats/cat.4077.jpg,1,1,0.011501113,0.9883662
/data/Zeyu/Pooling/cat_dog_data/test_set/test_set/cats/cat.4078.jpg,1,1,2.5293643e-06,0.99976665
/data/Zeyu/Pooling/cat_dog_data/test_set/test_set/cats/cat.4079.jpg,1,1,3.391799e-07,0.9999094
/data/Zeyu/Pooling/cat_dog_data/test_set/test_set/cats/cat.4080.jpg,1,1,2.6686414e-06,0.99923396
/data/Zeyu/Pooling/cat_dog_data/test_set/test_set/cats/cat.4081.jpg,1,1,1.3574931e-08,0.9998596
/data/Zeyu/Pooling/cat_dog_data/test_set/test_set/cats/cat.4082.jpg,1,1,0.00027349018,0.99914277
/data/Zeyu/Pooling/cat_dog_data/test_set/test_set/cats/cat.4083.jpg,1,1,0.0009214064,0.9988451
/data/Zeyu/Pooling/cat_dog_data/test_set/test_set/cats/cat.4084.jpg,1,1,0.009316422,0.99014413
/data/Zeyu/Pooling/cat_dog_data/test_set/test_set/cats/cat.4085.jpg,1,1,0.019748433,0.9801539
/data/Zeyu/Pooling/cat_dog_data/test_set/test_set/cats/cat.4086.jpg,1,1,2.2375533e-08,0.99985266
/data/Zeyu/Pooling/cat_dog_data/test_set/test_set/cats/cat.4087.jpg,1,1,5.1112227e-07,0.999859
/data/Zeyu/Pooling/cat_dog_data/test_set/test_set/cats/cat.4088.jpg,1,1,0.0016182014,0.9983193
/data/Zeyu/Pooling/cat_dog_data/test_set/test_set/cats/cat.4089.jpg,1,1,3.2814025e-09,0.99982566
/data/Zeyu/Pooling/cat_dog_data/test_set/test_set/cats/cat.4090.jpg,1,1,2.336464e-11,0.99993134
/data/Zeyu/Pooling/cat_dog_data/test_set/test_set/cats/cat.4091.jpg,1,1,0.011624776,0.98823357
/data/Zeyu/Pooling/cat_dog_data/test_set/test_set/cats/cat.4092.jpg,1,1,2.6870366e-06,0.9998946
/data/Zeyu/Pooling/cat_dog_data/test_set/test_set/cats/cat.4093.jpg,1,1,0.00036248588,0.9995413
/data/Zeyu/Pooling/cat_dog_data/test_set/test_set/cats/cat.4094.jpg,1,1,9.707799e-09,0.99989533
/data/Zeyu/Pooling/cat_dog_data/test_set/test_set/cats/cat.4095.jpg,1,1,0.00057636306,0.9991358
/data/Zeyu/Pooling/cat_dog_data/test_set/test_set/cats/cat.4096.jpg,1,1,0.0011464222,0.9986507
/data/Zeyu/Pooling/cat_dog_data/test_set/test_set/cats/cat.4097.jpg,1,1,4.274492e-11,0.99986815
/data/Zeyu/Pooling/cat_dog_data/test_set/test_set/cats/cat.4098.jpg,1,1,6.960264e-05,0.9998808
/data/Zeyu/Pooling/cat_dog_data/test_set/test_set/cats/cat.4099.jpg,1,1,1.3226045e-05,0.9998412
/data/Zeyu/Pooling/cat_dog_data/test_set/test_set/cats/cat.4100.jpg,1,1,0.00012953037,0.9990926
/data/Zeyu/Pooling/cat_dog_data/test_set/test_set/cats/cat.4101.jpg,1,1,3.9358135e-12,0.99993396
/data/Zeyu/Pooling/cat_dog_data/test_set/test_set/cats/cat.4102.jpg,1,1,1.4757433e-07,0.9998965
/data/Zeyu/Pooling/cat_dog_data/test_set/test_set/cats/cat.4103.jpg,1,1,0.07333312,0.9261599
/data/Zeyu/Pooling/cat_dog_data/test_set/test_set/cats/cat.4104.jpg,1,1,0.0047216765,0.99385625
/data/Zeyu/Pooling/cat_dog_data/test_set/test_set/cats/cat.4105.jpg,1,1,4.434538e-05,0.9999182
/data/Zeyu/Pooling/cat_dog_data/test_set/test_set/cats/cat.4106.jpg,1,1,4.296246e-07,0.9999157
/data/Zeyu/Pooling/cat_dog_data/test_set/test_set/cats/cat.4107.jpg,1,1,4.739018e-06,0.9997608
/data/Zeyu/Pooling/cat_dog_data/test_set/test_set/cats/cat.4108.jpg,1,1,4.325953e-08,0.9998766
/data/Zeyu/Pooling/cat_dog_data/test_set/test_set/cats/cat.4109.jpg,1,1,0.00017749336,0.9993767
/data/Zeyu/Pooling/cat_dog_data/test_set/test_set/cats/cat.4110.jpg,1,1,1.9079314e-06,0.99983287
/data/Zeyu/Pooling/cat_dog_data/test_set/test_set/cats/cat.4111.jpg,1,1,5.669848e-07,0.9996216
/data/Zeyu/Pooling/cat_dog_data/test_set/test_set/cats/cat.4112.jpg,1,1,9.139602e-08,0.99984086
/data/Zeyu/Pooling/cat_dog_data/test_set/test_set/cats/cat.4113.jpg,1,1,2.1819193e-13,0.99987507
/data/Zeyu/Pooling/cat_dog_data/test_set/test_set/cats/cat.4114.jpg,1,1,7.673851e-09,0.9999279
/data/Zeyu/Pooling/cat_dog_data/test_set/test_set/cats/cat.4115.jpg,1,1,7.999906e-09,0.9999131
/data/Zeyu/Pooling/cat_dog_data/test_set/test_set/cats/cat.4116.jpg,1,0,0.81763905,0.1818634
/data/Zeyu/Pooling/cat_dog_data/test_set/test_set/cats/cat.4117.jpg,1,1,5.8100493e-05,0.99987364
/data/Zeyu/Pooling/cat_dog_data/test_set/test_set/cats/cat.4118.jpg,1,1,1.39917165e-05,0.9998853
/data/Zeyu/Pooling/cat_dog_data/test_set/test_set/cats/cat.4119.jpg,1,1,0.04034721,0.9588935
/data/Zeyu/Pooling/cat_dog_data/test_set/test_set/cats/cat.4120.jpg,1,1,4.9379514e-11,0.999895
/data/Zeyu/Pooling/cat_dog_data/test_set/test_set/cats/cat.4121.jpg,1,1,9.207103e-05,0.99943787
/data/Zeyu/Pooling/cat_dog_data/test_set/test_set/cats/cat.4122.jpg,1,1,6.604932e-06,0.99985254
/data/Zeyu/Pooling/cat_dog_data/test_set/test_set/cats/cat.4123.jpg,1,1,6.2881e-14,0.99989426
/data/Zeyu/Pooling/cat_dog_data/test_set/test_set/cats/cat.4124.jpg,1,1,0.0071030725,0.9927287
/data/Zeyu/Pooling/cat_dog_data/test_set/test_set/cats/cat.4125.jpg,1,1,4.3936302e-07,0.9998394
/data/Zeyu/Pooling/cat_dog_data/test_set/test_set/cats/cat.4126.jpg,1,1,2.1046022e-05,0.9999254
/data/Zeyu/Pooling/cat_dog_data/test_set/test_set/cats/cat.4127.jpg,1,1,5.271992e-12,0.99986637
/data/Zeyu/Pooling/cat_dog_data/test_set/test_set/cats/cat.4128.jpg,1,1,3.2533782e-07,0.99985266
/data/Zeyu/Pooling/cat_dog_data/test_set/test_set/cats/cat.4001.jpg,1,1,0.00011316339,0.999481
/data/Zeyu/Pooling/cat_dog_data/test_set/test_set/cats/cat.4002.jpg,1,1,0.07154222,0.92824185
/data/Zeyu/Pooling/cat_dog_data/test_set/test_set/cats/cat.4003.jpg,1,1,2.1552542e-05,0.99941206
/data/Zeyu/Pooling/cat_dog_data/test_set/test_set/cats/cat.4004.jpg,1,1,4.9070643e-08,0.99973565
/data/Zeyu/Pooling/cat_dog_data/test_set/test_set/cats/cat.4005.jpg,1,1,3.0589588e-06,0.99987066
/data/Zeyu/Pooling/cat_dog_data/test_set/test_set/cats/cat.4006.jpg,1,1,0.0023485387,0.99757475
/data/Zeyu/Pooling/cat_dog_data/test_set/test_set/cats/cat.4007.jpg,1,1,0.004667627,0.99493366
/data/Zeyu/Pooling/cat_dog_data/test_set/test_set/cats/cat.4008.jpg,1,1,0.0018497863,0.9975795
/data/Zeyu/Pooling/cat_dog_data/test_set/test_set/cats/cat.4009.jpg,1,1,1.8285553e-05,0.9998043
/data/Zeyu/Pooling/cat_dog_data/test_set/test_set/cats/cat.4010.jpg,1,1,2.9349608e-06,0.99970883
/data/Zeyu/Pooling/cat_dog_data/test_set/test_set/cats/cat.4011.jpg,1,1,1.3927091e-05,0.99906904
/data/Zeyu/Pooling/cat_dog_data/test_set/test_set/cats/cat.4012.jpg,1,1,5.4701054e-08,0.9997476
/data/Zeyu/Pooling/cat_dog_data/test_set/test_set/cats/cat.4013.jpg,1,1,8.312422e-09,0.9998585
/data/Zeyu/Pooling/cat_dog_data/test_set/test_set/cats/cat.4014.jpg,1,1,8.332944e-05,0.9998066
/data/Zeyu/Pooling/cat_dog_data/test_set/test_set/cats/cat.4015.jpg,1,1,0.00089603296,0.9989772
/data/Zeyu/Pooling/cat_dog_data/test_set/test_set/cats/cat.4016.jpg,1,1,4.5745395e-07,0.99967086
/data/Zeyu/Pooling/cat_dog_data/test_set/test_set/cats/cat.4017.jpg,1,1,1.2621521e-08,0.999813
/data/Zeyu/Pooling/cat_dog_data/test_set/test_set/cats/cat.4018.jpg,1,1,2.3520738e-06,0.99947137
/data/Zeyu/Pooling/cat_dog_data/test_set/test_set/cats/cat.4019.jpg,1,1,2.5215434e-09,0.9998803
/data/Zeyu/Pooling/cat_dog_data/test_set/test_set/cats/cat.4020.jpg,1,1,2.4789665e-06,0.9998419
/data/Zeyu/Pooling/cat_dog_data/test_set/test_set/cats/cat.4021.jpg,1,1,1.9627702e-10,0.99994254
/data/Zeyu/Pooling/cat_dog_data/test_set/test_set/cats/cat.4022.jpg,1,1,1.809834e-08,0.999926
/data/Zeyu/Pooling/cat_dog_data/test_set/test_set/cats/cat.4023.jpg,1,1,2.7181144e-09,0.9998418
/data/Zeyu/Pooling/cat_dog_data/test_set/test_set/cats/cat.4024.jpg,1,1,0.00027883417,0.99967134
/data/Zeyu/Pooling/cat_dog_data/test_set/test_set/cats/cat.4025.jpg,1,1,8.537368e-07,0.9997124
/data/Zeyu/Pooling/cat_dog_data/test_set/test_set/cats/cat.4026.jpg,1,1,0.4922644,0.50716454
/data/Zeyu/Pooling/cat_dog_data/test_set/test_set/cats/cat.4027.jpg,1,1,2.3761242e-08,0.9998646
/data/Zeyu/Pooling/cat_dog_data/test_set/test_set/cats/cat.4028.jpg,1,1,1.5040361e-07,0.99973816
/data/Zeyu/Pooling/cat_dog_data/test_set/test_set/cats/cat.4029.jpg,1,1,0.0025218362,0.9973533
/data/Zeyu/Pooling/cat_dog_data/test_set/test_set/cats/cat.4030.jpg,1,1,0.0051500546,0.99451363
/data/Zeyu/Pooling/cat_dog_data/test_set/test_set/cats/cat.4031.jpg,1,1,6.606445e-05,0.99988365
/data/Zeyu/Pooling/cat_dog_data/test_set/test_set/cats/cat.4032.jpg,1,1,0.011655649,0.9881414
/data/Zeyu/Pooling/cat_dog_data/test_set/test_set/cats/cat.4033.jpg,1,1,0.01761278,0.9821208
/data/Zeyu/Pooling/cat_dog_data/test_set/test_set/cats/cat.4034.jpg,1,1,0.00037064674,0.998858
/data/Zeyu/Pooling/cat_dog_data/test_set/test_set/cats/cat.4035.jpg,1,1,3.169077e-05,0.99966216
/data/Zeyu/Pooling/cat_dog_data/test_set/test_set/cats/cat.4036.jpg,1,1,1.8091553e-09,0.99980515
/data/Zeyu/Pooling/cat_dog_data/test_set/test_set/cats/cat.4037.jpg,1,1,6.767529e-11,0.99984527
/data/Zeyu/Pooling/cat_dog_data/test_set/test_set/cats/cat.4038.jpg,1,0,0.84896106,0.1504749
/data/Zeyu/Pooling/cat_dog_data/test_set/test_set/cats/cat.4039.jpg,1,1,6.6557245e-06,0.9996007
/data/Zeyu/Pooling/cat_dog_data/test_set/test_set/cats/cat.4040.jpg,1,1,3.2867525e-11,0.99989736
/data/Zeyu/Pooling/cat_dog_data/test_set/test_set/cats/cat.4041.jpg,1,1,0.00020502199,0.9996283
/data/Zeyu/Pooling/cat_dog_data/test_set/test_set/cats/cat.4042.jpg,1,1,1.5908995e-07,0.9998541
/data/Zeyu/Pooling/cat_dog_data/test_set/test_set/cats/cat.4043.jpg,1,1,1.3983504e-06,0.99987376
/data/Zeyu/Pooling/cat_dog_data/test_set/test_set/cats/cat.4044.jpg,1,1,2.9497809e-05,0.99986243
/data/Zeyu/Pooling/cat_dog_data/test_set/test_set/cats/cat.4045.jpg,1,1,2.9497809e-05,0.99986243
/data/Zeyu/Pooling/cat_dog_data/test_set/test_set/cats/cat.4046.jpg,1,1,0.029690083,0.9691897
/data/Zeyu/Pooling/cat_dog_data/test_set/test_set/cats/cat.4047.jpg,1,1,0.06275336,0.9369794
/data/Zeyu/Pooling/cat_dog_data/test_set/test_set/cats/cat.4048.jpg,1,1,0.002007759,0.9972031
/data/Zeyu/Pooling/cat_dog_data/test_set/test_set/cats/cat.4049.jpg,1,1,9.3557226e-08,0.9998834
/data/Zeyu/Pooling/cat_dog_data/test_set/test_set/cats/cat.4050.jpg,1,1,1.0356399e-06,0.99974614
/data/Zeyu/Pooling/cat_dog_data/test_set/test_set/cats/cat.4051.jpg,1,1,2.040376e-09,0.9998361
/data/Zeyu/Pooling/cat_dog_data/test_set/test_set/cats/cat.4052.jpg,1,1,1.718523e-06,0.99992335
/data/Zeyu/Pooling/cat_dog_data/test_set/test_set/cats/cat.4053.jpg,1,1,1.4844256e-05,0.9998821
/data/Zeyu/Pooling/cat_dog_data/test_set/test_set/cats/cat.4054.jpg,1,1,0.005648228,0.9942906
/data/Zeyu/Pooling/cat_dog_data/test_set/test_set/cats/cat.4055.jpg,1,1,8.463699e-06,0.99989367
/data/Zeyu/Pooling/cat_dog_data/test_set/test_set/cats/cat.4056.jpg,1,1,0.0051621925,0.9947389
/data/Zeyu/Pooling/cat_dog_data/test_set/test_set/cats/cat.4057.jpg,1,1,2.6976643e-06,0.99975747
/data/Zeyu/Pooling/cat_dog_data/test_set/test_set/cats/cat.4058.jpg,1,1,2.2309813e-07,0.9998661
/data/Zeyu/Pooling/cat_dog_data/test_set/test_set/cats/cat.4059.jpg,1,1,0.0005827709,0.99886465
/data/Zeyu/Pooling/cat_dog_data/test_set/test_set/cats/cat.4060.jpg,1,1,1.1735656e-10,0.9998934
/data/Zeyu/Pooling/cat_dog_data/test_set/test_set/cats/cat.4061.jpg,1,1,9.921907e-08,0.99989986
/data/Zeyu/Pooling/cat_dog_data/test_set/test_set/cats/cat.4062.jpg,1,1,3.158641e-11,0.9999018
/data/Zeyu/Pooling/cat_dog_data/test_set/test_set/cats/cat.4063.jpg,1,1,5.3736335e-07,0.99960417
/data/Zeyu/Pooling/cat_dog_data/test_set/test_set/cats/cat.4064.jpg,1,1,0.0016583574,0.9982986
/data/Zeyu/Pooling/cat_dog_data/test_set/test_set/cats/cat.4065.jpg,1,1,3.4401068e-13,0.9999478
/data/Zeyu/Pooling/cat_dog_data/test_set/test_set/cats/cat.4066.jpg,1,1,1.0712425e-06,0.9997973
/data/Zeyu/Pooling/cat_dog_data/test_set/test_set/cats/cat.4067.jpg,1,1,7.154403e-07,0.9998752
/data/Zeyu/Pooling/cat_dog_data/test_set/test_set/cats/cat.4068.jpg,1,1,2.0497853e-05,0.99989164
/data/Zeyu/Pooling/cat_dog_data/test_set/test_set/cats/cat.4069.jpg,1,1,7.442042e-10,0.99987185
/data/Zeyu/Pooling/cat_dog_data/test_set/test_set/cats/cat.4070.jpg,1,1,0.3596082,0.63965476
/data/Zeyu/Pooling/cat_dog_data/test_set/test_set/cats/cat.4071.jpg,1,1,4.6154555e-06,0.9998116
/data/Zeyu/Pooling/cat_dog_data/test_set/test_set/cats/cat.4072.jpg,1,1,0.056355726,0.9432386
/data/Zeyu/Pooling/cat_dog_data/test_set/test_set/cats/cat.4073.jpg,1,1,0.00028536224,0.999401
/data/Zeyu/Pooling/cat_dog_data/test_set/test_set/cats/cat.4074.jpg,1,1,0.050441723,0.9486093
/data/Zeyu/Pooling/cat_dog_data/test_set/test_set/cats/cat.4075.jpg,1,1,5.363232e-05,0.999859
/data/Zeyu/Pooling/cat_dog_data/test_set/test_set/cats/cat.4076.jpg,1,1,1.3235911e-08,0.99973017
/data/Zeyu/Pooling/cat_dog_data/test_set/test_set/cats/cat.4077.jpg,1,1,8.2930395e-15,0.999961
/data/Zeyu/Pooling/cat_dog_data/test_set/test_set/cats/cat.4078.jpg,1,1,3.3383749e-06,0.999772
/data/Zeyu/Pooling/cat_dog_data/test_set/test_set/cats/cat.4079.jpg,1,1,3.5667365e-12,0.9999325
/data/Zeyu/Pooling/cat_dog_data/test_set/test_set/cats/cat.4080.jpg,1,1,1.1949517e-07,0.99986756
/data/Zeyu/Pooling/cat_dog_data/test_set/test_set/cats/cat.4081.jpg,1,1,5.2818355e-06,0.99976796
/data/Zeyu/Pooling/cat_dog_data/test_set/test_set/cats/cat.4082.jpg,1,1,0.010280782,0.9895271
/data/Zeyu/Pooling/cat_dog_data/test_set/test_set/cats/cat.4083.jpg,1,1,2.6490842e-08,0.99980325
/data/Zeyu/Pooling/cat_dog_data/test_set/test_set/cats/cat.4084.jpg,1,1,1.41178065e-08,0.99990034
/data/Zeyu/Pooling/cat_dog_data/test_set/test_set/cats/cat.4085.jpg,1,1,2.848488e-07,0.9997023
/data/Zeyu/Pooling/cat_dog_data/test_set/test_set/cats/cat.4086.jpg,1,1,2.848488e-07,0.9997023
/data/Zeyu/Pooling/cat_dog_data/test_set/test_set/cats/cat.4087.jpg,1,1,6.4682776e-05,0.9996735
/data/Zeyu/Pooling/cat_dog_data/test_set/test_set/cats/cat.4088.jpg,1,1,0.0001384313,0.99956053
/data/Zeyu/Pooling/cat_dog_data/test_set/test_set/cats/cat.4089.jpg,1,1,8.600426e-10,0.9999213
/data/Zeyu/Pooling/cat_dog_data/test_set/test_set/cats/cat.4090.jpg,1,1,1.3081285e-05,0.9996382
/data/Zeyu/Pooling/cat_dog_data/test_set/test_set/cats/cat.4091.jpg,1,1,2.0697269e-07,0.9999002
/data/Zeyu/Pooling/cat_dog_data/test_set/test_set/cats/cat.4092.jpg,1,1,0.02509377,0.9747711
/data/Zeyu/Pooling/cat_dog_data/test_set/test_set/cats/cat.4093.jpg,1,1,2.657571e-05,0.9998398
/data/Zeyu/Pooling/cat_dog_data/test_set/test_set/cats/cat.4094.jpg,1,1,0.0010870965,0.9981071
/data/Zeyu/Pooling/cat_dog_data/test_set/test_set/cats/cat.4095.jpg,1,1,2.0620006e-05,0.99981946
/data/Zeyu/Pooling/cat_dog_data/test_set/test_set/cats/cat.4096.jpg,1,1,2.8310137e-07,0.9997248
/data/Zeyu/Pooling/cat_dog_data/test_set/test_set/cats/cat.4097.jpg,1,1,1.524302e-06,0.99987257
/data/Zeyu/Pooling/cat_dog_data/test_set/test_set/cats/cat.4098.jpg,1,1,3.9285975e-12,0.99991465
/data/Zeyu/Pooling/cat_dog_data/test_set/test_set/cats/cat.4099.jpg,1,0,0.7205982,0.27852553
/data/Zeyu/Pooling/cat_dog_data/test_set/test_set/cats/cat.4100.jpg,1,1,0.00038911545,0.9994289
/data/Zeyu/Pooling/cat_dog_data/test_set/test_set/cats/cat.4101.jpg,1,1,0.00038911545,0.9994289
/data/Zeyu/Pooling/cat_dog_data/test_set/test_set/cats/cat.4102.jpg,1,1,1.639761e-07,0.9998975
/data/Zeyu/Pooling/cat_dog_data/test_set/test_set/cats/cat.4103.jpg,1,1,0.0012522762,0.99869746
/data/Zeyu/Pooling/cat_dog_data/test_set/test_set/cats/cat.4104.jpg,1,1,0.22438197,0.7751931
/data/Zeyu/Pooling/cat_dog_data/test_set/test_set/cats/cat.4105.jpg,1,1,6.9892884e-08,0.9997284
/data/Zeyu/Pooling/cat_dog_data/test_set/test_set/cats/cat.4106.jpg,1,1,0.00016687393,0.99940777
/data/Zeyu/Pooling/cat_dog_data/test_set/test_set/cats/cat.4107.jpg,1,1,1.09149705e-05,0.99976224
/data/Zeyu/Pooling/cat_dog_data/test_set/test_set/cats/cat.4108.jpg,1,1,2.7071367e-09,0.9998977
/data/Zeyu/Pooling/cat_dog_data/test_set/test_set/cats/cat.4109.jpg,1,1,0.027347319,0.9724929
/data/Zeyu/Pooling/cat_dog_data/test_set/test_set/cats/cat.4110.jpg,1,1,0.007299862,0.9925398
/data/Zeyu/Pooling/cat_dog_data/test_set/test_set/cats/cat.4111.jpg,1,1,1.0403876e-10,0.99991024
/data/Zeyu/Pooling/cat_dog_data/test_set/test_set/cats/cat.4112.jpg,1,1,2.9326187e-05,0.99967396
/data/Zeyu/Pooling/cat_dog_data/test_set/test_set/cats/cat.4113.jpg,1,1,8.300242e-10,0.99983466
/data/Zeyu/Pooling/cat_dog_data/test_set/test_set/cats/cat.4114.jpg,1,1,0.00033753872,0.9993887
/data/Zeyu/Pooling/cat_dog_data/test_set/test_set/cats/cat.4115.jpg,1,1,6.8441324e-09,0.9999001
/data/Zeyu/Pooling/cat_dog_data/test_set/test_set/cats/cat.4116.jpg,1,1,0.005036556,0.9949109
/data/Zeyu/Pooling/cat_dog_data/test_set/test_set/cats/cat.4117.jpg,1,1,0.00011435192,0.9997837
/data/Zeyu/Pooling/cat_dog_data/test_set/test_set/cats/cat.4118.jpg,1,1,2.8731756e-06,0.99972254
/data/Zeyu/Pooling/cat_dog_data/test_set/test_set/cats/cat.4119.jpg,1,1,2.4196004e-05,0.999915
/data/Zeyu/Pooling/cat_dog_data/test_set/test_set/cats/cat.4120.jpg,1,1,1.920176e-06,0.99972135
/data/Zeyu/Pooling/cat_dog_data/test_set/test_set/cats/cat.4121.jpg,1,1,1.974318e-05,0.99933004
/data/Zeyu/Pooling/cat_dog_data/test_set/test_set/cats/cat.4122.jpg,1,1,7.234599e-05,0.9995503
/data/Zeyu/Pooling/cat_dog_data/test_set/test_set/cats/cat.4123.jpg,1,1,1.7582606e-05,0.9999393
/data/Zeyu/Pooling/cat_dog_data/test_set/test_set/cats/cat.4124.jpg,1,1,1.0742519e-06,0.9998254
/data/Zeyu/Pooling/cat_dog_data/test_set/test_set/cats/cat.4125.jpg,1,1,0.005015543,0.9940275
/data/Zeyu/Pooling/cat_dog_data/test_set/test_set/cats/cat.4126.jpg,1,1,0.00012415047,0.9997849
/data/Zeyu/Pooling/cat_dog_data/test_set/test_set/cats/cat.4127.jpg,1,1,4.631577e-05,0.9996692
/data/Zeyu/Pooling/cat_dog_data/test_set/test_set/cats/cat.4128.jpg,1,1,4.094332e-10,0.999895
/data/Zeyu/Pooling/cat_dog_data/test_set/test_set/cats/cat.4001.jpg,1,1,1.1871175e-09,0.9998884
/data/Zeyu/Pooling/cat_dog_data/test_set/test_set/cats/cat.4002.jpg,1,1,0.0021789381,0.9972868
/data/Zeyu/Pooling/cat_dog_data/test_set/test_set/cats/cat.4003.jpg,1,1,9.560187e-07,0.9998908
/data/Zeyu/Pooling/cat_dog_data/test_set/test_set/cats/cat.4004.jpg,1,1,1.4942771e-05,0.9999441
/data/Zeyu/Pooling/cat_dog_data/test_set/test_set/cats/cat.4005.jpg,1,1,0.00023139546,0.99947125
/data/Zeyu/Pooling/cat_dog_data/test_set/test_set/cats/cat.4006.jpg,1,1,6.4993206e-09,0.9998665
/data/Zeyu/Pooling/cat_dog_data/test_set/test_set/cats/cat.4007.jpg,1,1,4.3090126e-06,0.99974483
/data/Zeyu/Pooling/cat_dog_data/test_set/test_set/cats/cat.4008.jpg,1,1,7.105154e-05,0.9995803
/data/Zeyu/Pooling/cat_dog_data/test_set/test_set/cats/cat.4009.jpg,1,1,0.00035549488,0.999595
/data/Zeyu/Pooling/cat_dog_data/test_set/test_set/cats/cat.4010.jpg,1,1,0.0003572951,0.9990213
/data/Zeyu/Pooling/cat_dog_data/test_set/test_set/cats/cat.4011.jpg,1,1,8.767417e-06,0.9997693
/data/Zeyu/Pooling/cat_dog_data/test_set/test_set/cats/cat.4012.jpg,1,1,4.082737e-11,0.99985933
/data/Zeyu/Pooling/cat_dog_data/test_set/test_set/cats/cat.4013.jpg,1,1,0.0009749667,0.999005
/data/Zeyu/Pooling/cat_dog_data/test_set/test_set/cats/cat.4014.jpg,1,1,5.677635e-11,0.9998728
/data/Zeyu/Pooling/cat_dog_data/test_set/test_set/cats/cat.4015.jpg,1,1,2.5316497e-06,0.99988854
/data/Zeyu/Pooling/cat_dog_data/test_set/test_set/cats/cat.4016.jpg,1,1,3.07074e-09,0.99965835
/data/Zeyu/Pooling/cat_dog_data/test_set/test_set/cats/cat.4017.jpg,1,1,6.9982976e-05,0.99987054
/data/Zeyu/Pooling/cat_dog_data/test_set/test_set/cats/cat.4018.jpg,1,1,4.4808457e-06,0.9999112
/data/Zeyu/Pooling/cat_dog_data/test_set/test_set/cats/cat.4019.jpg,1,1,5.8297654e-05,0.9990351
/data/Zeyu/Pooling/cat_dog_data/test_set/test_set/cats/cat.4020.jpg,1,1,0.14559443,0.85409904
/data/Zeyu/Pooling/cat_dog_data/test_set/test_set/cats/cat.4021.jpg,1,1,0.09276891,0.90673214
/data/Zeyu/Pooling/cat_dog_data/test_set/test_set/cats/cat.4022.jpg,1,1,0.28646943,0.7130907
/data/Zeyu/Pooling/cat_dog_data/test_set/test_set/cats/cat.4023.jpg,1,1,8.388835e-05,0.9996526
/data/Zeyu/Pooling/cat_dog_data/test_set/test_set/cats/cat.4024.jpg,1,1,6.6766575e-12,0.99994195
/data/Zeyu/Pooling/cat_dog_data/test_set/test_set/cats/cat.4025.jpg,1,1,1.5968108e-06,0.9997917
/data/Zeyu/Pooling/cat_dog_data/test_set/test_set/cats/cat.4026.jpg,1,1,0.0010588059,0.99888295
/data/Zeyu/Pooling/cat_dog_data/test_set/test_set/cats/cat.4027.jpg,1,1,9.019117e-06,0.9995968
/data/Zeyu/Pooling/cat_dog_data/test_set/test_set/cats/cat.4028.jpg,1,1,0.0027373764,0.9971379
/data/Zeyu/Pooling/cat_dog_data/test_set/test_set/cats/cat.4029.jpg,1,1,1.8595099e-08,0.99977833
/data/Zeyu/Pooling/cat_dog_data/test_set/test_set/cats/cat.4030.jpg,1,1,8.957925e-08,0.99984705
/data/Zeyu/Pooling/cat_dog_data/test_set/test_set/cats/cat.4031.jpg,1,1,6.507817e-07,0.9993
/data/Zeyu/Pooling/cat_dog_data/test_set/test_set/cats/cat.4032.jpg,1,1,0.00043077112,0.99952817
/data/Zeyu/Pooling/cat_dog_data/test_set/test_set/cats/cat.4033.jpg,1,1,2.4626746e-07,0.99982065
/data/Zeyu/Pooling/cat_dog_data/test_set/test_set/cats/cat.4034.jpg,1,1,2.8390446e-06,0.9998228
/data/Zeyu/Pooling/cat_dog_data/test_set/test_set/cats/cat.4035.jpg,1,1,2.8923976e-08,0.9997825
/data/Zeyu/Pooling/cat_dog_data/test_set/test_set/cats/cat.4036.jpg,1,1,0.00035233502,0.999491
/data/Zeyu/Pooling/cat_dog_data/test_set/test_set/cats/cat.4037.jpg,1,1,0.003937535,0.9959557
/data/Zeyu/Pooling/cat_dog_data/test_set/test_set/cats/cat.4038.jpg,1,1,0.0015240622,0.99841607
/data/Zeyu/Pooling/cat_dog_data/test_set/test_set/cats/cat.4039.jpg,1,1,8.7179486e-10,0.999877
/data/Zeyu/Pooling/cat_dog_data/test_set/test_set/cats/cat.4040.jpg,1,1,2.0373766e-06,0.9999579
/data/Zeyu/Pooling/cat_dog_data/test_set/test_set/cats/cat.4041.jpg,1,1,5.02052e-07,0.9998332
/data/Zeyu/Pooling/cat_dog_data/test_set/test_set/cats/cat.4042.jpg,1,1,8.432405e-06,0.99990666
/data/Zeyu/Pooling/cat_dog_data/test_set/test_set/cats/cat.4043.jpg,1,1,2.3732063e-08,0.99984705
/data/Zeyu/Pooling/cat_dog_data/test_set/test_set/cats/cat.4044.jpg,1,1,1.817645e-06,0.99973124
/data/Zeyu/Pooling/cat_dog_data/test_set/test_set/cats/cat.4045.jpg,1,1,8.7870285e-05,0.9997075
/data/Zeyu/Pooling/cat_dog_data/test_set/test_set/cats/cat.4046.jpg,1,1,0.2968532,0.7025091
/data/Zeyu/Pooling/cat_dog_data/test_set/test_set/cats/cat.4047.jpg,1,1,1.24568045e-14,0.99996245
/data/Zeyu/Pooling/cat_dog_data/test_set/test_set/cats/cat.4048.jpg,1,1,3.2815024e-07,0.99985504
/data/Zeyu/Pooling/cat_dog_data/test_set/test_set/cats/cat.4049.jpg,1,1,1.8965333e-07,0.999803
/data/Zeyu/Pooling/cat_dog_data/test_set/test_set/cats/cat.4050.jpg,1,1,2.2683855e-05,0.9997731
/data/Zeyu/Pooling/cat_dog_data/test_set/test_set/cats/cat.4051.jpg,1,1,1.1084026e-07,0.9997454
/data/Zeyu/Pooling/cat_dog_data/test_set/test_set/cats/cat.4052.jpg,1,1,6.369784e-07,0.9998989
/data/Zeyu/Pooling/cat_dog_data/test_set/test_set/cats/cat.4053.jpg,1,1,0.0014921622,0.99846315
/data/Zeyu/Pooling/cat_dog_data/test_set/test_set/cats/cat.4054.jpg,1,1,3.0769035e-10,0.9998481
/data/Zeyu/Pooling/cat_dog_data/test_set/test_set/cats/cat.4055.jpg,1,1,6.2821224e-09,0.9998485
/data/Zeyu/Pooling/cat_dog_data/test_set/test_set/cats/cat.4056.jpg,1,1,2.273016e-05,0.99978775
/data/Zeyu/Pooling/cat_dog_data/test_set/test_set/cats/cat.4057.jpg,1,1,0.0022196854,0.997592
/data/Zeyu/Pooling/cat_dog_data/test_set/test_set/cats/cat.4058.jpg,1,1,7.2829636e-07,0.9997818
/data/Zeyu/Pooling/cat_dog_data/test_set/test_set/cats/cat.4059.jpg,1,1,4.4486674e-06,0.99973065
/data/Zeyu/Pooling/cat_dog_data/test_set/test_set/cats/cat.4060.jpg,1,1,2.3818218e-06,0.99990296
/data/Zeyu/Pooling/cat_dog_data/test_set/test_set/cats/cat.4061.jpg,1,1,1.1369615e-09,0.99986017
/data/Zeyu/Pooling/cat_dog_data/test_set/test_set/cats/cat.4062.jpg,1,0,0.9468185,0.05283105
/data/Zeyu/Pooling/cat_dog_data/test_set/test_set/cats/cat.4063.jpg,1,1,0.43544176,0.56373626
/data/Zeyu/Pooling/cat_dog_data/test_set/test_set/cats/cat.4064.jpg,1,1,0.031324904,0.9685088
/data/Zeyu/Pooling/cat_dog_data/test_set/test_set/cats/cat.4065.jpg,1,1,7.783182e-07,0.9998926
/data/Zeyu/Pooling/cat_dog_data/test_set/test_set/cats/cat.4066.jpg,1,1,9.579108e-05,0.99973565
/data/Zeyu/Pooling/cat_dog_data/test_set/test_set/cats/cat.4067.jpg,1,1,3.904008e-09,0.99982184
/data/Zeyu/Pooling/cat_dog_data/test_set/test_set/cats/cat.4068.jpg,1,1,6.3902047e-07,0.99981326
/data/Zeyu/Pooling/cat_dog_data/test_set/test_set/cats/cat.4069.jpg,1,1,4.3476528e-10,0.9998994
/data/Zeyu/Pooling/cat_dog_data/test_set/test_set/cats/cat.4070.jpg,1,1,0.00014133153,0.99908745
/data/Zeyu/Pooling/cat_dog_data/test_set/test_set/cats/cat.4071.jpg,1,1,2.6164724e-08,0.9996443
/data/Zeyu/Pooling/cat_dog_data/test_set/test_set/cats/cat.4072.jpg,1,1,0.30086342,0.69854313
/data/Zeyu/Pooling/cat_dog_data/test_set/test_set/cats/cat.4073.jpg,1,1,0.0004356398,0.99947315
/data/Zeyu/Pooling/cat_dog_data/test_set/test_set/cats/cat.4074.jpg,1,1,4.058246e-06,0.99980444
/data/Zeyu/Pooling/cat_dog_data/test_set/test_set/cats/cat.4075.jpg,1,1,5.042527e-09,0.9997936
/data/Zeyu/Pooling/cat_dog_data/test_set/test_set/cats/cat.4076.jpg,1,1,2.5173116e-10,0.99979204
/data/Zeyu/Pooling/cat_dog_data/test_set/test_set/cats/cat.4077.jpg,1,1,8.259627e-06,0.99988747
/data/Zeyu/Pooling/cat_dog_data/test_set/test_set/cats/cat.4078.jpg,1,1,2.0255854e-06,0.9998853
/data/Zeyu/Pooling/cat_dog_data/test_set/test_set/cats/cat.4079.jpg,1,1,3.5565355e-09,0.9996246
/data/Zeyu/Pooling/cat_dog_data/test_set/test_set/cats/cat.4080.jpg,1,1,2.1227882e-08,0.99978
/data/Zeyu/Pooling/cat_dog_data/test_set/test_set/cats/cat.4081.jpg,1,1,2.2840236e-07,0.99991715
/data/Zeyu/Pooling/cat_dog_data/test_set/test_set/cats/cat.4082.jpg,1,1,7.503989e-10,0.99979013
/data/Zeyu/Pooling/cat_dog_data/test_set/test_set/cats/cat.4083.jpg,1,1,0.0012374899,0.9987004
/data/Zeyu/Pooling/cat_dog_data/test_set/test_set/cats/cat.4084.jpg,1,1,3.550933e-07,0.9999343
/data/Zeyu/Pooling/cat_dog_data/test_set/test_set/cats/cat.4085.jpg,1,1,0.007823383,0.9920649
/data/Zeyu/Pooling/cat_dog_data/test_set/test_set/cats/cat.4086.jpg,1,1,0.43628263,0.5631247
/data/Zeyu/Pooling/cat_dog_data/test_set/test_set/cats/cat.4087.jpg,1,1,1.0558009e-06,0.9995696
/data/Zeyu/Pooling/cat_dog_data/test_set/test_set/cats/cat.4088.jpg,1,0,0.5543432,0.4451428
/data/Zeyu/Pooling/cat_dog_data/test_set/test_set/cats/cat.4089.jpg,1,1,0.00023400162,0.99951494
/data/Zeyu/Pooling/cat_dog_data/test_set/test_set/cats/cat.4090.jpg,1,1,0.00033554522,0.99955386
/data/Zeyu/Pooling/cat_dog_data/test_set/test_set/cats/cat.4091.jpg,1,1,0.009110043,0.9906188
/data/Zeyu/Pooling/cat_dog_data/test_set/test_set/cats/cat.4092.jpg,1,1,1.0223974e-10,0.99993086
/data/Zeyu/Pooling/cat_dog_data/test_set/test_set/cats/cat.4093.jpg,1,1,6.268989e-06,0.9998771
/data/Zeyu/Pooling/cat_dog_data/test_set/test_set/cats/cat.4094.jpg,1,1,4.256556e-05,0.9999385
/data/Zeyu/Pooling/cat_dog_data/test_set/test_set/cats/cat.4095.jpg,1,1,2.6366786e-08,0.999912
/data/Zeyu/Pooling/cat_dog_data/test_set/test_set/cats/cat.4096.jpg,1,1,0.022953482,0.9768981
/data/Zeyu/Pooling/cat_dog_data/test_set/test_set/cats/cat.4097.jpg,1,1,3.048075e-06,0.9997129
/data/Zeyu/Pooling/cat_dog_data/test_set/test_set/cats/cat.4098.jpg,1,1,5.2928266e-07,0.99989593
/data/Zeyu/Pooling/cat_dog_data/test_set/test_set/cats/cat.4099.jpg,1,1,1.7735651e-07,0.9997111
/data/Zeyu/Pooling/cat_dog_data/test_set/test_set/cats/cat.4100.jpg,1,1,1.8683288e-07,0.9998429
/data/Zeyu/Pooling/cat_dog_data/test_set/test_set/cats/cat.4101.jpg,1,1,0.008035418,0.9916797
/data/Zeyu/Pooling/cat_dog_data/test_set/test_set/cats/cat.4102.jpg,1,1,5.0223208e-11,0.99983823
/data/Zeyu/Pooling/cat_dog_data/test_set/test_set/cats/cat.4103.jpg,1,1,4.2074487e-05,0.9998492
/data/Zeyu/Pooling/cat_dog_data/test_set/test_set/cats/cat.4104.jpg,1,1,9.54687e-09,0.9999008
/data/Zeyu/Pooling/cat_dog_data/test_set/test_set/cats/cat.4105.jpg,1,1,6.4279794e-07,0.9994512
/data/Zeyu/Pooling/cat_dog_data/test_set/test_set/cats/cat.4106.jpg,1,1,0.0001161101,0.99958867
/data/Zeyu/Pooling/cat_dog_data/test_set/test_set/cats/cat.4107.jpg,1,1,4.785653e-05,0.9994917
/data/Zeyu/Pooling/cat_dog_data/test_set/test_set/cats/cat.4108.jpg,1,1,2.5050088e-06,0.9997925
/data/Zeyu/Pooling/cat_dog_data/test_set/test_set/cats/cat.4109.jpg,1,1,2.653065e-07,0.99985003
/data/Zeyu/Pooling/cat_dog_data/test_set/test_set/cats/cat.4110.jpg,1,1,6.5384165e-06,0.99986947
/data/Zeyu/Pooling/cat_dog_data/test_set/test_set/cats/cat.4111.jpg,1,1,1.4079269e-06,0.99966276
/data/Zeyu/Pooling/cat_dog_data/test_set/test_set/cats/cat.4112.jpg,1,1,0.002788363,0.9971228
/data/Zeyu/Pooling/cat_dog_data/test_set/test_set/cats/cat.4113.jpg,1,1,0.00086741574,0.9986933
/data/Zeyu/Pooling/cat_dog_data/test_set/test_set/cats/cat.4114.jpg,1,1,2.4322849e-06,0.9997484
/data/Zeyu/Pooling/cat_dog_data/test_set/test_set/cats/cat.4115.jpg,1,1,2.0331036e-07,0.99985504
/data/Zeyu/Pooling/cat_dog_data/test_set/test_set/cats/cat.4116.jpg,1,1,1.4735289e-07,0.99984825
/data/Zeyu/Pooling/cat_dog_data/test_set/test_set/cats/cat.4117.jpg,1,1,0.0007796502,0.9990169
/data/Zeyu/Pooling/cat_dog_data/test_set/test_set/cats/cat.4118.jpg,1,1,0.000218243,0.9996049
/data/Zeyu/Pooling/cat_dog_data/test_set/test_set/cats/cat.4119.jpg,1,1,0.043038033,0.9562534
/data/Zeyu/Pooling/cat_dog_data/test_set/test_set/cats/cat.4120.jpg,1,1,0.00032330106,0.99952483
/data/Zeyu/Pooling/cat_dog_data/test_set/test_set/cats/cat.4121.jpg,1,1,1.2793575e-06,0.9998648
/data/Zeyu/Pooling/cat_dog_data/test_set/test_set/cats/cat.4122.jpg,1,1,2.2126726e-05,0.99979585
/data/Zeyu/Pooling/cat_dog_data/test_set/test_set/cats/cat.4123.jpg,1,1,0.005054007,0.9940263
/data/Zeyu/Pooling/cat_dog_data/test_set/test_set/cats/cat.4124.jpg,1,1,5.376504e-09,0.999956
/data/Zeyu/Pooling/cat_dog_data/test_set/test_set/cats/cat.4125.jpg,1,1,6.3910695e-09,0.9999219
/data/Zeyu/Pooling/cat_dog_data/test_set/test_set/cats/cat.4126.jpg,1,1,4.4798053e-06,0.9994855
/data/Zeyu/Pooling/cat_dog_data/test_set/test_set/cats/cat.4127.jpg,1,1,1.6036223e-06,0.99979013
/data/Zeyu/Pooling/cat_dog_data/test_set/test_set/cats/cat.4128.jpg,1,1,8.168272e-09,0.99984014
/data/Zeyu/Pooling/cat_dog_data/test_set/test_set/cats/cat.4001.jpg,1,1,0.006622439,0.993166
/data/Zeyu/Pooling/cat_dog_data/test_set/test_set/cats/cat.4002.jpg,1,1,3.820462e-05,0.999303
/data/Zeyu/Pooling/cat_dog_data/test_set/test_set/cats/cat.4003.jpg,1,1,0.010886519,0.98894954
/data/Zeyu/Pooling/cat_dog_data/test_set/test_set/cats/cat.4004.jpg,1,1,8.041584e-09,0.9999311
/data/Zeyu/Pooling/cat_dog_data/test_set/test_set/cats/cat.4005.jpg,1,1,1.1796822e-11,0.99988353
/data/Zeyu/Pooling/cat_dog_data/test_set/test_set/cats/cat.4006.jpg,1,1,1.2158044e-07,0.9997155
/data/Zeyu/Pooling/cat_dog_data/test_set/test_set/cats/cat.4007.jpg,1,1,0.00029140894,0.9993168
/data/Zeyu/Pooling/cat_dog_data/test_set/test_set/cats/cat.4008.jpg,1,1,1.577766e-06,0.9998648
/data/Zeyu/Pooling/cat_dog_data/test_set/test_set/cats/cat.4009.jpg,1,1,0.0003744678,0.9995833
/data/Zeyu/Pooling/cat_dog_data/test_set/test_set/cats/cat.4010.jpg,1,1,4.2218877e-09,0.99989927
/data/Zeyu/Pooling/cat_dog_data/test_set/test_set/cats/cat.4011.jpg,1,1,0.009994051,0.9894881
/data/Zeyu/Pooling/cat_dog_data/test_set/test_set/cats/cat.4012.jpg,1,1,1.2295094e-07,0.9998049
/data/Zeyu/Pooling/cat_dog_data/test_set/test_set/cats/cat.4013.jpg,1,1,0.045024294,0.9545612
/data/Zeyu/Pooling/cat_dog_data/test_set/test_set/cats/cat.4014.jpg,1,1,0.044956986,0.95481455
/data/Zeyu/Pooling/cat_dog_data/test_set/test_set/cats/cat.4015.jpg,1,1,0.00015349667,0.9995815
/data/Zeyu/Pooling/cat_dog_data/test_set/test_set/cats/cat.4016.jpg,1,1,8.0621516e-07,0.9999229
/data/Zeyu/Pooling/cat_dog_data/test_set/test_set/cats/cat.4017.jpg,1,1,5.9365675e-06,0.99981743
/data/Zeyu/Pooling/cat_dog_data/test_set/test_set/cats/cat.4018.jpg,1,1,0.0012137895,0.99844176
/data/Zeyu/Pooling/cat_dog_data/test_set/test_set/cats/cat.4019.jpg,1,1,5.1899027e-11,0.9998394
/data/Zeyu/Pooling/cat_dog_data/test_set/test_set/cats/cat.4020.jpg,1,1,0.003012958,0.9968393
/data/Zeyu/Pooling/cat_dog_data/test_set/test_set/cats/cat.4021.jpg,1,1,4.506873e-06,0.9999323
/data/Zeyu/Pooling/cat_dog_data/test_set/test_set/cats/cat.4022.jpg,1,1,3.1974762e-06,0.99988544
/data/Zeyu/Pooling/cat_dog_data/test_set/test_set/cats/cat.4023.jpg,1,1,0.017062748,0.9827613
/data/Zeyu/Pooling/cat_dog_data/test_set/test_set/cats/cat.4024.jpg,1,1,3.11719e-07,0.99958843
/data/Zeyu/Pooling/cat_dog_data/test_set/test_set/cats/cat.4025.jpg,1,1,7.806507e-09,0.999941
/data/Zeyu/Pooling/cat_dog_data/test_set/test_set/cats/cat.4026.jpg,1,1,0.004518393,0.99506134
/data/Zeyu/Pooling/cat_dog_data/test_set/test_set/cats/cat.4027.jpg,1,1,2.0358276e-07,0.9998436
/data/Zeyu/Pooling/cat_dog_data/test_set/test_set/cats/cat.4028.jpg,1,1,0.0052635097,0.9946515
/data/Zeyu/Pooling/cat_dog_data/test_set/test_set/cats/cat.4029.jpg,1,1,0.0003100916,0.99919266
/data/Zeyu/Pooling/cat_dog_data/test_set/test_set/cats/cat.4030.jpg,1,1,5.5221212e-06,0.99971205
/data/Zeyu/Pooling/cat_dog_data/test_set/test_set/cats/cat.4031.jpg,1,1,4.7059275e-13,0.9998679
/data/Zeyu/Pooling/cat_dog_data/test_set/test_set/cats/cat.4032.jpg,1,1,2.0589336e-07,0.9997415
/data/Zeyu/Pooling/cat_dog_data/test_set/test_set/cats/cat.4033.jpg,1,1,3.2428845e-05,0.9998386
/data/Zeyu/Pooling/cat_dog_data/test_set/test_set/cats/cat.4034.jpg,1,1,0.00068046275,0.99808025
/data/Zeyu/Pooling/cat_dog_data/test_set/test_set/cats/cat.4035.jpg,1,1,6.6068684e-10,0.999813
/data/Zeyu/Pooling/cat_dog_data/test_set/test_set/cats/cat.4036.jpg,1,0,0.66115063,0.33818707
/data/Zeyu/Pooling/cat_dog_data/test_set/test_set/cats/cat.4037.jpg,1,1,0.0006169573,0.99932134
/data/Zeyu/Pooling/cat_dog_data/test_set/test_set/cats/cat.4038.jpg,1,1,0.0005996895,0.99861896
/data/Zeyu/Pooling/cat_dog_data/test_set/test_set/cats/cat.4039.jpg,1,1,1.4050799e-07,0.99953496
/data/Zeyu/Pooling/cat_dog_data/test_set/test_set/cats/cat.4040.jpg,1,1,0.0001291426,0.99899465
/data/Zeyu/Pooling/cat_dog_data/test_set/test_set/cats/cat.4041.jpg,1,1,1.7136774e-08,0.999814
/data/Zeyu/Pooling/cat_dog_data/test_set/test_set/cats/cat.4042.jpg,1,1,0.00016781272,0.99977046
/data/Zeyu/Pooling/cat_dog_data/test_set/test_set/cats/cat.4043.jpg,1,1,4.7754467e-10,0.99990535
/data/Zeyu/Pooling/cat_dog_data/test_set/test_set/cats/cat.4044.jpg,1,1,0.00015090541,0.9995913
/data/Zeyu/Pooling/cat_dog_data/test_set/test_set/cats/cat.4045.jpg,1,1,0.0011778326,0.99796766
/data/Zeyu/Pooling/cat_dog_data/test_set/test_set/cats/cat.4046.jpg,1,1,1.9440158e-05,0.9995974
/data/Zeyu/Pooling/cat_dog_data/test_set/test_set/cats/cat.4047.jpg,1,1,1.9440158e-05,0.9995974
/data/Zeyu/Pooling/cat_dog_data/test_set/test_set/cats/cat.4048.jpg,1,1,9.209326e-06,0.99935466
/data/Zeyu/Pooling/cat_dog_data/test_set/test_set/cats/cat.4049.jpg,1,1,3.6304772e-07,0.99983406
/data/Zeyu/Pooling/cat_dog_data/test_set/test_set/cats/cat.4050.jpg,1,1,1.6656157e-05,0.99974805
/data/Zeyu/Pooling/cat_dog_data/test_set/test_set/cats/cat.4051.jpg,1,1,6.0996103e-07,0.9997539
/data/Zeyu/Pooling/cat_dog_data/test_set/test_set/cats/cat.4052.jpg,1,1,0.0003656768,0.9994747
/data/Zeyu/Pooling/cat_dog_data/test_set/test_set/cats/cat.4053.jpg,1,1,0.000116319796,0.9993666
/data/Zeyu/Pooling/cat_dog_data/test_set/test_set/cats/cat.4054.jpg,1,1,0.000116319796,0.9993666
/data/Zeyu/Pooling/cat_dog_data/test_set/test_set/cats/cat.4055.jpg,1,1,9.355231e-05,0.9995339
/data/Zeyu/Pooling/cat_dog_data/test_set/test_set/cats/cat.4056.jpg,1,1,2.486416e-07,0.999796
/data/Zeyu/Pooling/cat_dog_data/test_set/test_set/cats/cat.4057.jpg,1,1,1.1107764e-07,0.9998783
/data/Zeyu/Pooling/cat_dog_data/test_set/test_set/cats/cat.4058.jpg,1,1,2.8000084e-05,0.9997874
/data/Zeyu/Pooling/cat_dog_data/test_set/test_set/cats/cat.4059.jpg,1,1,0.044761427,0.9545594
/data/Zeyu/Pooling/cat_dog_data/test_set/test_set/cats/cat.4060.jpg,1,1,0.0001552824,0.9996724
/data/Zeyu/Pooling/cat_dog_data/test_set/test_set/cats/cat.4061.jpg,1,1,0.0001552824,0.9996724
/data/Zeyu/Pooling/cat_dog_data/test_set/test_set/cats/cat.4062.jpg,1,1,1.7081682e-10,0.99987364
/data/Zeyu/Pooling/cat_dog_data/test_set/test_set/cats/cat.4063.jpg,1,1,0.00016129334,0.9992094
/data/Zeyu/Pooling/cat_dog_data/test_set/test_set/cats/cat.4064.jpg,1,1,0.00058930693,0.9993418
/data/Zeyu/Pooling/cat_dog_data/test_set/test_set/cats/cat.4065.jpg,1,1,1.642929e-05,0.9995828
/data/Zeyu/Pooling/cat_dog_data/test_set/test_set/cats/cat.4066.jpg,1,1,0.000662798,0.99924636
/data/Zeyu/Pooling/cat_dog_data/test_set/test_set/cats/cat.4067.jpg,1,1,0.00024044584,0.99967074
/data/Zeyu/Pooling/cat_dog_data/test_set/test_set/cats/cat.4068.jpg,1,1,8.0180364e-08,0.9999505
/data/Zeyu/Pooling/cat_dog_data/test_set/test_set/cats/cat.4069.jpg,1,1,6.313983e-16,0.9999404
/data/Zeyu/Pooling/cat_dog_data/test_set/test_set/cats/cat.4070.jpg,1,1,0.0027766423,0.9966414
/data/Zeyu/Pooling/cat_dog_data/test_set/test_set/cats/cat.4071.jpg,1,1,7.953084e-05,0.99984515
/data/Zeyu/Pooling/cat_dog_data/test_set/test_set/cats/cat.4072.jpg,1,1,5.7797724e-06,0.9997936
/data/Zeyu/Pooling/cat_dog_data/test_set/test_set/cats/cat.4073.jpg,1,1,8.142092e-09,0.99985147
/data/Zeyu/Pooling/cat_dog_data/test_set/test_set/cats/cat.4074.jpg,1,1,7.627628e-08,0.9998977
/data/Zeyu/Pooling/cat_dog_data/test_set/test_set/cats/cat.4075.jpg,1,1,1.1524703e-06,0.999821
/data/Zeyu/Pooling/cat_dog_data/test_set/test_set/cats/cat.4076.jpg,1,1,2.8562477e-05,0.9997048
/data/Zeyu/Pooling/cat_dog_data/test_set/test_set/cats/cat.4077.jpg,1,1,7.564323e-08,0.99991024
/data/Zeyu/Pooling/cat_dog_data/test_set/test_set/cats/cat.4078.jpg,1,1,2.0263118e-07,0.9997886
/data/Zeyu/Pooling/cat_dog_data/test_set/test_set/cats/cat.4079.jpg,1,1,4.7949572e-05,0.99978584
/data/Zeyu/Pooling/cat_dog_data/test_set/test_set/cats/cat.4080.jpg,1,1,0.015593171,0.9842869
/data/Zeyu/Pooling/cat_dog_data/test_set/test_set/cats/cat.4081.jpg,1,1,8.708488e-12,0.99989843
/data/Zeyu/Pooling/cat_dog_data/test_set/test_set/cats/cat.4082.jpg,1,1,4.2925745e-08,0.9998385
/data/Zeyu/Pooling/cat_dog_data/test_set/test_set/cats/cat.4083.jpg,1,1,1.6126817e-08,0.9997588
/data/Zeyu/Pooling/cat_dog_data/test_set/test_set/cats/cat.4084.jpg,1,1,6.0830895e-05,0.99986446
/data/Zeyu/Pooling/cat_dog_data/test_set/test_set/cats/cat.4085.jpg,1,1,1.724135e-08,0.99978286
/data/Zeyu/Pooling/cat_dog_data/test_set/test_set/cats/cat.4086.jpg,1,1,0.0098822,0.98961765
/data/Zeyu/Pooling/cat_dog_data/test_set/test_set/cats/cat.4087.jpg,1,1,1.3997271e-11,0.9999219
/data/Zeyu/Pooling/cat_dog_data/test_set/test_set/cats/cat.4088.jpg,1,1,4.340265e-09,0.99982893
/data/Zeyu/Pooling/cat_dog_data/test_set/test_set/cats/cat.4089.jpg,1,1,1.8139212e-05,0.99994004
/data/Zeyu/Pooling/cat_dog_data/test_set/test_set/cats/cat.4090.jpg,1,1,9.1992594e-11,0.99987113
/data/Zeyu/Pooling/cat_dog_data/test_set/test_set/cats/cat.4091.jpg,1,1,2.5455778e-11,0.99990547
/data/Zeyu/Pooling/cat_dog_data/test_set/test_set/cats/cat.4092.jpg,1,1,2.3265547e-06,0.9998186
/data/Zeyu/Pooling/cat_dog_data/test_set/test_set/cats/cat.4093.jpg,1,1,3.5772406e-05,0.9997025
/data/Zeyu/Pooling/cat_dog_data/test_set/test_set/cats/cat.4094.jpg,1,1,2.2167084e-09,0.9998301
/data/Zeyu/Pooling/cat_dog_data/test_set/test_set/cats/cat.4095.jpg,1,1,9.2339013e-07,0.9998789
/data/Zeyu/Pooling/cat_dog_data/test_set/test_set/cats/cat.4096.jpg,1,1,6.015243e-09,0.9998753
/data/Zeyu/Pooling/cat_dog_data/test_set/test_set/cats/cat.4097.jpg,1,1,0.33842283,0.66055745
/data/Zeyu/Pooling/cat_dog_data/test_set/test_set/cats/cat.4098.jpg,1,1,7.840101e-06,0.9999343
/data/Zeyu/Pooling/cat_dog_data/test_set/test_set/cats/cat.4099.jpg,1,1,0.1269601,0.87278324
/data/Zeyu/Pooling/cat_dog_data/test_set/test_set/cats/cat.4100.jpg,1,1,0.00031291906,0.99887973
/data/Zeyu/Pooling/cat_dog_data/test_set/test_set/cats/cat.4101.jpg,1,1,0.13241422,0.86720234
/data/Zeyu/Pooling/cat_dog_data/test_set/test_set/cats/cat.4102.jpg,1,0,0.96925586,0.030500865
/data/Zeyu/Pooling/cat_dog_data/test_set/test_set/cats/cat.4103.jpg,1,1,0.006532425,0.9933477
/data/Zeyu/Pooling/cat_dog_data/test_set/test_set/cats/cat.4104.jpg,1,1,9.852843e-09,0.99975115
/data/Zeyu/Pooling/cat_dog_data/test_set/test_set/cats/cat.4105.jpg,1,1,0.013100752,0.98679674
/data/Zeyu/Pooling/cat_dog_data/test_set/test_set/cats/cat.4106.jpg,1,1,2.222968e-06,0.9998437
/data/Zeyu/Pooling/cat_dog_data/test_set/test_set/cats/cat.4107.jpg,1,1,0.025149755,0.97466314
/data/Zeyu/Pooling/cat_dog_data/test_set/test_set/cats/cat.4108.jpg,1,1,2.8412034e-05,0.99975187
/data/Zeyu/Pooling/cat_dog_data/test_set/test_set/cats/cat.4109.jpg,1,1,4.8248452e-08,0.9998672
/data/Zeyu/Pooling/cat_dog_data/test_set/test_set/cats/cat.4110.jpg,1,1,1.326084e-06,0.9997923
/data/Zeyu/Pooling/cat_dog_data/test_set/test_set/cats/cat.4111.jpg,1,1,1.3847823e-06,0.9996393
/data/Zeyu/Pooling/cat_dog_data/test_set/test_set/cats/cat.4112.jpg,1,1,2.4266271e-06,0.9997713
/data/Zeyu/Pooling/cat_dog_data/test_set/test_set/cats/cat.4113.jpg,1,1,0.0002937913,0.99937457
/data/Zeyu/Pooling/cat_dog_data/test_set/test_set/cats/cat.4114.jpg,1,1,0.18414572,0.81523114
/data/Zeyu/Pooling/cat_dog_data/test_set/test_set/cats/cat.4115.jpg,1,1,0.38735005,0.6120238
/data/Zeyu/Pooling/cat_dog_data/test_set/test_set/cats/cat.4116.jpg,1,1,5.0542167e-06,0.99993134
/data/Zeyu/Pooling/cat_dog_data/test_set/test_set/cats/cat.4117.jpg,1,1,6.3652237e-06,0.99977833
/data/Zeyu/Pooling/cat_dog_data/test_set/test_set/cats/cat.4118.jpg,1,1,4.881717e-08,0.9997181
/data/Zeyu/Pooling/cat_dog_data/test_set/test_set/cats/cat.4119.jpg,1,1,1.9912538e-07,0.99977654
/data/Zeyu/Pooling/cat_dog_data/test_set/test_set/cats/cat.4120.jpg,1,1,0.07080978,0.92901534
/data/Zeyu/Pooling/cat_dog_data/test_set/test_set/cats/cat.4121.jpg,1,1,0.0012861185,0.99848014
/data/Zeyu/Pooling/cat_dog_data/test_set/test_set/cats/cat.4122.jpg,1,1,2.4387397e-12,0.99984014
/data/Zeyu/Pooling/cat_dog_data/test_set/test_set/cats/cat.4123.jpg,1,1,1.0520762e-06,0.99982905
/data/Zeyu/Pooling/cat_dog_data/test_set/test_set/cats/cat.4124.jpg,1,1,0.35288635,0.64647144
/data/Zeyu/Pooling/cat_dog_data/test_set/test_set/cats/cat.4125.jpg,1,1,0.0045611677,0.99536467
/data/Zeyu/Pooling/cat_dog_data/test_set/test_set/cats/cat.4126.jpg,1,1,0.0052208523,0.9942737
/data/Zeyu/Pooling/cat_dog_data/test_set/test_set/cats/cat.4127.jpg,1,1,4.4924936e-06,0.9998647
/data/Zeyu/Pooling/cat_dog_data/test_set/test_set/cats/cat.4128.jpg,1,1,4.917426e-07,0.9998217
/data/Zeyu/Pooling/cat_dog_data/test_set/test_set/cats/cat.4001.jpg,1,1,0.00012769735,0.99964094
/data/Zeyu/Pooling/cat_dog_data/test_set/test_set/cats/cat.4002.jpg,1,1,1.5614191e-06,0.99986124
/data/Zeyu/Pooling/cat_dog_data/test_set/test_set/cats/cat.4003.jpg,1,1,4.443097e-07,0.9998764
/data/Zeyu/Pooling/cat_dog_data/test_set/test_set/cats/cat.4004.jpg,1,1,6.8860835e-08,0.99990106
/data/Zeyu/Pooling/cat_dog_data/test_set/test_set/cats/cat.4005.jpg,1,1,1.4052353e-07,0.9998448
/data/Zeyu/Pooling/cat_dog_data/test_set/test_set/cats/cat.4006.jpg,1,1,0.008307436,0.9913481
/data/Zeyu/Pooling/cat_dog_data/test_set/test_set/cats/cat.4007.jpg,1,1,3.729606e-05,0.99922884
/data/Zeyu/Pooling/cat_dog_data/test_set/test_set/cats/cat.4008.jpg,1,1,2.7585316e-05,0.99980944
/data/Zeyu/Pooling/cat_dog_data/test_set/test_set/cats/cat.4009.jpg,1,1,1.6997653e-06,0.99967813
/data/Zeyu/Pooling/cat_dog_data/test_set/test_set/cats/cat.4010.jpg,1,1,8.950184e-09,0.99991953
/data/Zeyu/Pooling/cat_dog_data/test_set/test_set/cats/cat.4011.jpg,1,1,7.868394e-05,0.9993476
/data/Zeyu/Pooling/cat_dog_data/test_set/test_set/cats/cat.4012.jpg,1,1,0.0014029033,0.99841297
/data/Zeyu/Pooling/cat_dog_data/test_set/test_set/cats/cat.4013.jpg,1,1,1.4893141e-10,0.99986994
/data/Zeyu/Pooling/cat_dog_data/test_set/test_set/cats/cat.4014.jpg,1,1,1.1537793e-05,0.99968064
/data/Zeyu/Pooling/cat_dog_data/test_set/test_set/cats/cat.4015.jpg,1,1,0.000133493,0.9994752
/data/Zeyu/Pooling/cat_dog_data/test_set/test_set/cats/cat.4016.jpg,1,1,0.00021283688,0.99953866
/data/Zeyu/Pooling/cat_dog_data/test_set/test_set/cats/cat.4017.jpg,1,1,2.061433e-06,0.9997335
/data/Zeyu/Pooling/cat_dog_data/test_set/test_set/cats/cat.4018.jpg,1,1,5.0133185e-05,0.9996462
/data/Zeyu/Pooling/cat_dog_data/test_set/test_set/cats/cat.4019.jpg,1,1,1.12834e-07,0.9998853
/data/Zeyu/Pooling/cat_dog_data/test_set/test_set/cats/cat.4020.jpg,1,1,0.00088624196,0.99863714
/data/Zeyu/Pooling/cat_dog_data/test_set/test_set/cats/cat.4021.jpg,1,1,7.047369e-08,0.99987674
/data/Zeyu/Pooling/cat_dog_data/test_set/test_set/cats/cat.4022.jpg,1,1,1.3959652e-07,0.9998171
/data/Zeyu/Pooling/cat_dog_data/test_set/test_set/cats/cat.4023.jpg,1,1,6.760654e-05,0.9997758
/data/Zeyu/Pooling/cat_dog_data/test_set/test_set/cats/cat.4024.jpg,1,1,2.839748e-11,0.9998863
/data/Zeyu/Pooling/cat_dog_data/test_set/test_set/cats/cat.4025.jpg,1,1,8.2852897e-10,0.9998512
/data/Zeyu/Pooling/cat_dog_data/test_set/test_set/cats/cat.4026.jpg,1,1,5.532474e-08,0.9999114
/data/Zeyu/Pooling/cat_dog_data/test_set/test_set/cats/cat.4027.jpg,1,1,0.00045784205,0.99945265
/data/Zeyu/Pooling/cat_dog_data/test_set/test_set/cats/cat.4028.jpg,1,1,0.0002418859,0.99956053
/data/Zeyu/Pooling/cat_dog_data/test_set/test_set/cats/cat.4029.jpg,1,1,6.749521e-10,0.99986196
/data/Zeyu/Pooling/cat_dog_data/test_set/test_set/cats/cat.4030.jpg,1,1,0.00120784,0.99846053
/data/Zeyu/Pooling/cat_dog_data/test_set/test_set/cats/cat.4031.jpg,1,1,6.6645643e-12,0.999899
/data/Zeyu/Pooling/cat_dog_data/test_set/test_set/cats/cat.4032.jpg,1,1,1.2644786e-09,0.99990416
/data/Zeyu/Pooling/cat_dog_data/test_set/test_set/cats/cat.4033.jpg,1,1,7.9751e-05,0.99984586
/data/Zeyu/Pooling/cat_dog_data/test_set/test_set/cats/cat.4034.jpg,1,1,6.271783e-05,0.9992324
/data/Zeyu/Pooling/cat_dog_data/test_set/test_set/cats/cat.4035.jpg,1,1,1.0065078e-06,0.999856
/data/Zeyu/Pooling/cat_dog_data/test_set/test_set/cats/cat.4036.jpg,1,1,0.0039845924,0.99588853
/data/Zeyu/Pooling/cat_dog_data/test_set/test_set/cats/cat.4037.jpg,1,1,0.00015144094,0.99979395
/data/Zeyu/Pooling/cat_dog_data/test_set/test_set/cats/cat.4038.jpg,1,1,3.7825323e-08,0.99984086
/data/Zeyu/Pooling/cat_dog_data/test_set/test_set/cats/cat.4039.jpg,1,1,1.4582132e-11,0.99989617
/data/Zeyu/Pooling/cat_dog_data/test_set/test_set/cats/cat.4040.jpg,1,1,7.123754e-06,0.9999293
/data/Zeyu/Pooling/cat_dog_data/test_set/test_set/cats/cat.4041.jpg,1,1,5.66984e-10,0.9996238
/data/Zeyu/Pooling/cat_dog_data/test_set/test_set/cats/cat.4042.jpg,1,1,4.1468565e-12,0.9999323
/data/Zeyu/Pooling/cat_dog_data/test_set/test_set/cats/cat.4043.jpg,1,1,0.0001912709,0.9997247
/data/Zeyu/Pooling/cat_dog_data/test_set/test_set/cats/cat.4044.jpg,1,1,4.876013e-08,0.99980587
/data/Zeyu/Pooling/cat_dog_data/test_set/test_set/cats/cat.4045.jpg,1,1,8.005184e-08,0.9999409
/data/Zeyu/Pooling/cat_dog_data/test_set/test_set/cats/cat.4046.jpg,1,1,0.0035709806,0.99605185
/data/Zeyu/Pooling/cat_dog_data/test_set/test_set/cats/cat.4047.jpg,1,1,0.04090925,0.95860076
/data/Zeyu/Pooling/cat_dog_data/test_set/test_set/cats/cat.4048.jpg,1,1,5.5604592e-05,0.9998381
/data/Zeyu/Pooling/cat_dog_data/test_set/test_set/cats/cat.4049.jpg,1,1,1.545158e-07,0.9998604
/data/Zeyu/Pooling/cat_dog_data/test_set/test_set/cats/cat.4050.jpg,1,1,0.00014500512,0.9997452
/data/Zeyu/Pooling/cat_dog_data/test_set/test_set/cats/cat.4051.jpg,1,1,4.64033e-08,0.99975544
/data/Zeyu/Pooling/cat_dog_data/test_set/test_set/cats/cat.4052.jpg,1,1,5.8112516e-07,0.9997955
/data/Zeyu/Pooling/cat_dog_data/test_set/test_set/cats/cat.4053.jpg,1,1,1.5006173e-06,0.9997631
/data/Zeyu/Pooling/cat_dog_data/test_set/test_set/cats/cat.4054.jpg,1,1,7.297744e-07,0.99992657
/data/Zeyu/Pooling/cat_dog_data/test_set/test_set/cats/cat.4055.jpg,1,1,1.6941453e-09,0.99988306
/data/Zeyu/Pooling/cat_dog_data/test_set/test_set/cats/cat.4056.jpg,1,1,4.4847925e-14,0.99990976
/data/Zeyu/Pooling/cat_dog_data/test_set/test_set/cats/cat.4057.jpg,1,1,1.2474392e-05,0.9997085
/data/Zeyu/Pooling/cat_dog_data/test_set/test_set/cats/cat.4058.jpg,1,1,1.5997031e-05,0.99974316
/data/Zeyu/Pooling/cat_dog_data/test_set/test_set/cats/cat.4059.jpg,1,1,0.00012139788,0.9996038
/data/Zeyu/Pooling/cat_dog_data/test_set/test_set/cats/cat.4060.jpg,1,1,0.14452626,0.8541208
/data/Zeyu/Pooling/cat_dog_data/test_set/test_set/cats/cat.4061.jpg,1,1,0.0003378294,0.9996176
/data/Zeyu/Pooling/cat_dog_data/test_set/test_set/cats/cat.4062.jpg,1,1,0.0002670802,0.9994861
/data/Zeyu/Pooling/cat_dog_data/test_set/test_set/cats/cat.4063.jpg,1,1,1.2004909e-05,0.99970204
/data/Zeyu/Pooling/cat_dog_data/test_set/test_set/cats/cat.4064.jpg,1,1,1.8348543e-05,0.9998204
/data/Zeyu/Pooling/cat_dog_data/test_set/test_set/cats/cat.4065.jpg,1,1,8.8480856e-10,0.99986064
/data/Zeyu/Pooling/cat_dog_data/test_set/test_set/cats/cat.4066.jpg,1,1,0.00025895954,0.99926585
/data/Zeyu/Pooling/cat_dog_data/test_set/test_set/cats/cat.4067.jpg,1,1,3.3920595e-09,0.9998652
/data/Zeyu/Pooling/cat_dog_data/test_set/test_set/cats/cat.4068.jpg,1,1,4.470732e-06,0.9998222
/data/Zeyu/Pooling/cat_dog_data/test_set/test_set/cats/cat.4069.jpg,1,1,0.00033455683,0.9988513
/data/Zeyu/Pooling/cat_dog_data/test_set/test_set/cats/cat.4070.jpg,1,1,2.5118272e-05,0.9999429
/data/Zeyu/Pooling/cat_dog_data/test_set/test_set/cats/cat.4071.jpg,1,1,5.3719305e-07,0.99993837
/data/Zeyu/Pooling/cat_dog_data/test_set/test_set/cats/cat.4072.jpg,1,1,0.0002729823,0.9997031
/data/Zeyu/Pooling/cat_dog_data/test_set/test_set/cats/cat.4073.jpg,1,1,1.6148141e-09,0.9999039
/data/Zeyu/Pooling/cat_dog_data/test_set/test_set/cats/cat.4074.jpg,1,1,1.6618737e-08,0.99991024
/data/Zeyu/Pooling/cat_dog_data/test_set/test_set/cats/cat.4075.jpg,1,1,3.0124727e-05,0.99976605
/data/Zeyu/Pooling/cat_dog_data/test_set/test_set/cats/cat.4076.jpg,1,1,4.6723496e-09,0.9998747
/data/Zeyu/Pooling/cat_dog_data/test_set/test_set/cats/cat.4077.jpg,1,1,0.001213169,0.9986173
/data/Zeyu/Pooling/cat_dog_data/test_set/test_set/cats/cat.4078.jpg,1,1,6.735766e-06,0.9999391
/data/Zeyu/Pooling/cat_dog_data/test_set/test_set/cats/cat.4079.jpg,1,1,2.8971175e-05,0.9994947
/data/Zeyu/Pooling/cat_dog_data/test_set/test_set/cats/cat.4080.jpg,1,1,1.4061957e-08,0.99990964
/data/Zeyu/Pooling/cat_dog_data/test_set/test_set/cats/cat.4081.jpg,1,1,0.00012416563,0.99984694
/data/Zeyu/Pooling/cat_dog_data/test_set/test_set/cats/cat.4082.jpg,1,1,9.099545e-09,0.9998741
/data/Zeyu/Pooling/cat_dog_data/test_set/test_set/cats/cat.4083.jpg,1,1,0.00041197916,0.9989008
/data/Zeyu/Pooling/cat_dog_data/test_set/test_set/cats/cat.4084.jpg,1,1,2.5119598e-06,0.999897
/data/Zeyu/Pooling/cat_dog_data/test_set/test_set/cats/cat.4085.jpg,1,1,6.1730236e-05,0.99984455
/data/Zeyu/Pooling/cat_dog_data/test_set/test_set/cats/cat.4086.jpg,1,1,6.049346e-08,0.9998406
/data/Zeyu/Pooling/cat_dog_data/test_set/test_set/cats/cat.4087.jpg,1,1,0.008421945,0.991469
/data/Zeyu/Pooling/cat_dog_data/test_set/test_set/cats/cat.4088.jpg,1,1,6.217015e-10,0.9997727
/data/Zeyu/Pooling/cat_dog_data/test_set/test_set/cats/cat.4089.jpg,1,1,9.401138e-06,0.999846
/data/Zeyu/Pooling/cat_dog_data/test_set/test_set/cats/cat.4090.jpg,1,0,0.72591585,0.27330917
/data/Zeyu/Pooling/cat_dog_data/test_set/test_set/cats/cat.4091.jpg,1,1,0.18801522,0.81107515
/data/Zeyu/Pooling/cat_dog_data/test_set/test_set/cats/cat.4092.jpg,1,1,6.963014e-06,0.99984825
/data/Zeyu/Pooling/cat_dog_data/test_set/test_set/cats/cat.4093.jpg,1,1,1.1138306e-09,0.9998671
/data/Zeyu/Pooling/cat_dog_data/test_set/test_set/cats/cat.4094.jpg,1,1,5.888658e-05,0.9998449
/data/Zeyu/Pooling/cat_dog_data/test_set/test_set/cats/cat.4095.jpg,1,1,7.3442745e-05,0.9996238
/data/Zeyu/Pooling/cat_dog_data/test_set/test_set/cats/cat.4096.jpg,1,1,3.756489e-05,0.99987316
/data/Zeyu/Pooling/cat_dog_data/test_set/test_set/cats/cat.4097.jpg,1,1,8.412107e-05,0.9997794
/data/Zeyu/Pooling/cat_dog_data/test_set/test_set/cats/cat.4098.jpg,1,1,0.028553057,0.9712781
/data/Zeyu/Pooling/cat_dog_data/test_set/test_set/cats/cat.4099.jpg,1,1,2.0921998e-07,0.99997365
/data/Zeyu/Pooling/cat_dog_data/test_set/test_set/cats/cat.4100.jpg,1,1,5.09106e-06,0.99983406
/data/Zeyu/Pooling/cat_dog_data/test_set/test_set/cats/cat.4101.jpg,1,1,0.16748244,0.83153516
/data/Zeyu/Pooling/cat_dog_data/test_set/test_set/cats/cat.4102.jpg,1,1,1.6128483e-06,0.9995036
/data/Zeyu/Pooling/cat_dog_data/test_set/test_set/cats/cat.4103.jpg,1,1,9.4394686e-08,0.9998437
