Filename,True_Label,Predicted_Label,ResNet34_NoGlobalPooling_class0_prob,ResNet34_NoGlobalPooling_class1_prob
/data/Zeyu/Pooling/cat_dog_data/test_set/test_set/cats/cat.4001.jpg,0,0,1.0,0.0
/data/Zeyu/Pooling/cat_dog_data/test_set/test_set/cats/cat.4002.jpg,0,0,0.9999993,6.710361e-07
/data/Zeyu/Pooling/cat_dog_data/test_set/test_set/cats/cat.4003.jpg,0,0,1.0,0.0
/data/Zeyu/Pooling/cat_dog_data/test_set/test_set/cats/cat.4004.jpg,0,0,1.0,0.0
/data/Zeyu/Pooling/cat_dog_data/test_set/test_set/cats/cat.4005.jpg,0,0,1.0,3.8356397e-25
/data/Zeyu/Pooling/cat_dog_data/test_set/test_set/cats/cat.4006.jpg,0,0,0.99941194,0.00058803766
/data/Zeyu/Pooling/cat_dog_data/test_set/test_set/cats/cat.4007.jpg,0,0,1.0,6.047e-42
/data/Zeyu/Pooling/cat_dog_data/test_set/test_set/cats/cat.4008.jpg,0,1,0.03197369,0.9680263
/data/Zeyu/Pooling/cat_dog_data/test_set/test_set/cats/cat.4009.jpg,0,0,1.0,1.5703424e-08
/data/Zeyu/Pooling/cat_dog_data/test_set/test_set/cats/cat.4010.jpg,0,0,1.0,0.0
/data/Zeyu/Pooling/cat_dog_data/test_set/test_set/cats/cat.4011.jpg,0,0,0.9999174,8.2659695e-05
/data/Zeyu/Pooling/cat_dog_data/test_set/test_set/cats/cat.4012.jpg,0,0,0.9982338,0.0017661797
/data/Zeyu/Pooling/cat_dog_data/test_set/test_set/cats/cat.4013.jpg,0,0,1.0,0.0
/data/Zeyu/Pooling/cat_dog_data/test_set/test_set/cats/cat.4014.jpg,0,0,1.0,0.0
/data/Zeyu/Pooling/cat_dog_data/test_set/test_set/cats/cat.4015.jpg,0,0,1.0,4.443269e-11
/data/Zeyu/Pooling/cat_dog_data/test_set/test_set/cats/cat.4016.jpg,0,0,0.9987876,0.0012124706
/data/Zeyu/Pooling/cat_dog_data/test_set/test_set/cats/cat.4017.jpg,0,0,1.0,7.6142074e-19
/data/Zeyu/Pooling/cat_dog_data/test_set/test_set/cats/cat.4018.jpg,0,0,0.999972,2.803628e-05
/data/Zeyu/Pooling/cat_dog_data/test_set/test_set/cats/cat.4019.jpg,0,0,1.0,9.862458e-28
/data/Zeyu/Pooling/cat_dog_data/test_set/test_set/cats/cat.4020.jpg,0,0,1.0,0.0
/data/Zeyu/Pooling/cat_dog_data/test_set/test_set/cats/cat.4021.jpg,0,0,1.0,0.0
/data/Zeyu/Pooling/cat_dog_data/test_set/test_set/cats/cat.4022.jpg,0,0,1.0,0.0
/data/Zeyu/Pooling/cat_dog_data/test_set/test_set/cats/cat.4023.jpg,0,0,1.0,0.0
/data/Zeyu/Pooling/cat_dog_data/test_set/test_set/cats/cat.4024.jpg,0,0,1.0,4.067884e-28
/data/Zeyu/Pooling/cat_dog_data/test_set/test_set/cats/cat.4025.jpg,0,0,0.99999976,2.8572785e-07
/data/Zeyu/Pooling/cat_dog_data/test_set/test_set/cats/cat.4026.jpg,0,0,0.989892,0.010108049
/data/Zeyu/Pooling/cat_dog_data/test_set/test_set/cats/cat.4027.jpg,0,0,1.0,0.0
/data/Zeyu/Pooling/cat_dog_data/test_set/test_set/cats/cat.4028.jpg,0,0,1.0,3.0642027e-11
/data/Zeyu/Pooling/cat_dog_data/test_set/test_set/cats/cat.4029.jpg,0,0,1.0,0.0
/data/Zeyu/Pooling/cat_dog_data/test_set/test_set/cats/cat.4030.jpg,0,0,1.0,8.582272e-33
/data/Zeyu/Pooling/cat_dog_data/test_set/test_set/cats/cat.4031.jpg,0,0,0.9974757,0.002524334
/data/Zeyu/Pooling/cat_dog_data/test_set/test_set/cats/cat.4032.jpg,0,0,1.0,0.0
/data/Zeyu/Pooling/cat_dog_data/test_set/test_set/cats/cat.4033.jpg,0,0,1.0,2.157707e-09
/data/Zeyu/Pooling/cat_dog_data/test_set/test_set/cats/cat.4034.jpg,0,0,1.0,1.072e-42
/data/Zeyu/Pooling/cat_dog_data/test_set/test_set/cats/cat.4035.jpg,0,0,0.99896324,0.0010367869
/data/Zeyu/Pooling/cat_dog_data/test_set/test_set/cats/cat.4036.jpg,0,0,1.0,2.1914298e-21
/data/Zeyu/Pooling/cat_dog_data/test_set/test_set/cats/cat.4037.jpg,0,0,1.0,0.0
/data/Zeyu/Pooling/cat_dog_data/test_set/test_set/cats/cat.4038.jpg,0,0,1.0,1.3006239e-15
/data/Zeyu/Pooling/cat_dog_data/test_set/test_set/cats/cat.4039.jpg,0,0,1.0,2.891096e-08
/data/Zeyu/Pooling/cat_dog_data/test_set/test_set/cats/cat.4040.jpg,0,0,1.0,1.2889991e-34
/data/Zeyu/Pooling/cat_dog_data/test_set/test_set/cats/cat.4041.jpg,0,0,1.0,0.0
/data/Zeyu/Pooling/cat_dog_data/test_set/test_set/cats/cat.4042.jpg,0,0,0.95654076,0.04345921
/data/Zeyu/Pooling/cat_dog_data/test_set/test_set/cats/cat.4043.jpg,0,0,1.0,5.7166596e-09
/data/Zeyu/Pooling/cat_dog_data/test_set/test_set/cats/cat.4044.jpg,0,1,0.3002472,0.6997528
/data/Zeyu/Pooling/cat_dog_data/test_set/test_set/cats/cat.4045.jpg,0,0,1.0,0.0
/data/Zeyu/Pooling/cat_dog_data/test_set/test_set/cats/cat.4046.jpg,0,0,1.0,0.0
/data/Zeyu/Pooling/cat_dog_data/test_set/test_set/cats/cat.4047.jpg,0,0,0.9935324,0.006467582
/data/Zeyu/Pooling/cat_dog_data/test_set/test_set/cats/cat.4048.jpg,0,0,1.0,0.0
/data/Zeyu/Pooling/cat_dog_data/test_set/test_set/cats/cat.4049.jpg,0,0,1.0,1.537694e-35
/data/Zeyu/Pooling/cat_dog_data/test_set/test_set/cats/cat.4050.jpg,0,0,0.79506135,0.20493865
/data/Zeyu/Pooling/cat_dog_data/test_set/test_set/cats/cat.4051.jpg,0,0,1.0,0.0
/data/Zeyu/Pooling/cat_dog_data/test_set/test_set/cats/cat.4052.jpg,0,0,1.0,0.0
/data/Zeyu/Pooling/cat_dog_data/test_set/test_set/cats/cat.4053.jpg,0,0,0.99998426,1.5688696e-05
/data/Zeyu/Pooling/cat_dog_data/test_set/test_set/cats/cat.4054.jpg,0,0,1.0,0.0
/data/Zeyu/Pooling/cat_dog_data/test_set/test_set/cats/cat.4055.jpg,0,0,1.0,0.0
/data/Zeyu/Pooling/cat_dog_data/test_set/test_set/cats/cat.4056.jpg,0,0,1.0,3.276609e-16
/data/Zeyu/Pooling/cat_dog_data/test_set/test_set/cats/cat.4057.jpg,0,0,1.0,0.0
/data/Zeyu/Pooling/cat_dog_data/test_set/test_set/cats/cat.4058.jpg,0,0,0.8650278,0.13497221
/data/Zeyu/Pooling/cat_dog_data/test_set/test_set/cats/cat.4059.jpg,0,0,1.0,1.0210108e-09
/data/Zeyu/Pooling/cat_dog_data/test_set/test_set/cats/cat.4060.jpg,0,0,1.0,0.0
/data/Zeyu/Pooling/cat_dog_data/test_set/test_set/cats/cat.4061.jpg,0,0,1.0,6.2204006e-09
/data/Zeyu/Pooling/cat_dog_data/test_set/test_set/cats/cat.4062.jpg,0,0,1.0,0.0
/data/Zeyu/Pooling/cat_dog_data/test_set/test_set/cats/cat.4063.jpg,0,0,1.0,0.0
/data/Zeyu/Pooling/cat_dog_data/test_set/test_set/cats/cat.4064.jpg,0,0,0.9971425,0.0028575354
/data/Zeyu/Pooling/cat_dog_data/test_set/test_set/cats/cat.4065.jpg,0,0,1.0,0.0
/data/Zeyu/Pooling/cat_dog_data/test_set/test_set/cats/cat.4066.jpg,0,0,0.9991665,0.000833519
/data/Zeyu/Pooling/cat_dog_data/test_set/test_set/cats/cat.4067.jpg,0,0,1.0,0.0
/data/Zeyu/Pooling/cat_dog_data/test_set/test_set/cats/cat.4068.jpg,0,0,1.0,0.0
/data/Zeyu/Pooling/cat_dog_data/test_set/test_set/cats/cat.4069.jpg,0,0,1.0,6.7493056e-14
/data/Zeyu/Pooling/cat_dog_data/test_set/test_set/cats/cat.4070.jpg,0,0,1.0,0.0
/data/Zeyu/Pooling/cat_dog_data/test_set/test_set/cats/cat.4071.jpg,0,0,1.0,5.386212e-10
/data/Zeyu/Pooling/cat_dog_data/test_set/test_set/cats/cat.4072.jpg,0,0,0.99050856,0.009491414
/data/Zeyu/Pooling/cat_dog_data/test_set/test_set/cats/cat.4073.jpg,0,0,0.8190885,0.18091153
/data/Zeyu/Pooling/cat_dog_data/test_set/test_set/cats/cat.4074.jpg,0,0,1.0,0.0
/data/Zeyu/Pooling/cat_dog_data/test_set/test_set/cats/cat.4075.jpg,0,0,0.9991873,0.0008127503
/data/Zeyu/Pooling/cat_dog_data/test_set/test_set/cats/cat.4076.jpg,0,1,0.3600911,0.6399089
/data/Zeyu/Pooling/cat_dog_data/test_set/test_set/cats/cat.4077.jpg,0,0,1.0,6.441603e-23
/data/Zeyu/Pooling/cat_dog_data/test_set/test_set/cats/cat.4078.jpg,0,0,1.0,0.0
/data/Zeyu/Pooling/cat_dog_data/test_set/test_set/cats/cat.4079.jpg,0,0,1.0,3.4600013e-36
/data/Zeyu/Pooling/cat_dog_data/test_set/test_set/cats/cat.4080.jpg,0,0,1.0,0.0
/data/Zeyu/Pooling/cat_dog_data/test_set/test_set/cats/cat.4081.jpg,0,0,1.0,6.764991e-25
/data/Zeyu/Pooling/cat_dog_data/test_set/test_set/cats/cat.4082.jpg,0,0,1.0,9.7524616e-14
/data/Zeyu/Pooling/cat_dog_data/test_set/test_set/cats/cat.4083.jpg,0,0,1.0,0.0
/data/Zeyu/Pooling/cat_dog_data/test_set/test_set/cats/cat.4084.jpg,0,0,1.0,0.0
/data/Zeyu/Pooling/cat_dog_data/test_set/test_set/cats/cat.4085.jpg,0,1,3.898701e-11,1.0
/data/Zeyu/Pooling/cat_dog_data/test_set/test_set/cats/cat.4086.jpg,0,0,0.99887854,0.0011214018
/data/Zeyu/Pooling/cat_dog_data/test_set/test_set/cats/cat.4087.jpg,0,0,0.9998851,0.00011492111
/data/Zeyu/Pooling/cat_dog_data/test_set/test_set/cats/cat.4088.jpg,0,0,1.0,1.2649601e-19
/data/Zeyu/Pooling/cat_dog_data/test_set/test_set/cats/cat.4089.jpg,0,0,0.99999166,8.318467e-06
/data/Zeyu/Pooling/cat_dog_data/test_set/test_set/cats/cat.4090.jpg,0,0,1.0,1.0380022e-08
/data/Zeyu/Pooling/cat_dog_data/test_set/test_set/cats/cat.4091.jpg,0,0,1.0,1.398942e-30
/data/Zeyu/Pooling/cat_dog_data/test_set/test_set/cats/cat.4092.jpg,0,0,1.0,0.0
/data/Zeyu/Pooling/cat_dog_data/test_set/test_set/cats/cat.4093.jpg,0,0,1.0,9.685078e-18
/data/Zeyu/Pooling/cat_dog_data/test_set/test_set/cats/cat.4094.jpg,0,0,0.99999964,3.3931278e-07
/data/Zeyu/Pooling/cat_dog_data/test_set/test_set/cats/cat.4095.jpg,0,0,1.0,0.0
/data/Zeyu/Pooling/cat_dog_data/test_set/test_set/cats/cat.4096.jpg,0,0,1.0,2.1692042e-23
/data/Zeyu/Pooling/cat_dog_data/test_set/test_set/cats/cat.4097.jpg,0,0,1.0,0.0
/data/Zeyu/Pooling/cat_dog_data/test_set/test_set/cats/cat.4098.jpg,0,0,1.0,0.0
/data/Zeyu/Pooling/cat_dog_data/test_set/test_set/cats/cat.4099.jpg,0,0,1.0,5.119477e-16
/data/Zeyu/Pooling/cat_dog_data/test_set/test_set/cats/cat.4100.jpg,0,0,0.9704826,0.029517392
/data/Zeyu/Pooling/cat_dog_data/test_set/test_set/cats/cat.4101.jpg,0,0,1.0,7.204888e-12
/data/Zeyu/Pooling/cat_dog_data/test_set/test_set/cats/cat.4102.jpg,0,0,1.0,0.0
/data/Zeyu/Pooling/cat_dog_data/test_set/test_set/cats/cat.4103.jpg,0,0,1.0,2.32497e-17
/data/Zeyu/Pooling/cat_dog_data/test_set/test_set/cats/cat.4104.jpg,0,0,0.99382097,0.006179071
/data/Zeyu/Pooling/cat_dog_data/test_set/test_set/cats/cat.4105.jpg,0,0,0.99999917,8.8340704e-07
/data/Zeyu/Pooling/cat_dog_data/test_set/test_set/cats/cat.4106.jpg,0,0,1.0,1.1172057e-18
/data/Zeyu/Pooling/cat_dog_data/test_set/test_set/cats/cat.4107.jpg,0,0,1.0,0.0
/data/Zeyu/Pooling/cat_dog_data/test_set/test_set/cats/cat.4108.jpg,0,0,1.0,0.0
/data/Zeyu/Pooling/cat_dog_data/test_set/test_set/cats/cat.4109.jpg,0,0,1.0,9.398454e-19
/data/Zeyu/Pooling/cat_dog_data/test_set/test_set/cats/cat.4110.jpg,0,0,1.0,0.0
/data/Zeyu/Pooling/cat_dog_data/test_set/test_set/cats/cat.4111.jpg,0,0,1.0,0.0
/data/Zeyu/Pooling/cat_dog_data/test_set/test_set/cats/cat.4112.jpg,0,0,1.0,2.1752646e-09
/data/Zeyu/Pooling/cat_dog_data/test_set/test_set/cats/cat.4113.jpg,0,0,1.0,0.0
/data/Zeyu/Pooling/cat_dog_data/test_set/test_set/cats/cat.4114.jpg,0,0,1.0,0.0
/data/Zeyu/Pooling/cat_dog_data/test_set/test_set/cats/cat.4115.jpg,0,0,1.0,0.0
/data/Zeyu/Pooling/cat_dog_data/test_set/test_set/cats/cat.4116.jpg,0,0,0.9506011,0.04939891
/data/Zeyu/Pooling/cat_dog_data/test_set/test_set/cats/cat.4117.jpg,0,0,1.0,0.0
/data/Zeyu/Pooling/cat_dog_data/test_set/test_set/cats/cat.4118.jpg,0,0,1.0,0.0
/data/Zeyu/Pooling/cat_dog_data/test_set/test_set/cats/cat.4119.jpg,0,0,1.0,8.794672e-20
/data/Zeyu/Pooling/cat_dog_data/test_set/test_set/cats/cat.4120.jpg,0,0,0.99999285,7.173936e-06
/data/Zeyu/Pooling/cat_dog_data/test_set/test_set/cats/cat.4121.jpg,0,0,1.0,0.0
/data/Zeyu/Pooling/cat_dog_data/test_set/test_set/cats/cat.4122.jpg,0,0,1.0,0.0
/data/Zeyu/Pooling/cat_dog_data/test_set/test_set/cats/cat.4123.jpg,0,0,1.0,0.0
/data/Zeyu/Pooling/cat_dog_data/test_set/test_set/cats/cat.4124.jpg,0,0,1.0,0.0
/data/Zeyu/Pooling/cat_dog_data/test_set/test_set/cats/cat.4125.jpg,0,0,1.0,3.9999531e-10
/data/Zeyu/Pooling/cat_dog_data/test_set/test_set/cats/cat.4126.jpg,0,0,0.9893554,0.010644615
/data/Zeyu/Pooling/cat_dog_data/test_set/test_set/cats/cat.4127.jpg,0,0,1.0,2.4987511e-14
/data/Zeyu/Pooling/cat_dog_data/test_set/test_set/cats/cat.4128.jpg,0,0,1.0,0.0
/data/Zeyu/Pooling/cat_dog_data/test_set/test_set/cats/cat.4001.jpg,0,0,0.90650296,0.093496986
/data/Zeyu/Pooling/cat_dog_data/test_set/test_set/cats/cat.4002.jpg,0,0,1.0,1.7443943e-16
/data/Zeyu/Pooling/cat_dog_data/test_set/test_set/cats/cat.4003.jpg,0,0,1.0,0.0
/data/Zeyu/Pooling/cat_dog_data/test_set/test_set/cats/cat.4004.jpg,0,0,1.0,0.0
/data/Zeyu/Pooling/cat_dog_data/test_set/test_set/cats/cat.4005.jpg,0,0,1.0,8.1511295e-14
/data/Zeyu/Pooling/cat_dog_data/test_set/test_set/cats/cat.4006.jpg,0,0,0.99999905,9.346445e-07
/data/Zeyu/Pooling/cat_dog_data/test_set/test_set/cats/cat.4007.jpg,0,0,0.99999917,8.468189e-07
/data/Zeyu/Pooling/cat_dog_data/test_set/test_set/cats/cat.4008.jpg,0,0,0.99998677,1.3203846e-05
/data/Zeyu/Pooling/cat_dog_data/test_set/test_set/cats/cat.4009.jpg,0,0,1.0,1e-45
/data/Zeyu/Pooling/cat_dog_data/test_set/test_set/cats/cat.4010.jpg,0,0,0.9999994,5.960879e-07
/data/Zeyu/Pooling/cat_dog_data/test_set/test_set/cats/cat.4011.jpg,0,0,1.0,0.0
/data/Zeyu/Pooling/cat_dog_data/test_set/test_set/cats/cat.4012.jpg,0,0,1.0,7.641518e-22
/data/Zeyu/Pooling/cat_dog_data/test_set/test_set/cats/cat.4013.jpg,0,0,1.0,2.399511e-34
/data/Zeyu/Pooling/cat_dog_data/test_set/test_set/cats/cat.4014.jpg,0,0,0.9999931,6.933123e-06
/data/Zeyu/Pooling/cat_dog_data/test_set/test_set/cats/cat.4015.jpg,0,0,0.9999931,6.933123e-06
/data/Zeyu/Pooling/cat_dog_data/test_set/test_set/cats/cat.4016.jpg,0,0,1.0,1.3737978e-08
/data/Zeyu/Pooling/cat_dog_data/test_set/test_set/cats/cat.4017.jpg,0,0,1.0,0.0
/data/Zeyu/Pooling/cat_dog_data/test_set/test_set/cats/cat.4018.jpg,0,0,1.0,3.3464676e-14
/data/Zeyu/Pooling/cat_dog_data/test_set/test_set/cats/cat.4019.jpg,0,0,1.0,0.0
/data/Zeyu/Pooling/cat_dog_data/test_set/test_set/cats/cat.4020.jpg,0,0,0.9999889,1.1073781e-05
/data/Zeyu/Pooling/cat_dog_data/test_set/test_set/cats/cat.4021.jpg,0,0,1.0,0.0
/data/Zeyu/Pooling/cat_dog_data/test_set/test_set/cats/cat.4022.jpg,0,0,0.9986659,0.0013340757
/data/Zeyu/Pooling/cat_dog_data/test_set/test_set/cats/cat.4023.jpg,0,0,1.0,0.0
/data/Zeyu/Pooling/cat_dog_data/test_set/test_set/cats/cat.4024.jpg,0,1,0.00010596184,0.999894
/data/Zeyu/Pooling/cat_dog_data/test_set/test_set/cats/cat.4025.jpg,0,0,1.0,0.0
/data/Zeyu/Pooling/cat_dog_data/test_set/test_set/cats/cat.4026.jpg,0,0,1.0,0.0
/data/Zeyu/Pooling/cat_dog_data/test_set/test_set/cats/cat.4027.jpg,0,1,0.17887618,0.8211238
/data/Zeyu/Pooling/cat_dog_data/test_set/test_set/cats/cat.4028.jpg,0,0,0.9998597,0.00014024014
/data/Zeyu/Pooling/cat_dog_data/test_set/test_set/cats/cat.4029.jpg,0,1,2.6229962e-05,0.9999738
/data/Zeyu/Pooling/cat_dog_data/test_set/test_set/cats/cat.4030.jpg,0,1,2.6229962e-05,0.9999738
/data/Zeyu/Pooling/cat_dog_data/test_set/test_set/cats/cat.4031.jpg,0,0,1.0,5.871703e-09
/data/Zeyu/Pooling/cat_dog_data/test_set/test_set/cats/cat.4032.jpg,0,0,1.0,0.0
/data/Zeyu/Pooling/cat_dog_data/test_set/test_set/cats/cat.4033.jpg,0,0,1.0,0.0
/data/Zeyu/Pooling/cat_dog_data/test_set/test_set/cats/cat.4034.jpg,0,0,1.0,0.0
/data/Zeyu/Pooling/cat_dog_data/test_set/test_set/cats/cat.4035.jpg,0,0,1.0,0.0
/data/Zeyu/Pooling/cat_dog_data/test_set/test_set/cats/cat.4036.jpg,0,0,1.0,2.6889943e-13
/data/Zeyu/Pooling/cat_dog_data/test_set/test_set/cats/cat.4037.jpg,0,0,1.0,0.0
/data/Zeyu/Pooling/cat_dog_data/test_set/test_set/cats/cat.4038.jpg,0,0,1.0,0.0
/data/Zeyu/Pooling/cat_dog_data/test_set/test_set/cats/cat.4039.jpg,0,0,1.0,8.345398e-18
/data/Zeyu/Pooling/cat_dog_data/test_set/test_set/cats/cat.4040.jpg,0,0,1.0,2.7650729e-30
/data/Zeyu/Pooling/cat_dog_data/test_set/test_set/cats/cat.4041.jpg,0,0,1.0,0.0
/data/Zeyu/Pooling/cat_dog_data/test_set/test_set/cats/cat.4042.jpg,0,0,1.0,0.0
/data/Zeyu/Pooling/cat_dog_data/test_set/test_set/cats/cat.4043.jpg,0,0,1.0,1.1662857e-37
/data/Zeyu/Pooling/cat_dog_data/test_set/test_set/cats/cat.4044.jpg,0,0,1.0,4.6108822e-23
/data/Zeyu/Pooling/cat_dog_data/test_set/test_set/cats/cat.4045.jpg,0,0,1.0,5.834005e-35
/data/Zeyu/Pooling/cat_dog_data/test_set/test_set/cats/cat.4046.jpg,0,0,1.0,0.0
/data/Zeyu/Pooling/cat_dog_data/test_set/test_set/cats/cat.4047.jpg,0,0,1.0,0.0
/data/Zeyu/Pooling/cat_dog_data/test_set/test_set/cats/cat.4048.jpg,0,0,0.9999999,1.1657662e-07
/data/Zeyu/Pooling/cat_dog_data/test_set/test_set/cats/cat.4049.jpg,0,0,1.0,0.0
/data/Zeyu/Pooling/cat_dog_data/test_set/test_set/cats/cat.4050.jpg,0,0,1.0,6.734957e-13
/data/Zeyu/Pooling/cat_dog_data/test_set/test_set/cats/cat.4051.jpg,0,0,1.0,0.0
/data/Zeyu/Pooling/cat_dog_data/test_set/test_set/cats/cat.4052.jpg,0,0,1.0,0.0
/data/Zeyu/Pooling/cat_dog_data/test_set/test_set/cats/cat.4053.jpg,0,0,1.0,0.0
/data/Zeyu/Pooling/cat_dog_data/test_set/test_set/cats/cat.4054.jpg,0,0,1.0,1.4e-44
/data/Zeyu/Pooling/cat_dog_data/test_set/test_set/cats/cat.4055.jpg,0,0,1.0,2.7585204e-22
/data/Zeyu/Pooling/cat_dog_data/test_set/test_set/cats/cat.4056.jpg,0,0,1.0,2.7585204e-22
/data/Zeyu/Pooling/cat_dog_data/test_set/test_set/cats/cat.4057.jpg,0,0,1.0,0.0
/data/Zeyu/Pooling/cat_dog_data/test_set/test_set/cats/cat.4058.jpg,0,0,1.0,4.5551535e-13
/data/Zeyu/Pooling/cat_dog_data/test_set/test_set/cats/cat.4059.jpg,0,0,1.0,0.0
/data/Zeyu/Pooling/cat_dog_data/test_set/test_set/cats/cat.4060.jpg,0,0,1.0,1.1404175e-13
/data/Zeyu/Pooling/cat_dog_data/test_set/test_set/cats/cat.4061.jpg,0,0,1.0,0.0
/data/Zeyu/Pooling/cat_dog_data/test_set/test_set/cats/cat.4062.jpg,0,0,1.0,9.883077e-17
/data/Zeyu/Pooling/cat_dog_data/test_set/test_set/cats/cat.4063.jpg,0,0,1.0,0.0
/data/Zeyu/Pooling/cat_dog_data/test_set/test_set/cats/cat.4064.jpg,0,0,1.0,0.0
/data/Zeyu/Pooling/cat_dog_data/test_set/test_set/cats/cat.4065.jpg,0,1,3.686852e-05,0.99996316
/data/Zeyu/Pooling/cat_dog_data/test_set/test_set/cats/cat.4066.jpg,0,0,1.0,5.977852e-11
/data/Zeyu/Pooling/cat_dog_data/test_set/test_set/cats/cat.4067.jpg,0,0,1.0,2.0788468e-19
/data/Zeyu/Pooling/cat_dog_data/test_set/test_set/cats/cat.4068.jpg,0,0,1.0,0.0
/data/Zeyu/Pooling/cat_dog_data/test_set/test_set/cats/cat.4069.jpg,0,0,1.0,3.587846e-18
/data/Zeyu/Pooling/cat_dog_data/test_set/test_set/cats/cat.4070.jpg,0,1,0.42035472,0.5796453
/data/Zeyu/Pooling/cat_dog_data/test_set/test_set/cats/cat.4071.jpg,0,1,0.42035472,0.5796453
/data/Zeyu/Pooling/cat_dog_data/test_set/test_set/cats/cat.4072.jpg,0,0,0.9999676,3.2401527e-05
/data/Zeyu/Pooling/cat_dog_data/test_set/test_set/cats/cat.4073.jpg,0,0,1.0,0.0
/data/Zeyu/Pooling/cat_dog_data/test_set/test_set/cats/cat.4074.jpg,0,0,0.9999982,1.7334665e-06
/data/Zeyu/Pooling/cat_dog_data/test_set/test_set/cats/cat.4075.jpg,0,1,0.21190009,0.78809994
/data/Zeyu/Pooling/cat_dog_data/test_set/test_set/cats/cat.4076.jpg,0,0,1.0,7.011746e-10
/data/Zeyu/Pooling/cat_dog_data/test_set/test_set/cats/cat.4077.jpg,0,0,1.0,1.8447937e-19
/data/Zeyu/Pooling/cat_dog_data/test_set/test_set/cats/cat.4078.jpg,0,0,1.0,0.0
/data/Zeyu/Pooling/cat_dog_data/test_set/test_set/cats/cat.4079.jpg,0,0,1.0,0.0
/data/Zeyu/Pooling/cat_dog_data/test_set/test_set/cats/cat.4080.jpg,0,0,1.0,2.5812106e-09
/data/Zeyu/Pooling/cat_dog_data/test_set/test_set/cats/cat.4081.jpg,0,0,1.0,0.0
/data/Zeyu/Pooling/cat_dog_data/test_set/test_set/cats/cat.4082.jpg,0,0,1.0,0.0
/data/Zeyu/Pooling/cat_dog_data/test_set/test_set/cats/cat.4083.jpg,0,0,0.98840255,0.011597432
/data/Zeyu/Pooling/cat_dog_data/test_set/test_set/cats/cat.4084.jpg,0,0,1.0,0.0
/data/Zeyu/Pooling/cat_dog_data/test_set/test_set/cats/cat.4085.jpg,0,0,1.0,0.0
/data/Zeyu/Pooling/cat_dog_data/test_set/test_set/cats/cat.4086.jpg,0,0,1.0,0.0
/data/Zeyu/Pooling/cat_dog_data/test_set/test_set/cats/cat.4087.jpg,0,1,6.388192e-13,1.0
/data/Zeyu/Pooling/cat_dog_data/test_set/test_set/cats/cat.4088.jpg,0,0,1.0,2.332561e-13
/data/Zeyu/Pooling/cat_dog_data/test_set/test_set/cats/cat.4089.jpg,0,0,1.0,5.908178e-21
/data/Zeyu/Pooling/cat_dog_data/test_set/test_set/cats/cat.4090.jpg,0,1,0.060869753,0.93913025
/data/Zeyu/Pooling/cat_dog_data/test_set/test_set/cats/cat.4091.jpg,0,0,1.0,0.0
/data/Zeyu/Pooling/cat_dog_data/test_set/test_set/cats/cat.4092.jpg,0,0,0.9999052,9.4791525e-05
/data/Zeyu/Pooling/cat_dog_data/test_set/test_set/cats/cat.4093.jpg,0,0,1.0,0.0
/data/Zeyu/Pooling/cat_dog_data/test_set/test_set/cats/cat.4094.jpg,0,1,3.890665e-05,0.99996114
/data/Zeyu/Pooling/cat_dog_data/test_set/test_set/cats/cat.4095.jpg,0,0,1.0,2.0768451e-23
/data/Zeyu/Pooling/cat_dog_data/test_set/test_set/cats/cat.4096.jpg,0,0,0.9928988,0.0071012247
/data/Zeyu/Pooling/cat_dog_data/test_set/test_set/cats/cat.4097.jpg,0,0,0.9928988,0.0071012247
/data/Zeyu/Pooling/cat_dog_data/test_set/test_set/cats/cat.4098.jpg,0,0,1.0,0.0
/data/Zeyu/Pooling/cat_dog_data/test_set/test_set/cats/cat.4099.jpg,0,0,1.0,0.0
/data/Zeyu/Pooling/cat_dog_data/test_set/test_set/cats/cat.4100.jpg,0,0,0.99996126,3.8747065e-05
/data/Zeyu/Pooling/cat_dog_data/test_set/test_set/cats/cat.4101.jpg,0,0,1.0,0.0
/data/Zeyu/Pooling/cat_dog_data/test_set/test_set/cats/cat.4102.jpg,0,0,0.9995117,0.00048829167
/data/Zeyu/Pooling/cat_dog_data/test_set/test_set/cats/cat.4103.jpg,0,0,1.0,0.0
/data/Zeyu/Pooling/cat_dog_data/test_set/test_set/cats/cat.4104.jpg,0,0,0.9999895,1.0536423e-05
/data/Zeyu/Pooling/cat_dog_data/test_set/test_set/cats/cat.4105.jpg,0,0,0.9999993,7.420124e-07
/data/Zeyu/Pooling/cat_dog_data/test_set/test_set/cats/cat.4106.jpg,0,0,1.0,0.0
/data/Zeyu/Pooling/cat_dog_data/test_set/test_set/cats/cat.4107.jpg,0,0,1.0,2.5108239e-14
/data/Zeyu/Pooling/cat_dog_data/test_set/test_set/cats/cat.4108.jpg,0,0,0.99999976,2.7651495e-07
/data/Zeyu/Pooling/cat_dog_data/test_set/test_set/cats/cat.4109.jpg,0,0,1.0,3.09475e-23
/data/Zeyu/Pooling/cat_dog_data/test_set/test_set/cats/cat.4110.jpg,0,0,1.0,0.0
/data/Zeyu/Pooling/cat_dog_data/test_set/test_set/cats/cat.4111.jpg,0,0,0.92817026,0.07182969
/data/Zeyu/Pooling/cat_dog_data/test_set/test_set/cats/cat.4112.jpg,0,0,0.9477506,0.0522494
/data/Zeyu/Pooling/cat_dog_data/test_set/test_set/cats/cat.4113.jpg,0,0,0.9999043,9.565851e-05
/data/Zeyu/Pooling/cat_dog_data/test_set/test_set/cats/cat.4114.jpg,0,0,1.0,1.7198211e-09
/data/Zeyu/Pooling/cat_dog_data/test_set/test_set/cats/cat.4115.jpg,0,0,1.0,3.9064388e-28
/data/Zeyu/Pooling/cat_dog_data/test_set/test_set/cats/cat.4116.jpg,0,0,1.0,1.4130902e-16
/data/Zeyu/Pooling/cat_dog_data/test_set/test_set/cats/cat.4117.jpg,0,0,1.0,1.497781e-10
/data/Zeyu/Pooling/cat_dog_data/test_set/test_set/cats/cat.4118.jpg,0,0,1.0,0.0
/data/Zeyu/Pooling/cat_dog_data/test_set/test_set/cats/cat.4119.jpg,0,0,1.0,0.0
/data/Zeyu/Pooling/cat_dog_data/test_set/test_set/cats/cat.4120.jpg,0,0,1.0,0.0
/data/Zeyu/Pooling/cat_dog_data/test_set/test_set/cats/cat.4121.jpg,0,0,1.0,3.52073e-40
/data/Zeyu/Pooling/cat_dog_data/test_set/test_set/cats/cat.4122.jpg,0,0,1.0,1.4666507e-13
/data/Zeyu/Pooling/cat_dog_data/test_set/test_set/cats/cat.4123.jpg,0,0,1.0,4.7466757e-17
/data/Zeyu/Pooling/cat_dog_data/test_set/test_set/cats/cat.4124.jpg,0,0,1.0,0.0
/data/Zeyu/Pooling/cat_dog_data/test_set/test_set/cats/cat.4125.jpg,0,0,1.0,0.0
/data/Zeyu/Pooling/cat_dog_data/test_set/test_set/cats/cat.4126.jpg,0,0,1.0,1.9249697e-09
/data/Zeyu/Pooling/cat_dog_data/test_set/test_set/cats/cat.4127.jpg,0,0,1.0,0.0
/data/Zeyu/Pooling/cat_dog_data/test_set/test_set/cats/cat.4128.jpg,0,0,1.0,0.0
/data/Zeyu/Pooling/cat_dog_data/test_set/test_set/cats/cat.4001.jpg,0,0,1.0,4.7677386e-27
/data/Zeyu/Pooling/cat_dog_data/test_set/test_set/cats/cat.4002.jpg,0,0,1.0,1.1606911e-11
/data/Zeyu/Pooling/cat_dog_data/test_set/test_set/cats/cat.4003.jpg,0,0,1.0,0.0
/data/Zeyu/Pooling/cat_dog_data/test_set/test_set/cats/cat.4004.jpg,0,0,1.0,0.0
/data/Zeyu/Pooling/cat_dog_data/test_set/test_set/cats/cat.4005.jpg,0,0,0.9999726,2.7378166e-05
/data/Zeyu/Pooling/cat_dog_data/test_set/test_set/cats/cat.4006.jpg,0,0,1.0,0.0
/data/Zeyu/Pooling/cat_dog_data/test_set/test_set/cats/cat.4007.jpg,0,0,0.99991417,8.5833104e-05
/data/Zeyu/Pooling/cat_dog_data/test_set/test_set/cats/cat.4008.jpg,0,0,1.0,9.4235065e-20
/data/Zeyu/Pooling/cat_dog_data/test_set/test_set/cats/cat.4009.jpg,0,0,1.0,0.0
/data/Zeyu/Pooling/cat_dog_data/test_set/test_set/cats/cat.4010.jpg,0,0,1.0,2.4967267e-10
/data/Zeyu/Pooling/cat_dog_data/test_set/test_set/cats/cat.4011.jpg,0,0,1.0,0.0
/data/Zeyu/Pooling/cat_dog_data/test_set/test_set/cats/cat.4012.jpg,0,0,1.0,0.0
/data/Zeyu/Pooling/cat_dog_data/test_set/test_set/cats/cat.4013.jpg,0,0,1.0,0.0
/data/Zeyu/Pooling/cat_dog_data/test_set/test_set/cats/cat.4014.jpg,0,0,1.0,0.0
/data/Zeyu/Pooling/cat_dog_data/test_set/test_set/cats/cat.4015.jpg,0,0,1.0,0.0
/data/Zeyu/Pooling/cat_dog_data/test_set/test_set/cats/cat.4016.jpg,0,0,1.0,0.0
/data/Zeyu/Pooling/cat_dog_data/test_set/test_set/cats/cat.4017.jpg,0,0,0.9998053,0.00019471937
/data/Zeyu/Pooling/cat_dog_data/test_set/test_set/cats/cat.4018.jpg,0,0,1.0,4.7352347e-14
/data/Zeyu/Pooling/cat_dog_data/test_set/test_set/cats/cat.4019.jpg,0,0,1.0,0.0
/data/Zeyu/Pooling/cat_dog_data/test_set/test_set/cats/cat.4020.jpg,0,0,1.0,4.316943e-37
/data/Zeyu/Pooling/cat_dog_data/test_set/test_set/cats/cat.4021.jpg,0,0,1.0,1.8702082e-36
/data/Zeyu/Pooling/cat_dog_data/test_set/test_set/cats/cat.4022.jpg,0,0,1.0,7.736882e-09
/data/Zeyu/Pooling/cat_dog_data/test_set/test_set/cats/cat.4023.jpg,0,0,1.0,0.0
/data/Zeyu/Pooling/cat_dog_data/test_set/test_set/cats/cat.4024.jpg,0,0,1.0,0.0
/data/Zeyu/Pooling/cat_dog_data/test_set/test_set/cats/cat.4025.jpg,0,0,1.0,4.1262367e-23
/data/Zeyu/Pooling/cat_dog_data/test_set/test_set/cats/cat.4026.jpg,0,0,1.0,0.0
/data/Zeyu/Pooling/cat_dog_data/test_set/test_set/cats/cat.4027.jpg,0,0,1.0,0.0
/data/Zeyu/Pooling/cat_dog_data/test_set/test_set/cats/cat.4028.jpg,0,0,1.0,2.392e-18
/data/Zeyu/Pooling/cat_dog_data/test_set/test_set/cats/cat.4029.jpg,0,0,1.0,1.031007e-09
/data/Zeyu/Pooling/cat_dog_data/test_set/test_set/cats/cat.4030.jpg,0,0,1.0,0.0
/data/Zeyu/Pooling/cat_dog_data/test_set/test_set/cats/cat.4031.jpg,0,0,1.0,0.0
/data/Zeyu/Pooling/cat_dog_data/test_set/test_set/cats/cat.4032.jpg,0,1,0.006224374,0.9937756
/data/Zeyu/Pooling/cat_dog_data/test_set/test_set/cats/cat.4033.jpg,0,0,0.9999964,3.589861e-06
/data/Zeyu/Pooling/cat_dog_data/test_set/test_set/cats/cat.4034.jpg,0,0,1.0,0.0
/data/Zeyu/Pooling/cat_dog_data/test_set/test_set/cats/cat.4035.jpg,0,0,1.0,3.432e-42
/data/Zeyu/Pooling/cat_dog_data/test_set/test_set/cats/cat.4036.jpg,0,0,1.0,0.0
/data/Zeyu/Pooling/cat_dog_data/test_set/test_set/cats/cat.4037.jpg,0,0,1.0,0.0
/data/Zeyu/Pooling/cat_dog_data/test_set/test_set/cats/cat.4038.jpg,0,0,1.0,0.0
/data/Zeyu/Pooling/cat_dog_data/test_set/test_set/cats/cat.4039.jpg,0,0,1.0,3.269305e-39
/data/Zeyu/Pooling/cat_dog_data/test_set/test_set/cats/cat.4040.jpg,0,0,1.0,2.9954538e-22
/data/Zeyu/Pooling/cat_dog_data/test_set/test_set/cats/cat.4041.jpg,0,0,1.0,7.82701e-27
/data/Zeyu/Pooling/cat_dog_data/test_set/test_set/cats/cat.4042.jpg,0,0,1.0,0.0
/data/Zeyu/Pooling/cat_dog_data/test_set/test_set/cats/cat.4043.jpg,0,0,1.0,0.0
/data/Zeyu/Pooling/cat_dog_data/test_set/test_set/cats/cat.4044.jpg,0,0,1.0,2.101454e-16
/data/Zeyu/Pooling/cat_dog_data/test_set/test_set/cats/cat.4045.jpg,0,0,1.0,4.201786e-28
/data/Zeyu/Pooling/cat_dog_data/test_set/test_set/cats/cat.4046.jpg,0,0,1.0,0.0
/data/Zeyu/Pooling/cat_dog_data/test_set/test_set/cats/cat.4047.jpg,0,0,1.0,1.2303195e-18
/data/Zeyu/Pooling/cat_dog_data/test_set/test_set/cats/cat.4048.jpg,0,0,1.0,0.0
/data/Zeyu/Pooling/cat_dog_data/test_set/test_set/cats/cat.4049.jpg,0,0,1.0,3.0377953e-33
/data/Zeyu/Pooling/cat_dog_data/test_set/test_set/cats/cat.4050.jpg,0,0,1.0,6.6348934e-13
/data/Zeyu/Pooling/cat_dog_data/test_set/test_set/cats/cat.4051.jpg,0,0,1.0,1.5535338e-31
/data/Zeyu/Pooling/cat_dog_data/test_set/test_set/cats/cat.4052.jpg,0,0,1.0,0.0
/data/Zeyu/Pooling/cat_dog_data/test_set/test_set/cats/cat.4053.jpg,0,0,1.0,0.0
/data/Zeyu/Pooling/cat_dog_data/test_set/test_set/cats/cat.4054.jpg,0,0,1.0,3.427102e-10
/data/Zeyu/Pooling/cat_dog_data/test_set/test_set/cats/cat.4055.jpg,0,0,1.0,1.0385646e-08
/data/Zeyu/Pooling/cat_dog_data/test_set/test_set/cats/cat.4056.jpg,0,0,1.0,0.0
/data/Zeyu/Pooling/cat_dog_data/test_set/test_set/cats/cat.4057.jpg,0,0,0.985966,0.014033965
/data/Zeyu/Pooling/cat_dog_data/test_set/test_set/cats/cat.4058.jpg,0,0,0.99998176,1.8275845e-05
/data/Zeyu/Pooling/cat_dog_data/test_set/test_set/cats/cat.4059.jpg,0,0,1.0,0.0
/data/Zeyu/Pooling/cat_dog_data/test_set/test_set/cats/cat.4060.jpg,0,0,0.82304376,0.17695619
/data/Zeyu/Pooling/cat_dog_data/test_set/test_set/cats/cat.4061.jpg,0,0,1.0,8.272272e-19
/data/Zeyu/Pooling/cat_dog_data/test_set/test_set/cats/cat.4062.jpg,0,0,1.0,0.0
/data/Zeyu/Pooling/cat_dog_data/test_set/test_set/cats/cat.4063.jpg,0,0,0.9480188,0.051981214
/data/Zeyu/Pooling/cat_dog_data/test_set/test_set/cats/cat.4064.jpg,0,0,1.0,5.6357417e-17
/data/Zeyu/Pooling/cat_dog_data/test_set/test_set/cats/cat.4065.jpg,0,0,1.0,0.0
/data/Zeyu/Pooling/cat_dog_data/test_set/test_set/cats/cat.4066.jpg,0,0,1.0,1.975724e-15
/data/Zeyu/Pooling/cat_dog_data/test_set/test_set/cats/cat.4067.jpg,0,0,0.9999994,5.60048e-07
/data/Zeyu/Pooling/cat_dog_data/test_set/test_set/cats/cat.4068.jpg,0,0,1.0,0.0
/data/Zeyu/Pooling/cat_dog_data/test_set/test_set/cats/cat.4069.jpg,0,0,0.9999989,1.065272e-06
/data/Zeyu/Pooling/cat_dog_data/test_set/test_set/cats/cat.4070.jpg,0,0,0.99997556,2.4440034e-05
/data/Zeyu/Pooling/cat_dog_data/test_set/test_set/cats/cat.4071.jpg,0,0,1.0,0.0
/data/Zeyu/Pooling/cat_dog_data/test_set/test_set/cats/cat.4072.jpg,0,0,1.0,0.0
/data/Zeyu/Pooling/cat_dog_data/test_set/test_set/cats/cat.4073.jpg,0,0,1.0,0.0
/data/Zeyu/Pooling/cat_dog_data/test_set/test_set/cats/cat.4074.jpg,0,0,1.0,1.5882856e-09
/data/Zeyu/Pooling/cat_dog_data/test_set/test_set/cats/cat.4075.jpg,0,0,1.0,0.0
/data/Zeyu/Pooling/cat_dog_data/test_set/test_set/cats/cat.4076.jpg,0,0,1.0,0.0
/data/Zeyu/Pooling/cat_dog_data/test_set/test_set/cats/cat.4077.jpg,0,0,1.0,0.0
/data/Zeyu/Pooling/cat_dog_data/test_set/test_set/cats/cat.4078.jpg,0,0,1.0,3.8743054e-15
/data/Zeyu/Pooling/cat_dog_data/test_set/test_set/cats/cat.4079.jpg,0,0,1.0,0.0
/data/Zeyu/Pooling/cat_dog_data/test_set/test_set/cats/cat.4080.jpg,0,0,0.9999999,1.2630848e-07
/data/Zeyu/Pooling/cat_dog_data/test_set/test_set/cats/cat.4081.jpg,0,0,1.0,5.678334e-08
/data/Zeyu/Pooling/cat_dog_data/test_set/test_set/cats/cat.4082.jpg,0,0,1.0,0.0
/data/Zeyu/Pooling/cat_dog_data/test_set/test_set/cats/cat.4083.jpg,0,0,1.0,5.6808824e-37
/data/Zeyu/Pooling/cat_dog_data/test_set/test_set/cats/cat.4084.jpg,0,0,1.0,2.6612472e-36
/data/Zeyu/Pooling/cat_dog_data/test_set/test_set/cats/cat.4085.jpg,0,0,1.0,0.0
/data/Zeyu/Pooling/cat_dog_data/test_set/test_set/cats/cat.4086.jpg,0,0,1.0,0.0
/data/Zeyu/Pooling/cat_dog_data/test_set/test_set/cats/cat.4087.jpg,0,0,0.9999745,2.5467156e-05
/data/Zeyu/Pooling/cat_dog_data/test_set/test_set/cats/cat.4088.jpg,0,0,1.0,0.0
/data/Zeyu/Pooling/cat_dog_data/test_set/test_set/cats/cat.4089.jpg,0,0,1.0,1.4294629e-17
/data/Zeyu/Pooling/cat_dog_data/test_set/test_set/cats/cat.4090.jpg,0,0,1.0,2.2343031e-13
/data/Zeyu/Pooling/cat_dog_data/test_set/test_set/cats/cat.4091.jpg,0,0,1.0,0.0
/data/Zeyu/Pooling/cat_dog_data/test_set/test_set/cats/cat.4092.jpg,0,0,1.0,3.4605372e-09
/data/Zeyu/Pooling/cat_dog_data/test_set/test_set/cats/cat.4093.jpg,0,0,1.0,0.0
/data/Zeyu/Pooling/cat_dog_data/test_set/test_set/cats/cat.4094.jpg,0,0,1.0,3.5398168e-10
/data/Zeyu/Pooling/cat_dog_data/test_set/test_set/cats/cat.4095.jpg,0,1,1.5099618e-08,1.0
/data/Zeyu/Pooling/cat_dog_data/test_set/test_set/cats/cat.4096.jpg,0,0,1.0,1.2413127e-11
/data/Zeyu/Pooling/cat_dog_data/test_set/test_set/cats/cat.4097.jpg,0,0,0.9999976,2.4286815e-06
/data/Zeyu/Pooling/cat_dog_data/test_set/test_set/cats/cat.4098.jpg,0,0,1.0,1.0954814e-08
/data/Zeyu/Pooling/cat_dog_data/test_set/test_set/cats/cat.4099.jpg,0,0,1.0,0.0
/data/Zeyu/Pooling/cat_dog_data/test_set/test_set/cats/cat.4100.jpg,0,0,1.0,0.0
/data/Zeyu/Pooling/cat_dog_data/test_set/test_set/cats/cat.4101.jpg,0,0,1.0,0.0
/data/Zeyu/Pooling/cat_dog_data/test_set/test_set/cats/cat.4102.jpg,0,0,1.0,1e-45
/data/Zeyu/Pooling/cat_dog_data/test_set/test_set/cats/cat.4103.jpg,0,0,1.0,0.0
/data/Zeyu/Pooling/cat_dog_data/test_set/test_set/cats/cat.4104.jpg,0,0,1.0,0.0
/data/Zeyu/Pooling/cat_dog_data/test_set/test_set/cats/cat.4105.jpg,0,0,1.0,0.0
/data/Zeyu/Pooling/cat_dog_data/test_set/test_set/cats/cat.4106.jpg,0,0,1.0,0.0
/data/Zeyu/Pooling/cat_dog_data/test_set/test_set/cats/cat.4107.jpg,0,0,0.99999833,1.6249011e-06
/data/Zeyu/Pooling/cat_dog_data/test_set/test_set/cats/cat.4108.jpg,0,0,1.0,2.2860716e-09
/data/Zeyu/Pooling/cat_dog_data/test_set/test_set/cats/cat.4109.jpg,0,0,0.7262029,0.27379704
/data/Zeyu/Pooling/cat_dog_data/test_set/test_set/cats/cat.4110.jpg,0,0,1.0,3e-44
/data/Zeyu/Pooling/cat_dog_data/test_set/test_set/cats/cat.4111.jpg,0,0,1.0,0.0
/data/Zeyu/Pooling/cat_dog_data/test_set/test_set/cats/cat.4112.jpg,0,0,1.0,1.2213642e-11
/data/Zeyu/Pooling/cat_dog_data/test_set/test_set/cats/cat.4113.jpg,0,0,0.99999964,3.312096e-07
/data/Zeyu/Pooling/cat_dog_data/test_set/test_set/cats/cat.4114.jpg,0,0,1.0,2.2107591e-13
/data/Zeyu/Pooling/cat_dog_data/test_set/test_set/cats/cat.4115.jpg,0,0,1.0,0.0
/data/Zeyu/Pooling/cat_dog_data/test_set/test_set/cats/cat.4116.jpg,0,0,1.0,0.0
/data/Zeyu/Pooling/cat_dog_data/test_set/test_set/cats/cat.4117.jpg,0,0,1.0,0.0
/data/Zeyu/Pooling/cat_dog_data/test_set/test_set/cats/cat.4118.jpg,0,0,1.0,6.0626295e-14
/data/Zeyu/Pooling/cat_dog_data/test_set/test_set/cats/cat.4119.jpg,0,0,1.0,7.808643e-26
/data/Zeyu/Pooling/cat_dog_data/test_set/test_set/cats/cat.4120.jpg,0,0,0.99997985,2.0094649e-05
/data/Zeyu/Pooling/cat_dog_data/test_set/test_set/cats/cat.4121.jpg,0,0,1.0,1.8978972e-16
/data/Zeyu/Pooling/cat_dog_data/test_set/test_set/cats/cat.4122.jpg,0,0,1.0,0.0
/data/Zeyu/Pooling/cat_dog_data/test_set/test_set/cats/cat.4123.jpg,0,0,1.0,3.121907e-13
/data/Zeyu/Pooling/cat_dog_data/test_set/test_set/cats/cat.4124.jpg,0,0,1.0,0.0
/data/Zeyu/Pooling/cat_dog_data/test_set/test_set/cats/cat.4125.jpg,0,0,1.0,2.8195865e-08
/data/Zeyu/Pooling/cat_dog_data/test_set/test_set/cats/cat.4126.jpg,0,0,1.0,1.9109113e-13
/data/Zeyu/Pooling/cat_dog_data/test_set/test_set/cats/cat.4127.jpg,0,0,1.0,0.0
/data/Zeyu/Pooling/cat_dog_data/test_set/test_set/cats/cat.4128.jpg,0,0,1.0,9.021774e-25
/data/Zeyu/Pooling/cat_dog_data/test_set/test_set/cats/cat.4001.jpg,0,0,1.0,0.0
/data/Zeyu/Pooling/cat_dog_data/test_set/test_set/cats/cat.4002.jpg,0,0,1.0,5.1746956e-36
/data/Zeyu/Pooling/cat_dog_data/test_set/test_set/cats/cat.4003.jpg,0,0,1.0,4.2264652e-08
/data/Zeyu/Pooling/cat_dog_data/test_set/test_set/cats/cat.4004.jpg,0,1,0.0036058552,0.9963941
/data/Zeyu/Pooling/cat_dog_data/test_set/test_set/cats/cat.4005.jpg,0,0,1.0,3.6695225e-20
/data/Zeyu/Pooling/cat_dog_data/test_set/test_set/cats/cat.4006.jpg,0,0,1.0,0.0
/data/Zeyu/Pooling/cat_dog_data/test_set/test_set/cats/cat.4007.jpg,0,0,1.0,0.0
/data/Zeyu/Pooling/cat_dog_data/test_set/test_set/cats/cat.4008.jpg,0,0,1.0,0.0
/data/Zeyu/Pooling/cat_dog_data/test_set/test_set/cats/cat.4009.jpg,0,0,1.0,0.0
/data/Zeyu/Pooling/cat_dog_data/test_set/test_set/cats/cat.4010.jpg,0,0,1.0,1.6824e-41
/data/Zeyu/Pooling/cat_dog_data/test_set/test_set/cats/cat.4011.jpg,0,0,0.9973354,0.002664572
/data/Zeyu/Pooling/cat_dog_data/test_set/test_set/cats/cat.4012.jpg,0,0,1.0,0.0
/data/Zeyu/Pooling/cat_dog_data/test_set/test_set/cats/cat.4013.jpg,0,0,1.0,0.0
/data/Zeyu/Pooling/cat_dog_data/test_set/test_set/cats/cat.4014.jpg,0,0,1.0,0.0
/data/Zeyu/Pooling/cat_dog_data/test_set/test_set/cats/cat.4015.jpg,0,0,1.0,0.0
/data/Zeyu/Pooling/cat_dog_data/test_set/test_set/cats/cat.4016.jpg,0,0,1.0,0.0
/data/Zeyu/Pooling/cat_dog_data/test_set/test_set/cats/cat.4017.jpg,0,0,0.9051188,0.09488117
/data/Zeyu/Pooling/cat_dog_data/test_set/test_set/cats/cat.4018.jpg,0,0,1.0,4.5639094e-25
/data/Zeyu/Pooling/cat_dog_data/test_set/test_set/cats/cat.4019.jpg,0,0,1.0,4.5639094e-25
/data/Zeyu/Pooling/cat_dog_data/test_set/test_set/cats/cat.4020.jpg,0,0,1.0,1.6309607e-13
/data/Zeyu/Pooling/cat_dog_data/test_set/test_set/cats/cat.4021.jpg,0,0,1.0,0.0
/data/Zeyu/Pooling/cat_dog_data/test_set/test_set/cats/cat.4022.jpg,0,0,1.0,0.0
/data/Zeyu/Pooling/cat_dog_data/test_set/test_set/cats/cat.4023.jpg,0,0,1.0,1.7647111e-12
/data/Zeyu/Pooling/cat_dog_data/test_set/test_set/cats/cat.4024.jpg,0,0,1.0,0.0
/data/Zeyu/Pooling/cat_dog_data/test_set/test_set/cats/cat.4025.jpg,0,0,1.0,0.0
/data/Zeyu/Pooling/cat_dog_data/test_set/test_set/cats/cat.4026.jpg,0,0,0.99999297,6.991072e-06
/data/Zeyu/Pooling/cat_dog_data/test_set/test_set/cats/cat.4027.jpg,0,1,0.25468048,0.7453195
/data/Zeyu/Pooling/cat_dog_data/test_set/test_set/cats/cat.4028.jpg,0,0,1.0,0.0
/data/Zeyu/Pooling/cat_dog_data/test_set/test_set/cats/cat.4029.jpg,0,0,1.0,2.473756e-25
/data/Zeyu/Pooling/cat_dog_data/test_set/test_set/cats/cat.4030.jpg,0,0,1.0,3.3527838e-19
/data/Zeyu/Pooling/cat_dog_data/test_set/test_set/cats/cat.4031.jpg,0,0,1.0,1.9695714e-12
/data/Zeyu/Pooling/cat_dog_data/test_set/test_set/cats/cat.4032.jpg,0,0,1.0,0.0
/data/Zeyu/Pooling/cat_dog_data/test_set/test_set/cats/cat.4033.jpg,0,0,1.0,0.0
/data/Zeyu/Pooling/cat_dog_data/test_set/test_set/cats/cat.4034.jpg,0,0,0.99997437,2.5681364e-05
/data/Zeyu/Pooling/cat_dog_data/test_set/test_set/cats/cat.4035.jpg,0,0,1.0,5.7260964e-21
/data/Zeyu/Pooling/cat_dog_data/test_set/test_set/cats/cat.4036.jpg,0,0,1.0,0.0
/data/Zeyu/Pooling/cat_dog_data/test_set/test_set/cats/cat.4037.jpg,0,0,1.0,0.0
/data/Zeyu/Pooling/cat_dog_data/test_set/test_set/cats/cat.4038.jpg,0,0,1.0,0.0
/data/Zeyu/Pooling/cat_dog_data/test_set/test_set/cats/cat.4039.jpg,0,0,1.0,0.0
/data/Zeyu/Pooling/cat_dog_data/test_set/test_set/cats/cat.4040.jpg,0,0,1.0,0.0
/data/Zeyu/Pooling/cat_dog_data/test_set/test_set/cats/cat.4041.jpg,0,0,1.0,2.425333e-12
/data/Zeyu/Pooling/cat_dog_data/test_set/test_set/cats/cat.4042.jpg,0,0,1.0,3.2371068e-09
/data/Zeyu/Pooling/cat_dog_data/test_set/test_set/cats/cat.4043.jpg,0,0,1.0,0.0
/data/Zeyu/Pooling/cat_dog_data/test_set/test_set/cats/cat.4044.jpg,0,0,1.0,0.0
/data/Zeyu/Pooling/cat_dog_data/test_set/test_set/cats/cat.4045.jpg,0,0,1.0,5.1714116e-24
/data/Zeyu/Pooling/cat_dog_data/test_set/test_set/cats/cat.4046.jpg,0,0,0.99999976,2.641928e-07
/data/Zeyu/Pooling/cat_dog_data/test_set/test_set/cats/cat.4047.jpg,0,0,1.0,1.0628915e-08
/data/Zeyu/Pooling/cat_dog_data/test_set/test_set/cats/cat.4048.jpg,0,0,1.0,3.8071977e-33
/data/Zeyu/Pooling/cat_dog_data/test_set/test_set/cats/cat.4049.jpg,0,0,1.0,5.8735712e-21
/data/Zeyu/Pooling/cat_dog_data/test_set/test_set/cats/cat.4050.jpg,0,0,0.99999976,1.8752021e-07
/data/Zeyu/Pooling/cat_dog_data/test_set/test_set/cats/cat.4051.jpg,0,0,0.99993443,6.556629e-05
/data/Zeyu/Pooling/cat_dog_data/test_set/test_set/cats/cat.4052.jpg,0,0,1.0,0.0
/data/Zeyu/Pooling/cat_dog_data/test_set/test_set/cats/cat.4053.jpg,0,0,1.0,9.315347e-29
/data/Zeyu/Pooling/cat_dog_data/test_set/test_set/cats/cat.4054.jpg,0,0,1.0,4.2768807e-08
/data/Zeyu/Pooling/cat_dog_data/test_set/test_set/cats/cat.4055.jpg,0,0,1.0,0.0
/data/Zeyu/Pooling/cat_dog_data/test_set/test_set/cats/cat.4056.jpg,0,0,1.0,8.261945e-15
/data/Zeyu/Pooling/cat_dog_data/test_set/test_set/cats/cat.4057.jpg,0,0,1.0,0.0
/data/Zeyu/Pooling/cat_dog_data/test_set/test_set/cats/cat.4058.jpg,0,0,1.0,0.0
/data/Zeyu/Pooling/cat_dog_data/test_set/test_set/cats/cat.4059.jpg,0,0,0.9999999,1.3978993e-07
/data/Zeyu/Pooling/cat_dog_data/test_set/test_set/cats/cat.4060.jpg,0,0,1.0,1.3473685e-14
/data/Zeyu/Pooling/cat_dog_data/test_set/test_set/cats/cat.4061.jpg,0,0,0.9451776,0.05482242
/data/Zeyu/Pooling/cat_dog_data/test_set/test_set/cats/cat.4062.jpg,0,0,1.0,2.22255e-25
/data/Zeyu/Pooling/cat_dog_data/test_set/test_set/cats/cat.4063.jpg,0,0,0.96288157,0.03711846
/data/Zeyu/Pooling/cat_dog_data/test_set/test_set/cats/cat.4064.jpg,0,0,1.0,2.529351e-16
/data/Zeyu/Pooling/cat_dog_data/test_set/test_set/cats/cat.4065.jpg,0,0,1.0,1.3599153e-38
/data/Zeyu/Pooling/cat_dog_data/test_set/test_set/cats/cat.4066.jpg,0,0,1.0,6.6333064e-11
/data/Zeyu/Pooling/cat_dog_data/test_set/test_set/cats/cat.4067.jpg,0,0,1.0,0.0
/data/Zeyu/Pooling/cat_dog_data/test_set/test_set/cats/cat.4068.jpg,0,0,1.0,4.41559e-38
/data/Zeyu/Pooling/cat_dog_data/test_set/test_set/cats/cat.4069.jpg,0,0,0.99999964,3.8897466e-07
/data/Zeyu/Pooling/cat_dog_data/test_set/test_set/cats/cat.4070.jpg,0,0,1.0,0.0
/data/Zeyu/Pooling/cat_dog_data/test_set/test_set/cats/cat.4071.jpg,0,0,1.0,1.426862e-35
/data/Zeyu/Pooling/cat_dog_data/test_set/test_set/cats/cat.4072.jpg,0,0,1.0,1.0820703e-12
/data/Zeyu/Pooling/cat_dog_data/test_set/test_set/cats/cat.4073.jpg,0,0,0.999995,5.0198355e-06
/data/Zeyu/Pooling/cat_dog_data/test_set/test_set/cats/cat.4074.jpg,0,0,1.0,0.0
/data/Zeyu/Pooling/cat_dog_data/test_set/test_set/cats/cat.4075.jpg,0,0,0.9966492,0.0033508344
/data/Zeyu/Pooling/cat_dog_data/test_set/test_set/cats/cat.4076.jpg,0,0,1.0,3.1397844e-14
/data/Zeyu/Pooling/cat_dog_data/test_set/test_set/cats/cat.4077.jpg,0,0,0.9999999,6.807309e-08
/data/Zeyu/Pooling/cat_dog_data/test_set/test_set/cats/cat.4078.jpg,0,0,1.0,0.0
/data/Zeyu/Pooling/cat_dog_data/test_set/test_set/cats/cat.4079.jpg,0,0,0.9999999,1.7058012e-07
/data/Zeyu/Pooling/cat_dog_data/test_set/test_set/cats/cat.4080.jpg,0,0,1.0,3.0381168e-20
/data/Zeyu/Pooling/cat_dog_data/test_set/test_set/cats/cat.4081.jpg,0,0,1.0,0.0
/data/Zeyu/Pooling/cat_dog_data/test_set/test_set/cats/cat.4082.jpg,0,0,1.0,1.1646395e-24
/data/Zeyu/Pooling/cat_dog_data/test_set/test_set/cats/cat.4083.jpg,0,0,0.9999974,2.6658988e-06
/data/Zeyu/Pooling/cat_dog_data/test_set/test_set/cats/cat.4084.jpg,0,0,1.0,0.0
/data/Zeyu/Pooling/cat_dog_data/test_set/test_set/cats/cat.4085.jpg,0,0,1.0,1.7121332e-20
/data/Zeyu/Pooling/cat_dog_data/test_set/test_set/cats/cat.4086.jpg,0,0,0.99989915,0.000100890014
/data/Zeyu/Pooling/cat_dog_data/test_set/test_set/cats/cat.4087.jpg,0,0,1.0,5.2976307e-14
/data/Zeyu/Pooling/cat_dog_data/test_set/test_set/cats/cat.4088.jpg,0,0,1.0,3.5836012e-28
/data/Zeyu/Pooling/cat_dog_data/test_set/test_set/cats/cat.4089.jpg,0,0,1.0,1.600191e-23
/data/Zeyu/Pooling/cat_dog_data/test_set/test_set/cats/cat.4090.jpg,0,0,1.0,0.0
/data/Zeyu/Pooling/cat_dog_data/test_set/test_set/cats/cat.4091.jpg,0,0,0.5779565,0.4220435
/data/Zeyu/Pooling/cat_dog_data/test_set/test_set/cats/cat.4092.jpg,0,0,1.0,4.8487516e-09
/data/Zeyu/Pooling/cat_dog_data/test_set/test_set/cats/cat.4093.jpg,0,0,1.0,3.953354e-39
/data/Zeyu/Pooling/cat_dog_data/test_set/test_set/cats/cat.4094.jpg,0,0,0.99998987,1.0191891e-05
/data/Zeyu/Pooling/cat_dog_data/test_set/test_set/cats/cat.4095.jpg,0,0,1.0,1.0553875e-25
/data/Zeyu/Pooling/cat_dog_data/test_set/test_set/cats/cat.4096.jpg,0,0,1.0,6.3718947e-10
/data/Zeyu/Pooling/cat_dog_data/test_set/test_set/cats/cat.4097.jpg,0,0,1.0,0.0
/data/Zeyu/Pooling/cat_dog_data/test_set/test_set/cats/cat.4098.jpg,0,0,1.0,1.0334127e-09
/data/Zeyu/Pooling/cat_dog_data/test_set/test_set/cats/cat.4099.jpg,0,1,0.2840244,0.71597564
/data/Zeyu/Pooling/cat_dog_data/test_set/test_set/cats/cat.4100.jpg,0,0,1.0,0.0
/data/Zeyu/Pooling/cat_dog_data/test_set/test_set/cats/cat.4101.jpg,0,0,1.0,0.0
/data/Zeyu/Pooling/cat_dog_data/test_set/test_set/cats/cat.4102.jpg,0,0,1.0,0.0
/data/Zeyu/Pooling/cat_dog_data/test_set/test_set/cats/cat.4103.jpg,0,0,1.0,3.9355725e-37
/data/Zeyu/Pooling/cat_dog_data/test_set/test_set/cats/cat.4104.jpg,0,0,1.0,5.924932e-26
/data/Zeyu/Pooling/cat_dog_data/test_set/test_set/cats/cat.4105.jpg,0,0,1.0,0.0
/data/Zeyu/Pooling/cat_dog_data/test_set/test_set/cats/cat.4106.jpg,0,0,1.0,0.0
/data/Zeyu/Pooling/cat_dog_data/test_set/test_set/cats/cat.4107.jpg,0,0,1.0,1.5643845e-19
/data/Zeyu/Pooling/cat_dog_data/test_set/test_set/cats/cat.4108.jpg,0,0,1.0,0.0
/data/Zeyu/Pooling/cat_dog_data/test_set/test_set/cats/cat.4109.jpg,0,0,1.0,0.0
/data/Zeyu/Pooling/cat_dog_data/test_set/test_set/cats/cat.4110.jpg,0,0,1.0,0.0
/data/Zeyu/Pooling/cat_dog_data/test_set/test_set/cats/cat.4111.jpg,0,0,1.0,8.142567e-18
/data/Zeyu/Pooling/cat_dog_data/test_set/test_set/cats/cat.4112.jpg,0,0,1.0,0.0
/data/Zeyu/Pooling/cat_dog_data/test_set/test_set/cats/cat.4113.jpg,0,0,1.0,0.0
/data/Zeyu/Pooling/cat_dog_data/test_set/test_set/cats/cat.4114.jpg,0,0,1.0,0.0
/data/Zeyu/Pooling/cat_dog_data/test_set/test_set/cats/cat.4115.jpg,0,0,0.68405443,0.31594557
/data/Zeyu/Pooling/cat_dog_data/test_set/test_set/cats/cat.4116.jpg,0,0,1.0,0.0
/data/Zeyu/Pooling/cat_dog_data/test_set/test_set/cats/cat.4117.jpg,0,0,1.0,5.2193065e-34
/data/Zeyu/Pooling/cat_dog_data/test_set/test_set/cats/cat.4118.jpg,0,0,0.9998635,0.00013645037
/data/Zeyu/Pooling/cat_dog_data/test_set/test_set/cats/cat.4119.jpg,0,0,1.0,1.2410925e-15
/data/Zeyu/Pooling/cat_dog_data/test_set/test_set/cats/cat.4120.jpg,0,0,0.99999964,3.865897e-07
/data/Zeyu/Pooling/cat_dog_data/test_set/test_set/cats/cat.4121.jpg,0,0,1.0,0.0
/data/Zeyu/Pooling/cat_dog_data/test_set/test_set/cats/cat.4122.jpg,0,0,1.0,7.92802e-24
/data/Zeyu/Pooling/cat_dog_data/test_set/test_set/cats/cat.4123.jpg,0,0,1.0,1.24479424e-17
/data/Zeyu/Pooling/cat_dog_data/test_set/test_set/cats/cat.4124.jpg,0,0,0.99986994,0.00013008689
/data/Zeyu/Pooling/cat_dog_data/test_set/test_set/cats/cat.4125.jpg,0,1,0.029843,0.97015697
/data/Zeyu/Pooling/cat_dog_data/test_set/test_set/cats/cat.4126.jpg,0,0,1.0,0.0
/data/Zeyu/Pooling/cat_dog_data/test_set/test_set/cats/cat.4127.jpg,0,0,1.0,1.117701e-39
/data/Zeyu/Pooling/cat_dog_data/test_set/test_set/cats/cat.4128.jpg,0,0,1.0,0.0
/data/Zeyu/Pooling/cat_dog_data/test_set/test_set/cats/cat.4001.jpg,0,0,1.0,0.0
/data/Zeyu/Pooling/cat_dog_data/test_set/test_set/cats/cat.4002.jpg,0,0,1.0,8.2671786e-11
/data/Zeyu/Pooling/cat_dog_data/test_set/test_set/cats/cat.4003.jpg,0,0,1.0,1.8494482e-15
/data/Zeyu/Pooling/cat_dog_data/test_set/test_set/cats/cat.4004.jpg,0,0,0.994423,0.0055770315
/data/Zeyu/Pooling/cat_dog_data/test_set/test_set/cats/cat.4005.jpg,0,0,1.0,0.0
/data/Zeyu/Pooling/cat_dog_data/test_set/test_set/cats/cat.4006.jpg,0,0,1.0,0.0
/data/Zeyu/Pooling/cat_dog_data/test_set/test_set/cats/cat.4007.jpg,0,0,1.0,0.0
/data/Zeyu/Pooling/cat_dog_data/test_set/test_set/cats/cat.4008.jpg,0,0,1.0,4.2192207e-32
/data/Zeyu/Pooling/cat_dog_data/test_set/test_set/cats/cat.4009.jpg,0,0,1.0,0.0
/data/Zeyu/Pooling/cat_dog_data/test_set/test_set/cats/cat.4010.jpg,0,0,0.9964534,0.003546572
/data/Zeyu/Pooling/cat_dog_data/test_set/test_set/cats/cat.4011.jpg,0,0,1.0,1.3089518e-10
/data/Zeyu/Pooling/cat_dog_data/test_set/test_set/cats/cat.4012.jpg,0,0,1.0,0.0
/data/Zeyu/Pooling/cat_dog_data/test_set/test_set/cats/cat.4013.jpg,0,0,1.0,1.327863e-12
/data/Zeyu/Pooling/cat_dog_data/test_set/test_set/cats/cat.4014.jpg,0,1,0.0012299734,0.99877006
/data/Zeyu/Pooling/cat_dog_data/test_set/test_set/cats/cat.4015.jpg,0,0,1.0,0.0
/data/Zeyu/Pooling/cat_dog_data/test_set/test_set/cats/cat.4016.jpg,0,0,0.7701836,0.22981639
/data/Zeyu/Pooling/cat_dog_data/test_set/test_set/cats/cat.4017.jpg,0,0,1.0,0.0
/data/Zeyu/Pooling/cat_dog_data/test_set/test_set/cats/cat.4018.jpg,0,0,1.0,0.0
/data/Zeyu/Pooling/cat_dog_data/test_set/test_set/cats/cat.4019.jpg,0,0,0.99924785,0.00075209717
/data/Zeyu/Pooling/cat_dog_data/test_set/test_set/cats/cat.4020.jpg,0,0,1.0,0.0
/data/Zeyu/Pooling/cat_dog_data/test_set/test_set/cats/cat.4021.jpg,0,0,1.0,0.0
/data/Zeyu/Pooling/cat_dog_data/test_set/test_set/cats/cat.4022.jpg,0,0,1.0,5.695603e-19
/data/Zeyu/Pooling/cat_dog_data/test_set/test_set/cats/cat.4023.jpg,0,0,1.0,3.9115315e-09
/data/Zeyu/Pooling/cat_dog_data/test_set/test_set/cats/cat.4024.jpg,0,0,1.0,1.6018226e-22
/data/Zeyu/Pooling/cat_dog_data/test_set/test_set/cats/cat.4025.jpg,0,0,1.0,8.212369e-13
/data/Zeyu/Pooling/cat_dog_data/test_set/test_set/cats/cat.4026.jpg,0,0,1.0,0.0
/data/Zeyu/Pooling/cat_dog_data/test_set/test_set/cats/cat.4027.jpg,0,0,1.0,0.0
/data/Zeyu/Pooling/cat_dog_data/test_set/test_set/cats/cat.4028.jpg,0,0,1.0,0.0
/data/Zeyu/Pooling/cat_dog_data/test_set/test_set/cats/cat.4029.jpg,0,0,0.9999939,6.079077e-06
/data/Zeyu/Pooling/cat_dog_data/test_set/test_set/cats/cat.4030.jpg,0,0,0.9999945,5.468317e-06
/data/Zeyu/Pooling/cat_dog_data/test_set/test_set/cats/cat.4031.jpg,0,0,1.0,0.0
/data/Zeyu/Pooling/cat_dog_data/test_set/test_set/cats/cat.4032.jpg,0,0,1.0,0.0
/data/Zeyu/Pooling/cat_dog_data/test_set/test_set/cats/cat.4033.jpg,0,0,1.0,0.0
/data/Zeyu/Pooling/cat_dog_data/test_set/test_set/cats/cat.4034.jpg,0,0,1.0,1.1809778e-13
/data/Zeyu/Pooling/cat_dog_data/test_set/test_set/cats/cat.4035.jpg,0,0,1.0,0.0
/data/Zeyu/Pooling/cat_dog_data/test_set/test_set/cats/cat.4036.jpg,0,0,1.0,0.0
/data/Zeyu/Pooling/cat_dog_data/test_set/test_set/cats/cat.4037.jpg,0,0,1.0,0.0
/data/Zeyu/Pooling/cat_dog_data/test_set/test_set/cats/cat.4038.jpg,0,0,1.0,0.0
/data/Zeyu/Pooling/cat_dog_data/test_set/test_set/cats/cat.4039.jpg,0,0,1.0,1.28e-43
/data/Zeyu/Pooling/cat_dog_data/test_set/test_set/cats/cat.4040.jpg,0,0,1.0,1.2490472e-16
/data/Zeyu/Pooling/cat_dog_data/test_set/test_set/cats/cat.4041.jpg,0,0,0.99997616,2.3857028e-05
/data/Zeyu/Pooling/cat_dog_data/test_set/test_set/cats/cat.4042.jpg,0,0,1.0,0.0
/data/Zeyu/Pooling/cat_dog_data/test_set/test_set/cats/cat.4043.jpg,0,0,1.0,0.0
/data/Zeyu/Pooling/cat_dog_data/test_set/test_set/cats/cat.4044.jpg,0,0,1.0,0.0
/data/Zeyu/Pooling/cat_dog_data/test_set/test_set/cats/cat.4045.jpg,0,0,0.9999106,8.942921e-05
/data/Zeyu/Pooling/cat_dog_data/test_set/test_set/cats/cat.4046.jpg,0,0,1.0,3.6231344e-20
/data/Zeyu/Pooling/cat_dog_data/test_set/test_set/cats/cat.4047.jpg,0,0,1.0,0.0
/data/Zeyu/Pooling/cat_dog_data/test_set/test_set/cats/cat.4048.jpg,0,0,0.8645831,0.13541692
/data/Zeyu/Pooling/cat_dog_data/test_set/test_set/cats/cat.4049.jpg,0,0,1.0,0.0
/data/Zeyu/Pooling/cat_dog_data/test_set/test_set/cats/cat.4050.jpg,0,0,1.0,0.0
/data/Zeyu/Pooling/cat_dog_data/test_set/test_set/cats/cat.4051.jpg,0,0,1.0,9.496994e-10
/data/Zeyu/Pooling/cat_dog_data/test_set/test_set/cats/cat.4052.jpg,0,0,1.0,3.9903383e-09
/data/Zeyu/Pooling/cat_dog_data/test_set/test_set/cats/cat.4053.jpg,0,0,1.0,0.0
/data/Zeyu/Pooling/cat_dog_data/test_set/test_set/cats/cat.4054.jpg,0,0,1.0,0.0
/data/Zeyu/Pooling/cat_dog_data/test_set/test_set/cats/cat.4055.jpg,0,0,1.0,2.8123475e-30
/data/Zeyu/Pooling/cat_dog_data/test_set/test_set/cats/cat.4056.jpg,0,0,1.0,8.310148e-15
/data/Zeyu/Pooling/cat_dog_data/test_set/test_set/cats/cat.4057.jpg,0,0,0.9260608,0.0739392
/data/Zeyu/Pooling/cat_dog_data/test_set/test_set/cats/cat.4058.jpg,0,0,1.0,3e-45
/data/Zeyu/Pooling/cat_dog_data/test_set/test_set/cats/cat.4059.jpg,0,0,1.0,0.0
/data/Zeyu/Pooling/cat_dog_data/test_set/test_set/cats/cat.4060.jpg,0,0,1.0,0.0
/data/Zeyu/Pooling/cat_dog_data/test_set/test_set/cats/cat.4061.jpg,0,0,1.0,1.7467298e-18
/data/Zeyu/Pooling/cat_dog_data/test_set/test_set/cats/cat.4062.jpg,0,0,1.0,3.9013893e-36
/data/Zeyu/Pooling/cat_dog_data/test_set/test_set/cats/cat.4063.jpg,0,0,1.0,8.8338455e-27
/data/Zeyu/Pooling/cat_dog_data/test_set/test_set/cats/cat.4064.jpg,0,0,1.0,0.0
/data/Zeyu/Pooling/cat_dog_data/test_set/test_set/cats/cat.4065.jpg,0,0,1.0,8.747045e-16
/data/Zeyu/Pooling/cat_dog_data/test_set/test_set/cats/cat.4066.jpg,0,0,1.0,0.0
/data/Zeyu/Pooling/cat_dog_data/test_set/test_set/cats/cat.4067.jpg,0,0,1.0,0.0
/data/Zeyu/Pooling/cat_dog_data/test_set/test_set/cats/cat.4068.jpg,0,0,1.0,4.2332555e-13
/data/Zeyu/Pooling/cat_dog_data/test_set/test_set/cats/cat.4069.jpg,0,0,0.98141,0.018590035
/data/Zeyu/Pooling/cat_dog_data/test_set/test_set/cats/cat.4070.jpg,0,0,0.9572779,0.04272207
/data/Zeyu/Pooling/cat_dog_data/test_set/test_set/cats/cat.4071.jpg,0,0,0.99967086,0.0003291882
/data/Zeyu/Pooling/cat_dog_data/test_set/test_set/cats/cat.4072.jpg,0,0,1.0,0.0
/data/Zeyu/Pooling/cat_dog_data/test_set/test_set/cats/cat.4073.jpg,0,0,1.0,1.1324648e-24
/data/Zeyu/Pooling/cat_dog_data/test_set/test_set/cats/cat.4074.jpg,0,0,1.0,0.0
/data/Zeyu/Pooling/cat_dog_data/test_set/test_set/cats/cat.4075.jpg,0,0,1.0,1.9416821e-16
/data/Zeyu/Pooling/cat_dog_data/test_set/test_set/cats/cat.4076.jpg,0,0,0.99997044,2.9603414e-05
/data/Zeyu/Pooling/cat_dog_data/test_set/test_set/cats/cat.4077.jpg,0,0,0.99999964,4.08691e-07
/data/Zeyu/Pooling/cat_dog_data/test_set/test_set/cats/cat.4078.jpg,0,0,0.99998903,1.09476505e-05
/data/Zeyu/Pooling/cat_dog_data/test_set/test_set/cats/cat.4079.jpg,0,0,1.0,0.0
/data/Zeyu/Pooling/cat_dog_data/test_set/test_set/cats/cat.4080.jpg,0,0,1.0,6.354643e-38
/data/Zeyu/Pooling/cat_dog_data/test_set/test_set/cats/cat.4081.jpg,0,0,1.0,9.01e-43
/data/Zeyu/Pooling/cat_dog_data/test_set/test_set/cats/cat.4082.jpg,0,0,1.0,5.0078556e-11
/data/Zeyu/Pooling/cat_dog_data/test_set/test_set/cats/cat.4083.jpg,0,0,0.99999976,2.128517e-07
/data/Zeyu/Pooling/cat_dog_data/test_set/test_set/cats/cat.4084.jpg,0,0,1.0,0.0
/data/Zeyu/Pooling/cat_dog_data/test_set/test_set/cats/cat.4085.jpg,0,0,0.9979044,0.0020955927
/data/Zeyu/Pooling/cat_dog_data/test_set/test_set/cats/cat.4086.jpg,0,0,1.0,0.0
/data/Zeyu/Pooling/cat_dog_data/test_set/test_set/cats/cat.4087.jpg,0,0,1.0,0.0
/data/Zeyu/Pooling/cat_dog_data/test_set/test_set/cats/cat.4088.jpg,0,0,1.0,0.0
/data/Zeyu/Pooling/cat_dog_data/test_set/test_set/cats/cat.4089.jpg,0,0,0.9999572,4.2815806e-05
/data/Zeyu/Pooling/cat_dog_data/test_set/test_set/cats/cat.4090.jpg,0,0,1.0,0.0
/data/Zeyu/Pooling/cat_dog_data/test_set/test_set/cats/cat.4091.jpg,0,0,0.9997185,0.00028148072
/data/Zeyu/Pooling/cat_dog_data/test_set/test_set/cats/cat.4092.jpg,0,0,1.0,2.7012947e-10
/data/Zeyu/Pooling/cat_dog_data/test_set/test_set/cats/cat.4093.jpg,0,0,1.0,0.0
/data/Zeyu/Pooling/cat_dog_data/test_set/test_set/cats/cat.4094.jpg,0,0,1.0,0.0
/data/Zeyu/Pooling/cat_dog_data/test_set/test_set/cats/cat.4095.jpg,0,0,0.9999995,5.0658707e-07
/data/Zeyu/Pooling/cat_dog_data/test_set/test_set/cats/cat.4096.jpg,0,0,1.0,2.5105171e-18
/data/Zeyu/Pooling/cat_dog_data/test_set/test_set/cats/cat.4097.jpg,0,0,1.0,0.0
/data/Zeyu/Pooling/cat_dog_data/test_set/test_set/cats/cat.4098.jpg,0,0,1.0,0.0
/data/Zeyu/Pooling/cat_dog_data/test_set/test_set/cats/cat.4099.jpg,0,0,1.0,0.0
/data/Zeyu/Pooling/cat_dog_data/test_set/test_set/cats/cat.4100.jpg,0,0,1.0,0.0
/data/Zeyu/Pooling/cat_dog_data/test_set/test_set/cats/cat.4101.jpg,0,0,1.0,2.36385e-40
/data/Zeyu/Pooling/cat_dog_data/test_set/test_set/cats/cat.4102.jpg,0,0,1.0,0.0
/data/Zeyu/Pooling/cat_dog_data/test_set/test_set/cats/cat.4103.jpg,0,0,1.0,0.0
/data/Zeyu/Pooling/cat_dog_data/test_set/test_set/cats/cat.4104.jpg,0,0,0.99999905,9.39826e-07
/data/Zeyu/Pooling/cat_dog_data/test_set/test_set/cats/cat.4105.jpg,0,0,1.0,0.0
/data/Zeyu/Pooling/cat_dog_data/test_set/test_set/cats/cat.4106.jpg,0,0,1.0,0.0
/data/Zeyu/Pooling/cat_dog_data/test_set/test_set/cats/cat.4107.jpg,0,0,1.0,1.0374725e-18
/data/Zeyu/Pooling/cat_dog_data/test_set/test_set/cats/cat.4108.jpg,0,0,1.0,8.56e-43
/data/Zeyu/Pooling/cat_dog_data/test_set/test_set/cats/cat.4109.jpg,0,1,0.1252685,0.87473154
/data/Zeyu/Pooling/cat_dog_data/test_set/test_set/cats/cat.4110.jpg,0,0,0.9951605,0.0048395456
/data/Zeyu/Pooling/cat_dog_data/test_set/test_set/cats/cat.4111.jpg,0,0,1.0,4.3886592e-21
/data/Zeyu/Pooling/cat_dog_data/test_set/test_set/cats/cat.4112.jpg,0,0,1.0,0.0
/data/Zeyu/Pooling/cat_dog_data/test_set/test_set/cats/cat.4113.jpg,0,0,1.0,0.0
/data/Zeyu/Pooling/cat_dog_data/test_set/test_set/cats/cat.4114.jpg,0,0,1.0,2.2724222e-23
/data/Zeyu/Pooling/cat_dog_data/test_set/test_set/cats/cat.4115.jpg,0,0,1.0,1.3570518e-12
/data/Zeyu/Pooling/cat_dog_data/test_set/test_set/cats/cat.4116.jpg,0,0,1.0,1.9685782e-10
/data/Zeyu/Pooling/cat_dog_data/test_set/test_set/cats/cat.4117.jpg,0,0,0.89636743,0.10363252
/data/Zeyu/Pooling/cat_dog_data/test_set/test_set/cats/cat.4118.jpg,0,0,1.0,4.772655e-18
/data/Zeyu/Pooling/cat_dog_data/test_set/test_set/cats/cat.4119.jpg,0,0,1.0,8.1832065e-17
/data/Zeyu/Pooling/cat_dog_data/test_set/test_set/cats/cat.4120.jpg,0,0,1.0,8.1832065e-17
/data/Zeyu/Pooling/cat_dog_data/test_set/test_set/cats/cat.4121.jpg,0,0,1.0,1.3109208e-10
/data/Zeyu/Pooling/cat_dog_data/test_set/test_set/cats/cat.4122.jpg,0,0,1.0,3.568237e-08
/data/Zeyu/Pooling/cat_dog_data/test_set/test_set/cats/cat.4123.jpg,0,0,1.0,0.0
/data/Zeyu/Pooling/cat_dog_data/test_set/test_set/cats/cat.4124.jpg,0,0,1.0,6.326473e-28
/data/Zeyu/Pooling/cat_dog_data/test_set/test_set/cats/cat.4125.jpg,0,0,0.99982303,0.00017697466
/data/Zeyu/Pooling/cat_dog_data/test_set/test_set/cats/cat.4126.jpg,0,0,1.0,0.0
/data/Zeyu/Pooling/cat_dog_data/test_set/test_set/cats/cat.4127.jpg,0,0,1.0,0.0
/data/Zeyu/Pooling/cat_dog_data/test_set/test_set/cats/cat.4128.jpg,0,0,1.0,1.8668477e-32
/data/Zeyu/Pooling/cat_dog_data/test_set/test_set/cats/cat.4001.jpg,0,0,0.9771792,0.022820788
/data/Zeyu/Pooling/cat_dog_data/test_set/test_set/cats/cat.4002.jpg,0,0,1.0,1.1825808e-20
/data/Zeyu/Pooling/cat_dog_data/test_set/test_set/cats/cat.4003.jpg,0,0,0.99970514,0.00029489415
/data/Zeyu/Pooling/cat_dog_data/test_set/test_set/cats/cat.4004.jpg,0,0,1.0,0.0
/data/Zeyu/Pooling/cat_dog_data/test_set/test_set/cats/cat.4005.jpg,0,0,1.0,3.365619e-22
/data/Zeyu/Pooling/cat_dog_data/test_set/test_set/cats/cat.4006.jpg,0,0,1.0,3.6527763e-13
/data/Zeyu/Pooling/cat_dog_data/test_set/test_set/cats/cat.4007.jpg,0,0,1.0,1.06667545e-26
/data/Zeyu/Pooling/cat_dog_data/test_set/test_set/cats/cat.4008.jpg,0,0,1.0,1.1937122e-09
/data/Zeyu/Pooling/cat_dog_data/test_set/test_set/cats/cat.4009.jpg,0,0,0.99999964,3.517802e-07
/data/Zeyu/Pooling/cat_dog_data/test_set/test_set/cats/cat.4010.jpg,0,0,0.9999963,3.70766e-06
/data/Zeyu/Pooling/cat_dog_data/test_set/test_set/cats/cat.4011.jpg,0,0,1.0,0.0
/data/Zeyu/Pooling/cat_dog_data/test_set/test_set/cats/cat.4012.jpg,0,0,1.0,0.0
/data/Zeyu/Pooling/cat_dog_data/test_set/test_set/cats/cat.4013.jpg,0,0,1.0,0.0
/data/Zeyu/Pooling/cat_dog_data/test_set/test_set/cats/cat.4014.jpg,0,0,0.9999641,3.590873e-05
/data/Zeyu/Pooling/cat_dog_data/test_set/test_set/cats/cat.4015.jpg,0,0,1.0,1.0951992e-27
/data/Zeyu/Pooling/cat_dog_data/test_set/test_set/cats/cat.4016.jpg,0,0,1.0,2.3813405e-09
/data/Zeyu/Pooling/cat_dog_data/test_set/test_set/cats/cat.4017.jpg,0,0,1.0,0.0
/data/Zeyu/Pooling/cat_dog_data/test_set/test_set/cats/cat.4018.jpg,0,0,1.0,4.2353424e-34
/data/Zeyu/Pooling/cat_dog_data/test_set/test_set/cats/cat.4019.jpg,0,0,0.9999999,6.65835e-08
/data/Zeyu/Pooling/cat_dog_data/test_set/test_set/cats/cat.4020.jpg,0,0,1.0,0.0
/data/Zeyu/Pooling/cat_dog_data/test_set/test_set/cats/cat.4021.jpg,0,0,1.0,1.8684219e-25
/data/Zeyu/Pooling/cat_dog_data/test_set/test_set/cats/cat.4022.jpg,0,0,1.0,0.0
/data/Zeyu/Pooling/cat_dog_data/test_set/test_set/cats/cat.4023.jpg,0,0,1.0,9.135436e-17
/data/Zeyu/Pooling/cat_dog_data/test_set/test_set/cats/cat.4024.jpg,0,0,1.0,0.0
/data/Zeyu/Pooling/cat_dog_data/test_set/test_set/cats/cat.4025.jpg,0,0,1.0,0.0
/data/Zeyu/Pooling/cat_dog_data/test_set/test_set/cats/cat.4026.jpg,0,0,0.9995621,0.00043786207
/data/Zeyu/Pooling/cat_dog_data/test_set/test_set/cats/cat.4027.jpg,0,0,0.9999999,7.21417e-08
/data/Zeyu/Pooling/cat_dog_data/test_set/test_set/cats/cat.4028.jpg,0,0,1.0,0.0
/data/Zeyu/Pooling/cat_dog_data/test_set/test_set/cats/cat.4029.jpg,0,0,1.0,3.2071042e-35
/data/Zeyu/Pooling/cat_dog_data/test_set/test_set/cats/cat.4030.jpg,0,0,1.0,4.3201722e-37
/data/Zeyu/Pooling/cat_dog_data/test_set/test_set/cats/cat.4031.jpg,0,0,1.0,0.0
/data/Zeyu/Pooling/cat_dog_data/test_set/test_set/cats/cat.4032.jpg,0,0,1.0,7.99237e-15
/data/Zeyu/Pooling/cat_dog_data/test_set/test_set/cats/cat.4033.jpg,0,0,1.0,9.221402e-30
/data/Zeyu/Pooling/cat_dog_data/test_set/test_set/cats/cat.4034.jpg,0,0,1.0,0.0
/data/Zeyu/Pooling/cat_dog_data/test_set/test_set/cats/cat.4035.jpg,0,0,0.9998846,0.00011538239
/data/Zeyu/Pooling/cat_dog_data/test_set/test_set/cats/cat.4036.jpg,0,0,1.0,0.0
/data/Zeyu/Pooling/cat_dog_data/test_set/test_set/cats/cat.4037.jpg,0,0,1.0,0.0
/data/Zeyu/Pooling/cat_dog_data/test_set/test_set/cats/cat.4038.jpg,0,0,1.0,0.0
/data/Zeyu/Pooling/cat_dog_data/test_set/test_set/cats/cat.4039.jpg,0,0,0.999962,3.797599e-05
/data/Zeyu/Pooling/cat_dog_data/test_set/test_set/cats/cat.4040.jpg,0,0,1.0,3.5515108e-13
/data/Zeyu/Pooling/cat_dog_data/test_set/test_set/cats/cat.4041.jpg,0,0,1.0,2.833762e-26
/data/Zeyu/Pooling/cat_dog_data/test_set/test_set/cats/cat.4042.jpg,0,0,0.99999917,8.7294774e-07
/data/Zeyu/Pooling/cat_dog_data/test_set/test_set/cats/cat.4043.jpg,0,0,1.0,8.709065e-14
/data/Zeyu/Pooling/cat_dog_data/test_set/test_set/cats/cat.4044.jpg,0,0,1.0,5.2940832e-11
/data/Zeyu/Pooling/cat_dog_data/test_set/test_set/cats/cat.4045.jpg,0,0,1.0,0.0
/data/Zeyu/Pooling/cat_dog_data/test_set/test_set/cats/cat.4046.jpg,0,0,0.99999976,2.1088069e-07
/data/Zeyu/Pooling/cat_dog_data/test_set/test_set/cats/cat.4047.jpg,0,0,1.0,0.0
/data/Zeyu/Pooling/cat_dog_data/test_set/test_set/cats/cat.4048.jpg,0,0,1.0,0.0
/data/Zeyu/Pooling/cat_dog_data/test_set/test_set/cats/cat.4049.jpg,0,0,0.9999893,1.0734022e-05
/data/Zeyu/Pooling/cat_dog_data/test_set/test_set/cats/cat.4050.jpg,0,0,1.0,0.0
/data/Zeyu/Pooling/cat_dog_data/test_set/test_set/cats/cat.4051.jpg,0,0,1.0,1.1842418e-13
/data/Zeyu/Pooling/cat_dog_data/test_set/test_set/cats/cat.4052.jpg,0,0,1.0,5.415508e-14
/data/Zeyu/Pooling/cat_dog_data/test_set/test_set/cats/cat.4053.jpg,0,0,1.0,1.7988559e-37
/data/Zeyu/Pooling/cat_dog_data/test_set/test_set/cats/cat.4054.jpg,0,0,0.6952615,0.30473855
/data/Zeyu/Pooling/cat_dog_data/test_set/test_set/cats/cat.4055.jpg,0,0,0.9999819,1.814267e-05
/data/Zeyu/Pooling/cat_dog_data/test_set/test_set/cats/cat.4056.jpg,0,0,1.0,0.0
/data/Zeyu/Pooling/cat_dog_data/test_set/test_set/cats/cat.4057.jpg,0,1,0.000100091864,0.99989986
/data/Zeyu/Pooling/cat_dog_data/test_set/test_set/cats/cat.4058.jpg,0,0,1.0,6.4400946e-26
/data/Zeyu/Pooling/cat_dog_data/test_set/test_set/cats/cat.4059.jpg,0,0,1.0,0.0
/data/Zeyu/Pooling/cat_dog_data/test_set/test_set/cats/cat.4060.jpg,0,0,1.0,0.0
/data/Zeyu/Pooling/cat_dog_data/test_set/test_set/cats/cat.4061.jpg,0,0,1.0,0.0
/data/Zeyu/Pooling/cat_dog_data/test_set/test_set/cats/cat.4062.jpg,0,0,1.0,4.9582234e-15
/data/Zeyu/Pooling/cat_dog_data/test_set/test_set/cats/cat.4063.jpg,0,0,1.0,0.0
/data/Zeyu/Pooling/cat_dog_data/test_set/test_set/cats/cat.4064.jpg,0,0,1.0,0.0
/data/Zeyu/Pooling/cat_dog_data/test_set/test_set/cats/cat.4065.jpg,0,0,1.0,3.8078486e-12
/data/Zeyu/Pooling/cat_dog_data/test_set/test_set/cats/cat.4066.jpg,0,0,1.0,3.9725494e-11
/data/Zeyu/Pooling/cat_dog_data/test_set/test_set/cats/cat.4067.jpg,0,0,1.0,2.4473388e-36
/data/Zeyu/Pooling/cat_dog_data/test_set/test_set/cats/cat.4068.jpg,0,0,1.0,1.2995003e-08
/data/Zeyu/Pooling/cat_dog_data/test_set/test_set/cats/cat.4069.jpg,0,0,1.0,6.303143e-39
/data/Zeyu/Pooling/cat_dog_data/test_set/test_set/cats/cat.4070.jpg,0,0,1.0,1.7708225e-14
/data/Zeyu/Pooling/cat_dog_data/test_set/test_set/cats/cat.4071.jpg,0,0,1.0,0.0
/data/Zeyu/Pooling/cat_dog_data/test_set/test_set/cats/cat.4072.jpg,0,0,1.0,0.0
/data/Zeyu/Pooling/cat_dog_data/test_set/test_set/cats/cat.4073.jpg,0,0,1.0,0.0
/data/Zeyu/Pooling/cat_dog_data/test_set/test_set/cats/cat.4074.jpg,0,0,1.0,1.2755074e-36
/data/Zeyu/Pooling/cat_dog_data/test_set/test_set/cats/cat.4075.jpg,0,0,1.0,2.4018927e-11
/data/Zeyu/Pooling/cat_dog_data/test_set/test_set/cats/cat.4076.jpg,0,0,0.9999999,1.486995e-07
/data/Zeyu/Pooling/cat_dog_data/test_set/test_set/cats/cat.4077.jpg,0,0,1.0,2.282842e-21
/data/Zeyu/Pooling/cat_dog_data/test_set/test_set/cats/cat.4078.jpg,0,0,1.0,0.0
/data/Zeyu/Pooling/cat_dog_data/test_set/test_set/cats/cat.4079.jpg,0,0,1.0,0.0
/data/Zeyu/Pooling/cat_dog_data/test_set/test_set/cats/cat.4080.jpg,0,0,1.0,0.0
/data/Zeyu/Pooling/cat_dog_data/test_set/test_set/cats/cat.4081.jpg,0,0,1.0,1.7958787e-16
/data/Zeyu/Pooling/cat_dog_data/test_set/test_set/cats/cat.4082.jpg,0,0,1.0,5.2412734e-08
/data/Zeyu/Pooling/cat_dog_data/test_set/test_set/cats/cat.4083.jpg,0,0,1.0,0.0
/data/Zeyu/Pooling/cat_dog_data/test_set/test_set/cats/cat.4084.jpg,0,0,1.0,0.0
/data/Zeyu/Pooling/cat_dog_data/test_set/test_set/cats/cat.4085.jpg,0,0,1.0,0.0
/data/Zeyu/Pooling/cat_dog_data/test_set/test_set/cats/cat.4086.jpg,0,0,1.0,1.4097664e-11
/data/Zeyu/Pooling/cat_dog_data/test_set/test_set/cats/cat.4087.jpg,0,0,1.0,0.0
/data/Zeyu/Pooling/cat_dog_data/test_set/test_set/cats/cat.4088.jpg,0,0,1.0,0.0
/data/Zeyu/Pooling/cat_dog_data/test_set/test_set/cats/cat.4089.jpg,0,0,1.0,0.0
/data/Zeyu/Pooling/cat_dog_data/test_set/test_set/cats/cat.4090.jpg,0,0,1.0,0.0
/data/Zeyu/Pooling/cat_dog_data/test_set/test_set/cats/cat.4091.jpg,0,0,0.99999833,1.6582759e-06
/data/Zeyu/Pooling/cat_dog_data/test_set/test_set/cats/cat.4092.jpg,0,0,1.0,0.0
/data/Zeyu/Pooling/cat_dog_data/test_set/test_set/cats/cat.4093.jpg,0,0,1.0,0.0
/data/Zeyu/Pooling/cat_dog_data/test_set/test_set/cats/cat.4094.jpg,0,0,1.0,2.1468917e-11
/data/Zeyu/Pooling/cat_dog_data/test_set/test_set/cats/cat.4095.jpg,0,0,1.0,0.0
/data/Zeyu/Pooling/cat_dog_data/test_set/test_set/cats/cat.4096.jpg,0,0,1.0,0.0
/data/Zeyu/Pooling/cat_dog_data/test_set/test_set/cats/cat.4097.jpg,0,0,1.0,2.454307e-26
/data/Zeyu/Pooling/cat_dog_data/test_set/test_set/cats/cat.4098.jpg,0,0,0.8389391,0.16106088
/data/Zeyu/Pooling/cat_dog_data/test_set/test_set/cats/cat.4099.jpg,0,0,1.0,0.0
/data/Zeyu/Pooling/cat_dog_data/test_set/test_set/cats/cat.4100.jpg,0,0,1.0,1.3836798e-35
/data/Zeyu/Pooling/cat_dog_data/test_set/test_set/cats/cat.4101.jpg,0,0,1.0,0.0
/data/Zeyu/Pooling/cat_dog_data/test_set/test_set/cats/cat.4102.jpg,0,0,1.0,2.2568548e-08
/data/Zeyu/Pooling/cat_dog_data/test_set/test_set/cats/cat.4103.jpg,0,0,1.0,0.0
/data/Zeyu/Pooling/cat_dog_data/test_set/test_set/cats/cat.4104.jpg,0,0,1.0,0.0
/data/Zeyu/Pooling/cat_dog_data/test_set/test_set/cats/cat.4105.jpg,0,0,1.0,8.2487224e-29
/data/Zeyu/Pooling/cat_dog_data/test_set/test_set/cats/cat.4106.jpg,0,0,1.0,2.9887232e-27
/data/Zeyu/Pooling/cat_dog_data/test_set/test_set/cats/cat.4107.jpg,0,0,1.0,0.0
/data/Zeyu/Pooling/cat_dog_data/test_set/test_set/cats/cat.4108.jpg,0,0,1.0,1.4091285e-12
/data/Zeyu/Pooling/cat_dog_data/test_set/test_set/cats/cat.4109.jpg,0,0,1.0,0.0
/data/Zeyu/Pooling/cat_dog_data/test_set/test_set/cats/cat.4110.jpg,0,0,0.9878665,0.012133422
/data/Zeyu/Pooling/cat_dog_data/test_set/test_set/cats/cat.4111.jpg,0,0,1.0,1.3949256e-09
/data/Zeyu/Pooling/cat_dog_data/test_set/test_set/cats/cat.4112.jpg,0,0,1.0,0.0
/data/Zeyu/Pooling/cat_dog_data/test_set/test_set/cats/cat.4113.jpg,0,0,1.0,0.0
/data/Zeyu/Pooling/cat_dog_data/test_set/test_set/cats/cat.4114.jpg,0,0,0.8740698,0.12593019
/data/Zeyu/Pooling/cat_dog_data/test_set/test_set/cats/cat.4115.jpg,0,0,1.0,0.0
/data/Zeyu/Pooling/cat_dog_data/test_set/test_set/cats/cat.4116.jpg,0,0,1.0,0.0
/data/Zeyu/Pooling/cat_dog_data/test_set/test_set/cats/cat.4117.jpg,0,0,1.0,4.809355e-25
/data/Zeyu/Pooling/cat_dog_data/test_set/test_set/cats/cat.4118.jpg,0,0,1.0,0.0
/data/Zeyu/Pooling/cat_dog_data/test_set/test_set/cats/cat.4119.jpg,0,0,1.0,1.9649488e-12
/data/Zeyu/Pooling/cat_dog_data/test_set/test_set/cats/cat.4120.jpg,0,0,1.0,1.6970103e-18
/data/Zeyu/Pooling/cat_dog_data/test_set/test_set/cats/cat.4121.jpg,0,0,1.0,1.645e-42
/data/Zeyu/Pooling/cat_dog_data/test_set/test_set/cats/cat.4122.jpg,0,0,1.0,1.3828739e-18
/data/Zeyu/Pooling/cat_dog_data/test_set/test_set/cats/cat.4123.jpg,0,0,1.0,3.335858e-17
/data/Zeyu/Pooling/cat_dog_data/test_set/test_set/cats/cat.4124.jpg,0,1,0.0056100525,0.99438995
/data/Zeyu/Pooling/cat_dog_data/test_set/test_set/cats/cat.4125.jpg,0,0,0.9999999,1.0184133e-07
/data/Zeyu/Pooling/cat_dog_data/test_set/test_set/cats/cat.4126.jpg,0,0,1.0,0.0
/data/Zeyu/Pooling/cat_dog_data/test_set/test_set/cats/cat.4127.jpg,0,0,0.99999976,2.5647824e-07
/data/Zeyu/Pooling/cat_dog_data/test_set/test_set/cats/cat.4128.jpg,0,0,1.0,0.0
/data/Zeyu/Pooling/cat_dog_data/test_set/test_set/cats/cat.4001.jpg,0,0,1.0,0.0
/data/Zeyu/Pooling/cat_dog_data/test_set/test_set/cats/cat.4002.jpg,0,0,1.0,0.0
/data/Zeyu/Pooling/cat_dog_data/test_set/test_set/cats/cat.4003.jpg,0,0,0.9999548,4.519511e-05
/data/Zeyu/Pooling/cat_dog_data/test_set/test_set/cats/cat.4004.jpg,0,0,0.99999404,5.985384e-06
/data/Zeyu/Pooling/cat_dog_data/test_set/test_set/cats/cat.4005.jpg,0,0,1.0,4.611127e-16
/data/Zeyu/Pooling/cat_dog_data/test_set/test_set/cats/cat.4006.jpg,0,0,1.0,0.0
/data/Zeyu/Pooling/cat_dog_data/test_set/test_set/cats/cat.4007.jpg,0,0,0.9999999,9.483173e-08
/data/Zeyu/Pooling/cat_dog_data/test_set/test_set/cats/cat.4008.jpg,0,0,1.0,0.0
/data/Zeyu/Pooling/cat_dog_data/test_set/test_set/cats/cat.4009.jpg,0,0,1.0,1.299626e-39
/data/Zeyu/Pooling/cat_dog_data/test_set/test_set/cats/cat.4010.jpg,0,0,1.0,9.5357325e-24
/data/Zeyu/Pooling/cat_dog_data/test_set/test_set/cats/cat.4011.jpg,0,0,1.0,1.9916233e-14
/data/Zeyu/Pooling/cat_dog_data/test_set/test_set/cats/cat.4012.jpg,0,1,0.31580222,0.6841978
/data/Zeyu/Pooling/cat_dog_data/test_set/test_set/cats/cat.4013.jpg,0,0,1.0,6.39603e-40
/data/Zeyu/Pooling/cat_dog_data/test_set/test_set/cats/cat.4014.jpg,0,0,0.9996202,0.00037973537
/data/Zeyu/Pooling/cat_dog_data/test_set/test_set/cats/cat.4015.jpg,0,0,1.0,1.36815066e-14
/data/Zeyu/Pooling/cat_dog_data/test_set/test_set/cats/cat.4016.jpg,0,0,1.0,1.5560884e-18
/data/Zeyu/Pooling/cat_dog_data/test_set/test_set/cats/cat.4017.jpg,0,0,1.0,0.0
/data/Zeyu/Pooling/cat_dog_data/test_set/test_set/cats/cat.4018.jpg,0,0,1.0,2.8465166e-24
/data/Zeyu/Pooling/cat_dog_data/test_set/test_set/cats/cat.4019.jpg,0,0,1.0,0.0
/data/Zeyu/Pooling/cat_dog_data/test_set/test_set/cats/cat.4020.jpg,0,0,1.0,1.0482196e-10
/data/Zeyu/Pooling/cat_dog_data/test_set/test_set/cats/cat.4021.jpg,0,0,0.9999263,7.368713e-05
/data/Zeyu/Pooling/cat_dog_data/test_set/test_set/cats/cat.4022.jpg,0,0,0.9999931,6.884334e-06
/data/Zeyu/Pooling/cat_dog_data/test_set/test_set/cats/cat.4023.jpg,0,0,1.0,0.0
/data/Zeyu/Pooling/cat_dog_data/test_set/test_set/cats/cat.4024.jpg,0,0,0.9999957,4.3022624e-06
/data/Zeyu/Pooling/cat_dog_data/test_set/test_set/cats/cat.4025.jpg,0,0,1.0,3.453885e-27
/data/Zeyu/Pooling/cat_dog_data/test_set/test_set/cats/cat.4026.jpg,0,0,1.0,2.3573022e-14
/data/Zeyu/Pooling/cat_dog_data/test_set/test_set/cats/cat.4027.jpg,0,0,1.0,0.0
/data/Zeyu/Pooling/cat_dog_data/test_set/test_set/cats/cat.4028.jpg,0,0,1.0,0.0
/data/Zeyu/Pooling/cat_dog_data/test_set/test_set/cats/cat.4029.jpg,0,1,0.24755381,0.7524462
/data/Zeyu/Pooling/cat_dog_data/test_set/test_set/cats/cat.4030.jpg,0,0,1.0,0.0
/data/Zeyu/Pooling/cat_dog_data/test_set/test_set/cats/cat.4031.jpg,0,0,1.0,0.0
/data/Zeyu/Pooling/cat_dog_data/test_set/test_set/cats/cat.4032.jpg,0,0,0.99998987,1.015512e-05
/data/Zeyu/Pooling/cat_dog_data/test_set/test_set/cats/cat.4033.jpg,0,0,1.0,1.0682795e-19
/data/Zeyu/Pooling/cat_dog_data/test_set/test_set/cats/cat.4034.jpg,0,0,1.0,6.407031e-36
/data/Zeyu/Pooling/cat_dog_data/test_set/test_set/cats/cat.4035.jpg,0,0,1.0,0.0
/data/Zeyu/Pooling/cat_dog_data/test_set/test_set/cats/cat.4036.jpg,0,0,1.0,0.0
/data/Zeyu/Pooling/cat_dog_data/test_set/test_set/cats/cat.4037.jpg,0,0,1.0,2.6248602e-21
/data/Zeyu/Pooling/cat_dog_data/test_set/test_set/cats/cat.4038.jpg,0,0,1.0,0.0
/data/Zeyu/Pooling/cat_dog_data/test_set/test_set/cats/cat.4039.jpg,0,0,1.0,0.0
/data/Zeyu/Pooling/cat_dog_data/test_set/test_set/cats/cat.4040.jpg,0,0,1.0,0.0
/data/Zeyu/Pooling/cat_dog_data/test_set/test_set/cats/cat.4041.jpg,0,0,0.9998752,0.00012475254
/data/Zeyu/Pooling/cat_dog_data/test_set/test_set/cats/cat.4042.jpg,0,0,1.0,0.0
/data/Zeyu/Pooling/cat_dog_data/test_set/test_set/cats/cat.4043.jpg,0,0,1.0,1.0784874e-19
/data/Zeyu/Pooling/cat_dog_data/test_set/test_set/cats/cat.4044.jpg,0,0,1.0,2.1715296e-24
/data/Zeyu/Pooling/cat_dog_data/test_set/test_set/cats/cat.4045.jpg,0,0,1.0,2.1715296e-24
/data/Zeyu/Pooling/cat_dog_data/test_set/test_set/cats/cat.4046.jpg,0,0,1.0,0.0
/data/Zeyu/Pooling/cat_dog_data/test_set/test_set/cats/cat.4047.jpg,0,0,1.0,6.310872e-11
/data/Zeyu/Pooling/cat_dog_data/test_set/test_set/cats/cat.4048.jpg,0,0,1.0,0.0
/data/Zeyu/Pooling/cat_dog_data/test_set/test_set/cats/cat.4049.jpg,0,0,0.9891164,0.01088358
/data/Zeyu/Pooling/cat_dog_data/test_set/test_set/cats/cat.4050.jpg,0,0,1.0,0.0
/data/Zeyu/Pooling/cat_dog_data/test_set/test_set/cats/cat.4051.jpg,0,1,0.2124215,0.78757846
/data/Zeyu/Pooling/cat_dog_data/test_set/test_set/cats/cat.4052.jpg,0,0,1.0,6.0369664e-14
/data/Zeyu/Pooling/cat_dog_data/test_set/test_set/cats/cat.4053.jpg,0,0,1.0,0.0
/data/Zeyu/Pooling/cat_dog_data/test_set/test_set/cats/cat.4054.jpg,0,0,1.0,0.0
/data/Zeyu/Pooling/cat_dog_data/test_set/test_set/cats/cat.4055.jpg,0,0,1.0,0.0
/data/Zeyu/Pooling/cat_dog_data/test_set/test_set/cats/cat.4056.jpg,0,0,0.99995816,4.1783795e-05
/data/Zeyu/Pooling/cat_dog_data/test_set/test_set/cats/cat.4057.jpg,0,1,0.23435791,0.76564205
/data/Zeyu/Pooling/cat_dog_data/test_set/test_set/cats/cat.4058.jpg,0,0,1.0,4.8348803e-13
/data/Zeyu/Pooling/cat_dog_data/test_set/test_set/cats/cat.4059.jpg,0,0,0.99852353,0.0014765301
/data/Zeyu/Pooling/cat_dog_data/test_set/test_set/cats/cat.4060.jpg,0,0,0.99852353,0.0014765301
/data/Zeyu/Pooling/cat_dog_data/test_set/test_set/cats/cat.4061.jpg,0,0,0.9999988,1.2039576e-06
/data/Zeyu/Pooling/cat_dog_data/test_set/test_set/cats/cat.4062.jpg,0,0,1.0,6.855462e-10
/data/Zeyu/Pooling/cat_dog_data/test_set/test_set/cats/cat.4063.jpg,0,0,1.0,0.0
/data/Zeyu/Pooling/cat_dog_data/test_set/test_set/cats/cat.4064.jpg,0,0,0.9999969,3.128107e-06
/data/Zeyu/Pooling/cat_dog_data/test_set/test_set/cats/cat.4065.jpg,0,0,1.0,0.0
/data/Zeyu/Pooling/cat_dog_data/test_set/test_set/cats/cat.4066.jpg,0,0,1.0,0.0
/data/Zeyu/Pooling/cat_dog_data/test_set/test_set/cats/cat.4067.jpg,0,0,1.0,0.0
/data/Zeyu/Pooling/cat_dog_data/test_set/test_set/cats/cat.4068.jpg,0,0,1.0,1.04578546e-32
/data/Zeyu/Pooling/cat_dog_data/test_set/test_set/cats/cat.4069.jpg,0,0,1.0,1.4340792e-38
/data/Zeyu/Pooling/cat_dog_data/test_set/test_set/cats/cat.4070.jpg,0,1,0.17369974,0.82630026
/data/Zeyu/Pooling/cat_dog_data/test_set/test_set/cats/cat.4071.jpg,0,0,1.0,3.791332e-16
/data/Zeyu/Pooling/cat_dog_data/test_set/test_set/cats/cat.4072.jpg,0,0,1.0,0.0
/data/Zeyu/Pooling/cat_dog_data/test_set/test_set/cats/cat.4073.jpg,0,0,1.0,0.0
/data/Zeyu/Pooling/cat_dog_data/test_set/test_set/cats/cat.4074.jpg,0,0,1.0,1.2954132e-10
/data/Zeyu/Pooling/cat_dog_data/test_set/test_set/cats/cat.4075.jpg,0,0,1.0,0.0
/data/Zeyu/Pooling/cat_dog_data/test_set/test_set/cats/cat.4076.jpg,0,0,0.9770657,0.022934314
/data/Zeyu/Pooling/cat_dog_data/test_set/test_set/cats/cat.4077.jpg,0,0,1.0,9.8793e-41
/data/Zeyu/Pooling/cat_dog_data/test_set/test_set/cats/cat.4078.jpg,0,0,1.0,0.0
/data/Zeyu/Pooling/cat_dog_data/test_set/test_set/cats/cat.4079.jpg,0,0,1.0,3.447457e-22
/data/Zeyu/Pooling/cat_dog_data/test_set/test_set/cats/cat.4080.jpg,0,0,1.0,7.9613004e-23
/data/Zeyu/Pooling/cat_dog_data/test_set/test_set/cats/cat.4081.jpg,0,0,1.0,1.07010144e-10
/data/Zeyu/Pooling/cat_dog_data/test_set/test_set/cats/cat.4082.jpg,0,0,1.0,1.2686708e-35
/data/Zeyu/Pooling/cat_dog_data/test_set/test_set/cats/cat.4083.jpg,0,0,1.0,6.381013e-11
/data/Zeyu/Pooling/cat_dog_data/test_set/test_set/cats/cat.4084.jpg,0,0,1.0,1.2309154e-11
/data/Zeyu/Pooling/cat_dog_data/test_set/test_set/cats/cat.4085.jpg,0,0,1.0,5.22607e-08
/data/Zeyu/Pooling/cat_dog_data/test_set/test_set/cats/cat.4086.jpg,0,0,1.0,2.628448e-28
/data/Zeyu/Pooling/cat_dog_data/test_set/test_set/cats/cat.4087.jpg,0,1,0.1835126,0.81648743
/data/Zeyu/Pooling/cat_dog_data/test_set/test_set/cats/cat.4088.jpg,0,1,0.04097885,0.95902115
/data/Zeyu/Pooling/cat_dog_data/test_set/test_set/cats/cat.4089.jpg,0,0,1.0,1.1868524e-11
/data/Zeyu/Pooling/cat_dog_data/test_set/test_set/cats/cat.4090.jpg,0,0,1.0,8.343207e-13
/data/Zeyu/Pooling/cat_dog_data/test_set/test_set/cats/cat.4091.jpg,0,0,1.0,0.0
/data/Zeyu/Pooling/cat_dog_data/test_set/test_set/cats/cat.4092.jpg,0,0,1.0,2.887344e-15
/data/Zeyu/Pooling/cat_dog_data/test_set/test_set/cats/cat.4093.jpg,0,0,1.0,0.0
/data/Zeyu/Pooling/cat_dog_data/test_set/test_set/cats/cat.4094.jpg,0,0,1.0,7.2033146e-10
/data/Zeyu/Pooling/cat_dog_data/test_set/test_set/cats/cat.4095.jpg,0,0,0.6791416,0.32085842
/data/Zeyu/Pooling/cat_dog_data/test_set/test_set/cats/cat.4096.jpg,0,0,1.0,2.5255215e-10
/data/Zeyu/Pooling/cat_dog_data/test_set/test_set/cats/cat.4097.jpg,0,0,1.0,6.4414335e-11
/data/Zeyu/Pooling/cat_dog_data/test_set/test_set/cats/cat.4098.jpg,0,0,1.0,1.4563242e-15
/data/Zeyu/Pooling/cat_dog_data/test_set/test_set/cats/cat.4099.jpg,0,0,1.0,0.0
/data/Zeyu/Pooling/cat_dog_data/test_set/test_set/cats/cat.4100.jpg,0,0,1.0,1.6599942e-13
/data/Zeyu/Pooling/cat_dog_data/test_set/test_set/cats/cat.4101.jpg,0,0,1.0,0.0
/data/Zeyu/Pooling/cat_dog_data/test_set/test_set/cats/cat.4102.jpg,0,0,1.0,0.0
/data/Zeyu/Pooling/cat_dog_data/test_set/test_set/cats/cat.4103.jpg,0,0,1.0,3.6678283e-13
/data/Zeyu/Pooling/cat_dog_data/test_set/test_set/cats/cat.4104.jpg,0,0,1.0,5.2475304e-21
/data/Zeyu/Pooling/cat_dog_data/test_set/test_set/cats/cat.4105.jpg,0,0,1.0,1.9e-43
/data/Zeyu/Pooling/cat_dog_data/test_set/test_set/cats/cat.4106.jpg,0,0,1.0,1.25919275e-11
/data/Zeyu/Pooling/cat_dog_data/test_set/test_set/cats/cat.4107.jpg,0,0,1.0,0.0
/data/Zeyu/Pooling/cat_dog_data/test_set/test_set/cats/cat.4108.jpg,0,0,1.0,0.0
/data/Zeyu/Pooling/cat_dog_data/test_set/test_set/cats/cat.4109.jpg,0,0,1.0,0.0
/data/Zeyu/Pooling/cat_dog_data/test_set/test_set/cats/cat.4110.jpg,0,0,1.0,0.0
/data/Zeyu/Pooling/cat_dog_data/test_set/test_set/cats/cat.4111.jpg,0,0,0.9999994,6.382672e-07
/data/Zeyu/Pooling/cat_dog_data/test_set/test_set/cats/cat.4112.jpg,0,0,1.0,4.404186e-11
/data/Zeyu/Pooling/cat_dog_data/test_set/test_set/cats/cat.4113.jpg,0,0,1.0,0.0
/data/Zeyu/Pooling/cat_dog_data/test_set/test_set/cats/cat.4114.jpg,0,0,1.0,0.0
/data/Zeyu/Pooling/cat_dog_data/test_set/test_set/cats/cat.4115.jpg,0,0,1.0,0.0
/data/Zeyu/Pooling/cat_dog_data/test_set/test_set/cats/cat.4116.jpg,0,0,0.999961,3.8956925e-05
/data/Zeyu/Pooling/cat_dog_data/test_set/test_set/cats/cat.4117.jpg,0,0,0.65958405,0.340416
/data/Zeyu/Pooling/cat_dog_data/test_set/test_set/cats/cat.4118.jpg,0,0,0.99999976,1.9479874e-07
/data/Zeyu/Pooling/cat_dog_data/test_set/test_set/cats/cat.4119.jpg,0,0,1.0,3.0421666e-26
/data/Zeyu/Pooling/cat_dog_data/test_set/test_set/cats/cat.4120.jpg,0,0,1.0,0.0
/data/Zeyu/Pooling/cat_dog_data/test_set/test_set/cats/cat.4121.jpg,0,0,1.0,1.9278907e-28
/data/Zeyu/Pooling/cat_dog_data/test_set/test_set/cats/cat.4122.jpg,0,0,0.99996877,3.123037e-05
/data/Zeyu/Pooling/cat_dog_data/test_set/test_set/cats/cat.4123.jpg,0,0,0.9985934,0.0014066511
/data/Zeyu/Pooling/cat_dog_data/test_set/test_set/cats/cat.4124.jpg,0,0,1.0,0.0
/data/Zeyu/Pooling/cat_dog_data/test_set/test_set/cats/cat.4125.jpg,0,0,1.0,0.0
/data/Zeyu/Pooling/cat_dog_data/test_set/test_set/cats/cat.4126.jpg,0,0,1.0,0.0
/data/Zeyu/Pooling/cat_dog_data/test_set/test_set/cats/cat.4127.jpg,0,0,1.0,8.275283e-16
/data/Zeyu/Pooling/cat_dog_data/test_set/test_set/cats/cat.4128.jpg,0,1,0.00047567268,0.99952435
/data/Zeyu/Pooling/cat_dog_data/test_set/test_set/cats/cat.4001.jpg,0,0,1.0,6.5841863e-29
/data/Zeyu/Pooling/cat_dog_data/test_set/test_set/cats/cat.4002.jpg,0,0,1.0,0.0
/data/Zeyu/Pooling/cat_dog_data/test_set/test_set/cats/cat.4003.jpg,0,0,1.0,0.0
/data/Zeyu/Pooling/cat_dog_data/test_set/test_set/cats/cat.4004.jpg,0,1,0.16384484,0.8361552
/data/Zeyu/Pooling/cat_dog_data/test_set/test_set/cats/cat.4005.jpg,0,0,1.0,3.766176e-17
/data/Zeyu/Pooling/cat_dog_data/test_set/test_set/cats/cat.4006.jpg,0,0,1.0,0.0
/data/Zeyu/Pooling/cat_dog_data/test_set/test_set/cats/cat.4007.jpg,0,0,1.0,6.924735e-09
/data/Zeyu/Pooling/cat_dog_data/test_set/test_set/cats/cat.4008.jpg,0,0,1.0,1.5887836e-19
/data/Zeyu/Pooling/cat_dog_data/test_set/test_set/cats/cat.4009.jpg,0,0,1.0,0.0
/data/Zeyu/Pooling/cat_dog_data/test_set/test_set/cats/cat.4010.jpg,0,0,1.0,0.0
/data/Zeyu/Pooling/cat_dog_data/test_set/test_set/cats/cat.4011.jpg,0,0,1.0,0.0
/data/Zeyu/Pooling/cat_dog_data/test_set/test_set/cats/cat.4012.jpg,0,0,1.0,0.0
/data/Zeyu/Pooling/cat_dog_data/test_set/test_set/cats/cat.4013.jpg,0,0,1.0,0.0
/data/Zeyu/Pooling/cat_dog_data/test_set/test_set/cats/cat.4014.jpg,0,0,1.0,1.3604141e-22
/data/Zeyu/Pooling/cat_dog_data/test_set/test_set/cats/cat.4015.jpg,0,0,1.0,1.5485104e-16
/data/Zeyu/Pooling/cat_dog_data/test_set/test_set/cats/cat.4016.jpg,0,0,0.9969812,0.0030188323
/data/Zeyu/Pooling/cat_dog_data/test_set/test_set/cats/cat.4017.jpg,0,0,1.0,0.0
/data/Zeyu/Pooling/cat_dog_data/test_set/test_set/cats/cat.4018.jpg,0,0,1.0,1.753917e-30
/data/Zeyu/Pooling/cat_dog_data/test_set/test_set/cats/cat.4019.jpg,0,0,1.0,2.779041e-08
/data/Zeyu/Pooling/cat_dog_data/test_set/test_set/cats/cat.4020.jpg,0,0,1.0,1.752698e-13
/data/Zeyu/Pooling/cat_dog_data/test_set/test_set/cats/cat.4021.jpg,0,0,1.0,0.0
/data/Zeyu/Pooling/cat_dog_data/test_set/test_set/cats/cat.4022.jpg,0,0,1.0,1.0477373e-26
/data/Zeyu/Pooling/cat_dog_data/test_set/test_set/cats/cat.4023.jpg,0,0,1.0,6.9438636e-23
/data/Zeyu/Pooling/cat_dog_data/test_set/test_set/cats/cat.4024.jpg,0,0,1.0,4.283126e-08
/data/Zeyu/Pooling/cat_dog_data/test_set/test_set/cats/cat.4025.jpg,0,0,1.0,0.0
/data/Zeyu/Pooling/cat_dog_data/test_set/test_set/cats/cat.4026.jpg,0,0,1.0,0.0
/data/Zeyu/Pooling/cat_dog_data/test_set/test_set/cats/cat.4027.jpg,0,0,1.0,3.1475154e-09
/data/Zeyu/Pooling/cat_dog_data/test_set/test_set/cats/cat.4028.jpg,0,0,0.64534885,0.3546512
/data/Zeyu/Pooling/cat_dog_data/test_set/test_set/cats/cat.4029.jpg,0,0,1.0,1.2088485e-12
/data/Zeyu/Pooling/cat_dog_data/test_set/test_set/cats/cat.4030.jpg,0,1,0.18875799,0.81124204
/data/Zeyu/Pooling/cat_dog_data/test_set/test_set/cats/cat.4031.jpg,0,0,1.0,2.6976222e-11
/data/Zeyu/Pooling/cat_dog_data/test_set/test_set/cats/cat.4032.jpg,0,0,1.0,0.0
/data/Zeyu/Pooling/cat_dog_data/test_set/test_set/cats/cat.4033.jpg,0,0,1.0,0.0
/data/Zeyu/Pooling/cat_dog_data/test_set/test_set/cats/cat.4034.jpg,0,0,1.0,8.826141e-25
/data/Zeyu/Pooling/cat_dog_data/test_set/test_set/cats/cat.4035.jpg,0,0,1.0,0.0
/data/Zeyu/Pooling/cat_dog_data/test_set/test_set/cats/cat.4036.jpg,0,0,1.0,2.2122697e-09
/data/Zeyu/Pooling/cat_dog_data/test_set/test_set/cats/cat.4037.jpg,0,0,1.0,0.0
/data/Zeyu/Pooling/cat_dog_data/test_set/test_set/cats/cat.4038.jpg,0,0,1.0,2.6168799e-30
/data/Zeyu/Pooling/cat_dog_data/test_set/test_set/cats/cat.4039.jpg,0,0,1.0,0.0
/data/Zeyu/Pooling/cat_dog_data/test_set/test_set/cats/cat.4040.jpg,0,0,1.0,1.4648257e-16
/data/Zeyu/Pooling/cat_dog_data/test_set/test_set/cats/cat.4041.jpg,0,0,1.0,8.408836e-09
/data/Zeyu/Pooling/cat_dog_data/test_set/test_set/cats/cat.4042.jpg,0,0,1.0,7.3177356e-34
/data/Zeyu/Pooling/cat_dog_data/test_set/test_set/cats/cat.4043.jpg,0,0,1.0,5.826849e-18
/data/Zeyu/Pooling/cat_dog_data/test_set/test_set/cats/cat.4044.jpg,0,0,1.0,3.8810226e-14
/data/Zeyu/Pooling/cat_dog_data/test_set/test_set/cats/cat.4045.jpg,0,0,0.99994206,5.789693e-05
/data/Zeyu/Pooling/cat_dog_data/test_set/test_set/cats/cat.4046.jpg,0,0,1.0,1.819608e-23
/data/Zeyu/Pooling/cat_dog_data/test_set/test_set/cats/cat.4047.jpg,0,0,1.0,7.4419903e-13
/data/Zeyu/Pooling/cat_dog_data/test_set/test_set/cats/cat.4048.jpg,0,0,1.0,4.316942e-15
/data/Zeyu/Pooling/cat_dog_data/test_set/test_set/cats/cat.4049.jpg,0,0,1.0,0.0
/data/Zeyu/Pooling/cat_dog_data/test_set/test_set/cats/cat.4050.jpg,0,0,1.0,1.3e-44
/data/Zeyu/Pooling/cat_dog_data/test_set/test_set/cats/cat.4051.jpg,0,0,1.0,0.0
/data/Zeyu/Pooling/cat_dog_data/test_set/test_set/cats/cat.4052.jpg,0,0,0.9987643,0.0012357174
/data/Zeyu/Pooling/cat_dog_data/test_set/test_set/cats/cat.4053.jpg,0,0,1.0,0.0
/data/Zeyu/Pooling/cat_dog_data/test_set/test_set/cats/cat.4054.jpg,0,0,0.9999136,8.6388114e-05
/data/Zeyu/Pooling/cat_dog_data/test_set/test_set/cats/cat.4055.jpg,0,0,1.0,1.0924946e-21
/data/Zeyu/Pooling/cat_dog_data/test_set/test_set/cats/cat.4056.jpg,0,0,1.0,2.2280989e-20
/data/Zeyu/Pooling/cat_dog_data/test_set/test_set/cats/cat.4057.jpg,0,0,1.0,0.0
/data/Zeyu/Pooling/cat_dog_data/test_set/test_set/cats/cat.4058.jpg,0,0,1.0,0.0
/data/Zeyu/Pooling/cat_dog_data/test_set/test_set/cats/cat.4059.jpg,0,0,1.0,1.554853e-12
/data/Zeyu/Pooling/cat_dog_data/test_set/test_set/cats/cat.4060.jpg,0,0,1.0,0.0
/data/Zeyu/Pooling/cat_dog_data/test_set/test_set/cats/cat.4061.jpg,0,0,1.0,0.0
/data/Zeyu/Pooling/cat_dog_data/test_set/test_set/cats/cat.4062.jpg,0,0,0.9999881,1.1883041e-05
/data/Zeyu/Pooling/cat_dog_data/test_set/test_set/cats/cat.4063.jpg,0,0,1.0,0.0
/data/Zeyu/Pooling/cat_dog_data/test_set/test_set/cats/cat.4064.jpg,0,0,1.0,0.0
/data/Zeyu/Pooling/cat_dog_data/test_set/test_set/cats/cat.4065.jpg,0,0,0.9999132,8.679082e-05
/data/Zeyu/Pooling/cat_dog_data/test_set/test_set/cats/cat.4066.jpg,0,0,0.9994103,0.000589767
/data/Zeyu/Pooling/cat_dog_data/test_set/test_set/cats/cat.4067.jpg,0,0,0.7188231,0.2811769
/data/Zeyu/Pooling/cat_dog_data/test_set/test_set/cats/cat.4068.jpg,0,0,1.0,0.0
/data/Zeyu/Pooling/cat_dog_data/test_set/test_set/cats/cat.4069.jpg,0,0,0.9999989,1.0755557e-06
/data/Zeyu/Pooling/cat_dog_data/test_set/test_set/cats/cat.4070.jpg,0,0,1.0,1.397395e-23
/data/Zeyu/Pooling/cat_dog_data/test_set/test_set/cats/cat.4071.jpg,0,0,1.0,4.9472703e-13
/data/Zeyu/Pooling/cat_dog_data/test_set/test_set/cats/cat.4072.jpg,0,0,1.0,0.0
/data/Zeyu/Pooling/cat_dog_data/test_set/test_set/cats/cat.4073.jpg,0,0,1.0,0.0
/data/Zeyu/Pooling/cat_dog_data/test_set/test_set/cats/cat.4074.jpg,0,0,0.9999845,1.5514115e-05
/data/Zeyu/Pooling/cat_dog_data/test_set/test_set/cats/cat.4075.jpg,0,0,1.0,0.0
/data/Zeyu/Pooling/cat_dog_data/test_set/test_set/cats/cat.4076.jpg,0,0,1.0,0.0
/data/Zeyu/Pooling/cat_dog_data/test_set/test_set/cats/cat.4077.jpg,0,0,1.0,7.462276e-31
/data/Zeyu/Pooling/cat_dog_data/test_set/test_set/cats/cat.4078.jpg,0,0,1.0,6.640947e-20
/data/Zeyu/Pooling/cat_dog_data/test_set/test_set/cats/cat.4079.jpg,0,0,1.0,8.8501075e-11
/data/Zeyu/Pooling/cat_dog_data/test_set/test_set/cats/cat.4080.jpg,0,1,0.3798978,0.6201022
/data/Zeyu/Pooling/cat_dog_data/test_set/test_set/cats/cat.4081.jpg,0,0,1.0,2.1378959e-24
/data/Zeyu/Pooling/cat_dog_data/test_set/test_set/cats/cat.4082.jpg,0,0,0.99989164,0.00010838587
/data/Zeyu/Pooling/cat_dog_data/test_set/test_set/cats/cat.4083.jpg,0,1,0.04614103,0.953859
/data/Zeyu/Pooling/cat_dog_data/test_set/test_set/cats/cat.4084.jpg,0,0,1.0,0.0
/data/Zeyu/Pooling/cat_dog_data/test_set/test_set/cats/cat.4085.jpg,0,1,0.017483769,0.9825163
/data/Zeyu/Pooling/cat_dog_data/test_set/test_set/cats/cat.4086.jpg,0,0,1.0,7.7510025e-09
/data/Zeyu/Pooling/cat_dog_data/test_set/test_set/cats/cat.4087.jpg,0,0,1.0,2.2093709e-18
/data/Zeyu/Pooling/cat_dog_data/test_set/test_set/cats/cat.4088.jpg,0,0,1.0,0.0
/data/Zeyu/Pooling/cat_dog_data/test_set/test_set/cats/cat.4089.jpg,0,0,1.0,2.0453559e-16
/data/Zeyu/Pooling/cat_dog_data/test_set/test_set/cats/cat.4090.jpg,0,0,1.0,9.948065e-16
/data/Zeyu/Pooling/cat_dog_data/test_set/test_set/cats/cat.4091.jpg,0,0,0.98855686,0.011443131
/data/Zeyu/Pooling/cat_dog_data/test_set/test_set/cats/cat.4092.jpg,0,0,1.0,0.0
/data/Zeyu/Pooling/cat_dog_data/test_set/test_set/cats/cat.4093.jpg,0,0,0.99997437,2.5654781e-05
/data/Zeyu/Pooling/cat_dog_data/test_set/test_set/cats/cat.4094.jpg,0,0,1.0,0.0
/data/Zeyu/Pooling/cat_dog_data/test_set/test_set/cats/cat.4095.jpg,0,0,1.0,0.0
/data/Zeyu/Pooling/cat_dog_data/test_set/test_set/cats/cat.4096.jpg,0,0,1.0,0.0
/data/Zeyu/Pooling/cat_dog_data/test_set/test_set/cats/cat.4097.jpg,0,0,1.0,0.0
/data/Zeyu/Pooling/cat_dog_data/test_set/test_set/cats/cat.4098.jpg,0,0,1.0,0.0
/data/Zeyu/Pooling/cat_dog_data/test_set/test_set/cats/cat.4099.jpg,0,0,1.0,0.0
/data/Zeyu/Pooling/cat_dog_data/test_set/test_set/cats/cat.4100.jpg,0,0,0.92669326,0.07330674
/data/Zeyu/Pooling/cat_dog_data/test_set/test_set/cats/cat.4101.jpg,0,0,0.9999994,6.367776e-07
/data/Zeyu/Pooling/cat_dog_data/test_set/test_set/cats/cat.4102.jpg,0,0,1.0,0.0
/data/Zeyu/Pooling/cat_dog_data/test_set/test_set/cats/cat.4103.jpg,0,0,1.0,0.0
/data/Zeyu/Pooling/cat_dog_data/test_set/test_set/cats/cat.4104.jpg,0,0,1.0,1.8262132e-24
/data/Zeyu/Pooling/cat_dog_data/test_set/test_set/cats/cat.4105.jpg,0,0,1.0,0.0
/data/Zeyu/Pooling/cat_dog_data/test_set/test_set/cats/cat.4106.jpg,0,0,1.0,1.0117558e-17
/data/Zeyu/Pooling/cat_dog_data/test_set/test_set/cats/cat.4107.jpg,0,0,0.99999225,7.737313e-06
/data/Zeyu/Pooling/cat_dog_data/test_set/test_set/cats/cat.4108.jpg,0,0,1.0,1.7784221e-13
/data/Zeyu/Pooling/cat_dog_data/test_set/test_set/cats/cat.4109.jpg,0,0,1.0,0.0
/data/Zeyu/Pooling/cat_dog_data/test_set/test_set/cats/cat.4110.jpg,0,0,0.70503396,0.294966
/data/Zeyu/Pooling/cat_dog_data/test_set/test_set/cats/cat.4111.jpg,0,0,1.0,0.0
/data/Zeyu/Pooling/cat_dog_data/test_set/test_set/cats/cat.4112.jpg,0,0,1.0,0.0
/data/Zeyu/Pooling/cat_dog_data/test_set/test_set/cats/cat.4113.jpg,0,0,1.0,7.484414e-12
/data/Zeyu/Pooling/cat_dog_data/test_set/test_set/cats/cat.4114.jpg,0,0,1.0,1.862214e-28
/data/Zeyu/Pooling/cat_dog_data/test_set/test_set/cats/cat.4115.jpg,0,0,1.0,3.2955372e-31
/data/Zeyu/Pooling/cat_dog_data/test_set/test_set/cats/cat.4116.jpg,1,1,0.056424424,0.9435756
/data/Zeyu/Pooling/cat_dog_data/test_set/test_set/cats/cat.4117.jpg,1,1,7.3492585e-13,1.0
/data/Zeyu/Pooling/cat_dog_data/test_set/test_set/cats/cat.4118.jpg,1,1,6.3891794e-09,1.0
/data/Zeyu/Pooling/cat_dog_data/test_set/test_set/cats/cat.4119.jpg,1,1,1.00317015e-17,1.0
/data/Zeyu/Pooling/cat_dog_data/test_set/test_set/cats/cat.4120.jpg,1,1,1.7309621e-06,0.9999982
/data/Zeyu/Pooling/cat_dog_data/test_set/test_set/cats/cat.4121.jpg,1,1,5.2784777e-10,1.0
/data/Zeyu/Pooling/cat_dog_data/test_set/test_set/cats/cat.4122.jpg,1,1,3.1314895e-10,1.0
/data/Zeyu/Pooling/cat_dog_data/test_set/test_set/cats/cat.4123.jpg,1,1,1.9894453e-13,1.0
/data/Zeyu/Pooling/cat_dog_data/test_set/test_set/cats/cat.4124.jpg,1,1,5.2462705e-13,1.0
/data/Zeyu/Pooling/cat_dog_data/test_set/test_set/cats/cat.4125.jpg,1,1,1.3990661e-13,1.0
/data/Zeyu/Pooling/cat_dog_data/test_set/test_set/cats/cat.4126.jpg,1,1,1.7072097e-12,1.0
/data/Zeyu/Pooling/cat_dog_data/test_set/test_set/cats/cat.4127.jpg,1,1,8.937481e-16,1.0
/data/Zeyu/Pooling/cat_dog_data/test_set/test_set/cats/cat.4128.jpg,1,1,2.694182e-07,0.99999976
/data/Zeyu/Pooling/cat_dog_data/test_set/test_set/cats/cat.4001.jpg,1,1,1.6943092e-15,1.0
/data/Zeyu/Pooling/cat_dog_data/test_set/test_set/cats/cat.4002.jpg,1,1,1.5845057e-10,1.0
/data/Zeyu/Pooling/cat_dog_data/test_set/test_set/cats/cat.4003.jpg,1,1,4.137381e-15,1.0
/data/Zeyu/Pooling/cat_dog_data/test_set/test_set/cats/cat.4004.jpg,1,1,8.047273e-18,1.0
/data/Zeyu/Pooling/cat_dog_data/test_set/test_set/cats/cat.4005.jpg,1,1,2.6817524e-09,1.0
/data/Zeyu/Pooling/cat_dog_data/test_set/test_set/cats/cat.4006.jpg,1,1,8.247366e-06,0.9999918
/data/Zeyu/Pooling/cat_dog_data/test_set/test_set/cats/cat.4007.jpg,1,1,2.3632445e-14,1.0
/data/Zeyu/Pooling/cat_dog_data/test_set/test_set/cats/cat.4008.jpg,1,1,3.1293594e-09,1.0
/data/Zeyu/Pooling/cat_dog_data/test_set/test_set/cats/cat.4009.jpg,1,1,7.062281e-17,1.0
/data/Zeyu/Pooling/cat_dog_data/test_set/test_set/cats/cat.4010.jpg,1,1,7.732082e-07,0.9999993
/data/Zeyu/Pooling/cat_dog_data/test_set/test_set/cats/cat.4011.jpg,1,1,0.0048606526,0.99513936
/data/Zeyu/Pooling/cat_dog_data/test_set/test_set/cats/cat.4012.jpg,1,1,3.3169335e-20,1.0
/data/Zeyu/Pooling/cat_dog_data/test_set/test_set/cats/cat.4013.jpg,1,1,8.6015783e-10,1.0
/data/Zeyu/Pooling/cat_dog_data/test_set/test_set/cats/cat.4014.jpg,1,1,1.7089334e-23,1.0
/data/Zeyu/Pooling/cat_dog_data/test_set/test_set/cats/cat.4015.jpg,1,1,3.849907e-07,0.99999964
/data/Zeyu/Pooling/cat_dog_data/test_set/test_set/cats/cat.4016.jpg,1,1,1.7098927e-07,0.9999999
/data/Zeyu/Pooling/cat_dog_data/test_set/test_set/cats/cat.4017.jpg,1,1,1.4343364e-08,1.0
/data/Zeyu/Pooling/cat_dog_data/test_set/test_set/cats/cat.4018.jpg,1,1,3.6196816e-12,1.0
/data/Zeyu/Pooling/cat_dog_data/test_set/test_set/cats/cat.4019.jpg,1,1,3.3886316e-12,1.0
/data/Zeyu/Pooling/cat_dog_data/test_set/test_set/cats/cat.4020.jpg,1,1,5.989181e-16,1.0
/data/Zeyu/Pooling/cat_dog_data/test_set/test_set/cats/cat.4021.jpg,1,1,1.0621268e-09,1.0
/data/Zeyu/Pooling/cat_dog_data/test_set/test_set/cats/cat.4022.jpg,1,1,1.3841363e-07,0.9999999
/data/Zeyu/Pooling/cat_dog_data/test_set/test_set/cats/cat.4023.jpg,1,1,5.619298e-06,0.9999944
/data/Zeyu/Pooling/cat_dog_data/test_set/test_set/cats/cat.4024.jpg,1,1,3.1103788e-19,1.0
/data/Zeyu/Pooling/cat_dog_data/test_set/test_set/cats/cat.4025.jpg,1,1,8.216255e-13,1.0
/data/Zeyu/Pooling/cat_dog_data/test_set/test_set/cats/cat.4026.jpg,1,1,1.3096853e-15,1.0
/data/Zeyu/Pooling/cat_dog_data/test_set/test_set/cats/cat.4027.jpg,1,1,6.1490357e-12,1.0
/data/Zeyu/Pooling/cat_dog_data/test_set/test_set/cats/cat.4028.jpg,1,1,3.3081057e-17,1.0
/data/Zeyu/Pooling/cat_dog_data/test_set/test_set/cats/cat.4029.jpg,1,1,2.2827786e-12,1.0
/data/Zeyu/Pooling/cat_dog_data/test_set/test_set/cats/cat.4030.jpg,1,1,5.234683e-05,0.99994767
/data/Zeyu/Pooling/cat_dog_data/test_set/test_set/cats/cat.4031.jpg,1,1,3.8463482e-11,1.0
/data/Zeyu/Pooling/cat_dog_data/test_set/test_set/cats/cat.4032.jpg,1,1,4.7885343e-20,1.0
/data/Zeyu/Pooling/cat_dog_data/test_set/test_set/cats/cat.4033.jpg,1,1,1.4204204e-21,1.0
/data/Zeyu/Pooling/cat_dog_data/test_set/test_set/cats/cat.4034.jpg,1,1,1.0790875e-09,1.0
/data/Zeyu/Pooling/cat_dog_data/test_set/test_set/cats/cat.4035.jpg,1,1,1.1680109e-11,1.0
/data/Zeyu/Pooling/cat_dog_data/test_set/test_set/cats/cat.4036.jpg,1,1,6.2072595e-12,1.0
/data/Zeyu/Pooling/cat_dog_data/test_set/test_set/cats/cat.4037.jpg,1,1,1.4289824e-18,1.0
/data/Zeyu/Pooling/cat_dog_data/test_set/test_set/cats/cat.4038.jpg,1,1,1.9063353e-13,1.0
/data/Zeyu/Pooling/cat_dog_data/test_set/test_set/cats/cat.4039.jpg,1,1,8.473392e-18,1.0
/data/Zeyu/Pooling/cat_dog_data/test_set/test_set/cats/cat.4040.jpg,1,1,1.4601338e-16,1.0
/data/Zeyu/Pooling/cat_dog_data/test_set/test_set/cats/cat.4041.jpg,1,1,5.5427996e-11,1.0
/data/Zeyu/Pooling/cat_dog_data/test_set/test_set/cats/cat.4042.jpg,1,1,7.452593e-19,1.0
/data/Zeyu/Pooling/cat_dog_data/test_set/test_set/cats/cat.4043.jpg,1,1,2.9245933e-13,1.0
/data/Zeyu/Pooling/cat_dog_data/test_set/test_set/cats/cat.4044.jpg,1,1,2.670843e-17,1.0
/data/Zeyu/Pooling/cat_dog_data/test_set/test_set/cats/cat.4045.jpg,1,1,1.9292605e-19,1.0
/data/Zeyu/Pooling/cat_dog_data/test_set/test_set/cats/cat.4046.jpg,1,1,3.4262135e-17,1.0
/data/Zeyu/Pooling/cat_dog_data/test_set/test_set/cats/cat.4047.jpg,1,1,6.0982966e-05,0.99993896
/data/Zeyu/Pooling/cat_dog_data/test_set/test_set/cats/cat.4048.jpg,1,1,1.3403958e-15,1.0
/data/Zeyu/Pooling/cat_dog_data/test_set/test_set/cats/cat.4049.jpg,1,1,9.795457e-09,1.0
/data/Zeyu/Pooling/cat_dog_data/test_set/test_set/cats/cat.4050.jpg,1,1,2.3248882e-11,1.0
/data/Zeyu/Pooling/cat_dog_data/test_set/test_set/cats/cat.4051.jpg,1,1,6.007083e-13,1.0
/data/Zeyu/Pooling/cat_dog_data/test_set/test_set/cats/cat.4052.jpg,1,0,0.50276476,0.49723527
/data/Zeyu/Pooling/cat_dog_data/test_set/test_set/cats/cat.4053.jpg,1,1,1.9388695e-16,1.0
/data/Zeyu/Pooling/cat_dog_data/test_set/test_set/cats/cat.4054.jpg,1,1,5.837044e-16,1.0
/data/Zeyu/Pooling/cat_dog_data/test_set/test_set/cats/cat.4055.jpg,1,1,6.621761e-16,1.0
/data/Zeyu/Pooling/cat_dog_data/test_set/test_set/cats/cat.4056.jpg,1,1,0.00010245868,0.9998975
/data/Zeyu/Pooling/cat_dog_data/test_set/test_set/cats/cat.4057.jpg,1,1,1.8479671e-15,1.0
/data/Zeyu/Pooling/cat_dog_data/test_set/test_set/cats/cat.4058.jpg,1,1,6.219501e-12,1.0
/data/Zeyu/Pooling/cat_dog_data/test_set/test_set/cats/cat.4059.jpg,1,1,2.7458652e-10,1.0
/data/Zeyu/Pooling/cat_dog_data/test_set/test_set/cats/cat.4060.jpg,1,1,1.8583328e-20,1.0
/data/Zeyu/Pooling/cat_dog_data/test_set/test_set/cats/cat.4061.jpg,1,1,1.7767288e-11,1.0
/data/Zeyu/Pooling/cat_dog_data/test_set/test_set/cats/cat.4062.jpg,1,1,1.0589424e-10,1.0
/data/Zeyu/Pooling/cat_dog_data/test_set/test_set/cats/cat.4063.jpg,1,1,2.7515448e-09,1.0
/data/Zeyu/Pooling/cat_dog_data/test_set/test_set/cats/cat.4064.jpg,1,1,2.3498036e-08,1.0
/data/Zeyu/Pooling/cat_dog_data/test_set/test_set/cats/cat.4065.jpg,1,1,5.89581e-16,1.0
/data/Zeyu/Pooling/cat_dog_data/test_set/test_set/cats/cat.4066.jpg,1,1,3.2394328e-18,1.0
/data/Zeyu/Pooling/cat_dog_data/test_set/test_set/cats/cat.4067.jpg,1,1,1.6250746e-15,1.0
/data/Zeyu/Pooling/cat_dog_data/test_set/test_set/cats/cat.4068.jpg,1,1,3.9491837e-14,1.0
/data/Zeyu/Pooling/cat_dog_data/test_set/test_set/cats/cat.4069.jpg,1,1,1.16452554e-14,1.0
/data/Zeyu/Pooling/cat_dog_data/test_set/test_set/cats/cat.4070.jpg,1,1,2.1656715e-05,0.9999783
/data/Zeyu/Pooling/cat_dog_data/test_set/test_set/cats/cat.4071.jpg,1,1,2.0215763e-13,1.0
/data/Zeyu/Pooling/cat_dog_data/test_set/test_set/cats/cat.4072.jpg,1,1,1.2448058e-10,1.0
/data/Zeyu/Pooling/cat_dog_data/test_set/test_set/cats/cat.4073.jpg,1,1,8.297063e-08,0.9999999
/data/Zeyu/Pooling/cat_dog_data/test_set/test_set/cats/cat.4074.jpg,1,1,0.00012122359,0.99987876
/data/Zeyu/Pooling/cat_dog_data/test_set/test_set/cats/cat.4075.jpg,1,1,5.1149317e-15,1.0
/data/Zeyu/Pooling/cat_dog_data/test_set/test_set/cats/cat.4076.jpg,1,1,1.8688766e-06,0.9999981
/data/Zeyu/Pooling/cat_dog_data/test_set/test_set/cats/cat.4077.jpg,1,1,0.028134828,0.97186524
/data/Zeyu/Pooling/cat_dog_data/test_set/test_set/cats/cat.4078.jpg,1,1,0.0034318406,0.9965681
/data/Zeyu/Pooling/cat_dog_data/test_set/test_set/cats/cat.4079.jpg,1,1,4.1095793e-11,1.0
/data/Zeyu/Pooling/cat_dog_data/test_set/test_set/cats/cat.4080.jpg,1,1,5.2897486e-09,1.0
/data/Zeyu/Pooling/cat_dog_data/test_set/test_set/cats/cat.4081.jpg,1,1,4.57877e-05,0.9999542
/data/Zeyu/Pooling/cat_dog_data/test_set/test_set/cats/cat.4082.jpg,1,1,8.764732e-12,1.0
/data/Zeyu/Pooling/cat_dog_data/test_set/test_set/cats/cat.4083.jpg,1,1,2.5854469e-10,1.0
/data/Zeyu/Pooling/cat_dog_data/test_set/test_set/cats/cat.4084.jpg,1,1,2.1931712e-12,1.0
/data/Zeyu/Pooling/cat_dog_data/test_set/test_set/cats/cat.4085.jpg,1,1,2.813149e-06,0.99999714
/data/Zeyu/Pooling/cat_dog_data/test_set/test_set/cats/cat.4086.jpg,1,1,9.648451e-20,1.0
/data/Zeyu/Pooling/cat_dog_data/test_set/test_set/cats/cat.4087.jpg,1,1,4.6807853e-20,1.0
/data/Zeyu/Pooling/cat_dog_data/test_set/test_set/cats/cat.4088.jpg,1,1,1.3834851e-05,0.9999862
/data/Zeyu/Pooling/cat_dog_data/test_set/test_set/cats/cat.4089.jpg,1,1,1.2663163e-12,1.0
/data/Zeyu/Pooling/cat_dog_data/test_set/test_set/cats/cat.4090.jpg,1,1,4.0746637e-09,1.0
/data/Zeyu/Pooling/cat_dog_data/test_set/test_set/cats/cat.4091.jpg,1,1,8.091057e-11,1.0
/data/Zeyu/Pooling/cat_dog_data/test_set/test_set/cats/cat.4092.jpg,1,1,3.5263972e-07,0.99999964
/data/Zeyu/Pooling/cat_dog_data/test_set/test_set/cats/cat.4093.jpg,1,1,0.012260894,0.987739
/data/Zeyu/Pooling/cat_dog_data/test_set/test_set/cats/cat.4094.jpg,1,1,3.0834606e-08,1.0
/data/Zeyu/Pooling/cat_dog_data/test_set/test_set/cats/cat.4095.jpg,1,1,8.6946075e-14,1.0
/data/Zeyu/Pooling/cat_dog_data/test_set/test_set/cats/cat.4096.jpg,1,1,8.5952766e-11,1.0
/data/Zeyu/Pooling/cat_dog_data/test_set/test_set/cats/cat.4097.jpg,1,1,8.403841e-06,0.99999166
/data/Zeyu/Pooling/cat_dog_data/test_set/test_set/cats/cat.4098.jpg,1,1,4.541432e-12,1.0
/data/Zeyu/Pooling/cat_dog_data/test_set/test_set/cats/cat.4099.jpg,1,1,7.717095e-15,1.0
/data/Zeyu/Pooling/cat_dog_data/test_set/test_set/cats/cat.4100.jpg,1,1,1.9392499e-09,1.0
/data/Zeyu/Pooling/cat_dog_data/test_set/test_set/cats/cat.4101.jpg,1,1,3.3140174e-13,1.0
/data/Zeyu/Pooling/cat_dog_data/test_set/test_set/cats/cat.4102.jpg,1,1,1.7670881e-06,0.9999982
/data/Zeyu/Pooling/cat_dog_data/test_set/test_set/cats/cat.4103.jpg,1,1,8.480563e-05,0.99991524
/data/Zeyu/Pooling/cat_dog_data/test_set/test_set/cats/cat.4104.jpg,1,1,6.1161614e-07,0.9999994
/data/Zeyu/Pooling/cat_dog_data/test_set/test_set/cats/cat.4105.jpg,1,1,1.1686777e-06,0.9999988
/data/Zeyu/Pooling/cat_dog_data/test_set/test_set/cats/cat.4106.jpg,1,1,0.0012734983,0.99872655
/data/Zeyu/Pooling/cat_dog_data/test_set/test_set/cats/cat.4107.jpg,1,1,1.0827384e-17,1.0
/data/Zeyu/Pooling/cat_dog_data/test_set/test_set/cats/cat.4108.jpg,1,1,4.2729517e-15,1.0
/data/Zeyu/Pooling/cat_dog_data/test_set/test_set/cats/cat.4109.jpg,1,1,1.4838244e-15,1.0
/data/Zeyu/Pooling/cat_dog_data/test_set/test_set/cats/cat.4110.jpg,1,1,9.59037e-11,1.0
/data/Zeyu/Pooling/cat_dog_data/test_set/test_set/cats/cat.4111.jpg,1,1,1.1406435e-21,1.0
/data/Zeyu/Pooling/cat_dog_data/test_set/test_set/cats/cat.4112.jpg,1,1,7.79591e-17,1.0
/data/Zeyu/Pooling/cat_dog_data/test_set/test_set/cats/cat.4113.jpg,1,1,2.2599462e-13,1.0
/data/Zeyu/Pooling/cat_dog_data/test_set/test_set/cats/cat.4114.jpg,1,0,0.7866953,0.2133047
/data/Zeyu/Pooling/cat_dog_data/test_set/test_set/cats/cat.4115.jpg,1,1,1.4804543e-23,1.0
/data/Zeyu/Pooling/cat_dog_data/test_set/test_set/cats/cat.4116.jpg,1,0,0.54041773,0.45958224
/data/Zeyu/Pooling/cat_dog_data/test_set/test_set/cats/cat.4117.jpg,1,1,8.4082356e-05,0.99991596
/data/Zeyu/Pooling/cat_dog_data/test_set/test_set/cats/cat.4118.jpg,1,1,5.813578e-16,1.0
/data/Zeyu/Pooling/cat_dog_data/test_set/test_set/cats/cat.4119.jpg,1,1,2.3446128e-21,1.0
/data/Zeyu/Pooling/cat_dog_data/test_set/test_set/cats/cat.4120.jpg,1,1,6.3232847e-07,0.9999994
/data/Zeyu/Pooling/cat_dog_data/test_set/test_set/cats/cat.4121.jpg,1,1,0.006026066,0.9939739
/data/Zeyu/Pooling/cat_dog_data/test_set/test_set/cats/cat.4122.jpg,1,1,2.8171408e-08,1.0
/data/Zeyu/Pooling/cat_dog_data/test_set/test_set/cats/cat.4123.jpg,1,1,2.488561e-12,1.0
/data/Zeyu/Pooling/cat_dog_data/test_set/test_set/cats/cat.4124.jpg,1,1,7.3013595e-10,1.0
/data/Zeyu/Pooling/cat_dog_data/test_set/test_set/cats/cat.4125.jpg,1,1,2.9735197e-19,1.0
/data/Zeyu/Pooling/cat_dog_data/test_set/test_set/cats/cat.4126.jpg,1,1,2.779242e-12,1.0
/data/Zeyu/Pooling/cat_dog_data/test_set/test_set/cats/cat.4127.jpg,1,1,0.009016862,0.9909831
/data/Zeyu/Pooling/cat_dog_data/test_set/test_set/cats/cat.4128.jpg,1,1,3.3359253e-15,1.0
/data/Zeyu/Pooling/cat_dog_data/test_set/test_set/cats/cat.4001.jpg,1,1,0.049830474,0.95016956
/data/Zeyu/Pooling/cat_dog_data/test_set/test_set/cats/cat.4002.jpg,1,1,5.354824e-22,1.0
/data/Zeyu/Pooling/cat_dog_data/test_set/test_set/cats/cat.4003.jpg,1,1,1.3924707e-11,1.0
/data/Zeyu/Pooling/cat_dog_data/test_set/test_set/cats/cat.4004.jpg,1,1,1.2060215e-06,0.9999988
/data/Zeyu/Pooling/cat_dog_data/test_set/test_set/cats/cat.4005.jpg,1,1,5.245114e-19,1.0
/data/Zeyu/Pooling/cat_dog_data/test_set/test_set/cats/cat.4006.jpg,1,1,0.004042539,0.99595743
/data/Zeyu/Pooling/cat_dog_data/test_set/test_set/cats/cat.4007.jpg,1,1,1.4891736e-20,1.0
/data/Zeyu/Pooling/cat_dog_data/test_set/test_set/cats/cat.4008.jpg,1,1,4.3905277e-13,1.0
/data/Zeyu/Pooling/cat_dog_data/test_set/test_set/cats/cat.4009.jpg,1,1,2.068591e-15,1.0
/data/Zeyu/Pooling/cat_dog_data/test_set/test_set/cats/cat.4010.jpg,1,1,1.0304449e-16,1.0
/data/Zeyu/Pooling/cat_dog_data/test_set/test_set/cats/cat.4011.jpg,1,1,1.0358492e-05,0.9999896
/data/Zeyu/Pooling/cat_dog_data/test_set/test_set/cats/cat.4012.jpg,1,1,7.764026e-12,1.0
/data/Zeyu/Pooling/cat_dog_data/test_set/test_set/cats/cat.4013.jpg,1,1,2.2393591e-09,1.0
/data/Zeyu/Pooling/cat_dog_data/test_set/test_set/cats/cat.4014.jpg,1,1,1.4172754e-14,1.0
/data/Zeyu/Pooling/cat_dog_data/test_set/test_set/cats/cat.4015.jpg,1,1,3.5586352e-18,1.0
/data/Zeyu/Pooling/cat_dog_data/test_set/test_set/cats/cat.4016.jpg,1,1,1.3181391e-10,1.0
/data/Zeyu/Pooling/cat_dog_data/test_set/test_set/cats/cat.4017.jpg,1,1,2.0168554e-12,1.0
/data/Zeyu/Pooling/cat_dog_data/test_set/test_set/cats/cat.4018.jpg,1,1,1.6417778e-10,1.0
/data/Zeyu/Pooling/cat_dog_data/test_set/test_set/cats/cat.4019.jpg,1,1,1.6417778e-10,1.0
/data/Zeyu/Pooling/cat_dog_data/test_set/test_set/cats/cat.4020.jpg,1,1,5.520167e-08,1.0
/data/Zeyu/Pooling/cat_dog_data/test_set/test_set/cats/cat.4021.jpg,1,1,8.060231e-12,1.0
/data/Zeyu/Pooling/cat_dog_data/test_set/test_set/cats/cat.4022.jpg,1,1,2.855414e-12,1.0
/data/Zeyu/Pooling/cat_dog_data/test_set/test_set/cats/cat.4023.jpg,1,1,1.728394e-13,1.0
/data/Zeyu/Pooling/cat_dog_data/test_set/test_set/cats/cat.4024.jpg,1,1,3.0262373e-09,1.0
/data/Zeyu/Pooling/cat_dog_data/test_set/test_set/cats/cat.4025.jpg,1,1,1.9414642e-06,0.9999981
/data/Zeyu/Pooling/cat_dog_data/test_set/test_set/cats/cat.4026.jpg,1,1,1.9414642e-06,0.9999981
/data/Zeyu/Pooling/cat_dog_data/test_set/test_set/cats/cat.4027.jpg,1,1,3.672015e-20,1.0
/data/Zeyu/Pooling/cat_dog_data/test_set/test_set/cats/cat.4028.jpg,1,1,0.0009828279,0.9990171
/data/Zeyu/Pooling/cat_dog_data/test_set/test_set/cats/cat.4029.jpg,1,1,1.4755485e-09,1.0
/data/Zeyu/Pooling/cat_dog_data/test_set/test_set/cats/cat.4030.jpg,1,1,2.3923278e-11,1.0
/data/Zeyu/Pooling/cat_dog_data/test_set/test_set/cats/cat.4031.jpg,1,1,1.928288e-13,1.0
/data/Zeyu/Pooling/cat_dog_data/test_set/test_set/cats/cat.4032.jpg,1,1,8.942989e-05,0.9999106
/data/Zeyu/Pooling/cat_dog_data/test_set/test_set/cats/cat.4033.jpg,1,1,8.942989e-05,0.9999106
/data/Zeyu/Pooling/cat_dog_data/test_set/test_set/cats/cat.4034.jpg,1,1,2.0514849e-21,1.0
/data/Zeyu/Pooling/cat_dog_data/test_set/test_set/cats/cat.4035.jpg,1,1,1.6309101e-10,1.0
/data/Zeyu/Pooling/cat_dog_data/test_set/test_set/cats/cat.4036.jpg,1,1,4.423204e-06,0.9999956
/data/Zeyu/Pooling/cat_dog_data/test_set/test_set/cats/cat.4037.jpg,1,1,0.012071589,0.98792845
/data/Zeyu/Pooling/cat_dog_data/test_set/test_set/cats/cat.4038.jpg,1,1,9.215518e-10,1.0
/data/Zeyu/Pooling/cat_dog_data/test_set/test_set/cats/cat.4039.jpg,1,1,1.2454617e-13,1.0
/data/Zeyu/Pooling/cat_dog_data/test_set/test_set/cats/cat.4040.jpg,1,1,9.239945e-18,1.0
/data/Zeyu/Pooling/cat_dog_data/test_set/test_set/cats/cat.4041.jpg,1,1,1.252723e-21,1.0
/data/Zeyu/Pooling/cat_dog_data/test_set/test_set/cats/cat.4042.jpg,1,1,0.11274134,0.88725865
/data/Zeyu/Pooling/cat_dog_data/test_set/test_set/cats/cat.4043.jpg,1,1,1.1539476e-22,1.0
/data/Zeyu/Pooling/cat_dog_data/test_set/test_set/cats/cat.4044.jpg,1,1,1.2262637e-07,0.9999999
/data/Zeyu/Pooling/cat_dog_data/test_set/test_set/cats/cat.4045.jpg,1,1,0.011470229,0.98852974
/data/Zeyu/Pooling/cat_dog_data/test_set/test_set/cats/cat.4046.jpg,1,1,3.4709629e-12,1.0
/data/Zeyu/Pooling/cat_dog_data/test_set/test_set/cats/cat.4047.jpg,1,1,3.633757e-13,1.0
/data/Zeyu/Pooling/cat_dog_data/test_set/test_set/cats/cat.4048.jpg,1,1,3.4267416e-14,1.0
/data/Zeyu/Pooling/cat_dog_data/test_set/test_set/cats/cat.4049.jpg,1,1,1.4377347e-09,1.0
/data/Zeyu/Pooling/cat_dog_data/test_set/test_set/cats/cat.4050.jpg,1,1,1.910698e-15,1.0
/data/Zeyu/Pooling/cat_dog_data/test_set/test_set/cats/cat.4051.jpg,1,1,1.1848994e-09,1.0
/data/Zeyu/Pooling/cat_dog_data/test_set/test_set/cats/cat.4052.jpg,1,1,2.5559032e-12,1.0
/data/Zeyu/Pooling/cat_dog_data/test_set/test_set/cats/cat.4053.jpg,1,1,2.7708426e-08,1.0
/data/Zeyu/Pooling/cat_dog_data/test_set/test_set/cats/cat.4054.jpg,1,1,3.254434e-17,1.0
/data/Zeyu/Pooling/cat_dog_data/test_set/test_set/cats/cat.4055.jpg,1,1,4.60282e-10,1.0
/data/Zeyu/Pooling/cat_dog_data/test_set/test_set/cats/cat.4056.jpg,1,0,0.53921664,0.46078336
/data/Zeyu/Pooling/cat_dog_data/test_set/test_set/cats/cat.4057.jpg,1,1,8.6150205e-15,1.0
/data/Zeyu/Pooling/cat_dog_data/test_set/test_set/cats/cat.4058.jpg,1,1,1.4711876e-08,1.0
/data/Zeyu/Pooling/cat_dog_data/test_set/test_set/cats/cat.4059.jpg,1,1,0.0003860625,0.99961394
/data/Zeyu/Pooling/cat_dog_data/test_set/test_set/cats/cat.4060.jpg,1,1,0.00037302013,0.999627
/data/Zeyu/Pooling/cat_dog_data/test_set/test_set/cats/cat.4061.jpg,1,1,2.0740714e-18,1.0
/data/Zeyu/Pooling/cat_dog_data/test_set/test_set/cats/cat.4062.jpg,1,1,5.0847944e-16,1.0
/data/Zeyu/Pooling/cat_dog_data/test_set/test_set/cats/cat.4063.jpg,1,1,4.158811e-09,1.0
/data/Zeyu/Pooling/cat_dog_data/test_set/test_set/cats/cat.4064.jpg,1,1,3.5742898e-06,0.9999964
/data/Zeyu/Pooling/cat_dog_data/test_set/test_set/cats/cat.4065.jpg,1,1,3.123788e-10,1.0
/data/Zeyu/Pooling/cat_dog_data/test_set/test_set/cats/cat.4066.jpg,1,1,0.00046441442,0.99953556
/data/Zeyu/Pooling/cat_dog_data/test_set/test_set/cats/cat.4067.jpg,1,1,9.173844e-11,1.0
/data/Zeyu/Pooling/cat_dog_data/test_set/test_set/cats/cat.4068.jpg,1,1,9.173844e-11,1.0
/data/Zeyu/Pooling/cat_dog_data/test_set/test_set/cats/cat.4069.jpg,1,1,1.0942451e-06,0.9999989
/data/Zeyu/Pooling/cat_dog_data/test_set/test_set/cats/cat.4070.jpg,1,1,8.7032745e-09,1.0
/data/Zeyu/Pooling/cat_dog_data/test_set/test_set/cats/cat.4071.jpg,1,1,1.734904e-07,0.9999999
/data/Zeyu/Pooling/cat_dog_data/test_set/test_set/cats/cat.4072.jpg,1,1,1.7733695e-08,1.0
/data/Zeyu/Pooling/cat_dog_data/test_set/test_set/cats/cat.4073.jpg,1,1,1.3889763e-16,1.0
/data/Zeyu/Pooling/cat_dog_data/test_set/test_set/cats/cat.4074.jpg,1,1,2.1556665e-09,1.0
/data/Zeyu/Pooling/cat_dog_data/test_set/test_set/cats/cat.4075.jpg,1,1,4.5834885e-16,1.0
/data/Zeyu/Pooling/cat_dog_data/test_set/test_set/cats/cat.4076.jpg,1,1,1.7530954e-21,1.0
/data/Zeyu/Pooling/cat_dog_data/test_set/test_set/cats/cat.4077.jpg,1,1,7.7180384e-22,1.0
/data/Zeyu/Pooling/cat_dog_data/test_set/test_set/cats/cat.4078.jpg,1,1,4.000262e-08,1.0
/data/Zeyu/Pooling/cat_dog_data/test_set/test_set/cats/cat.4079.jpg,1,1,5.355051e-10,1.0
/data/Zeyu/Pooling/cat_dog_data/test_set/test_set/cats/cat.4080.jpg,1,1,9.939231e-15,1.0
/data/Zeyu/Pooling/cat_dog_data/test_set/test_set/cats/cat.4081.jpg,1,1,0.00012884669,0.99987113
/data/Zeyu/Pooling/cat_dog_data/test_set/test_set/cats/cat.4082.jpg,1,1,1.703084e-14,1.0
/data/Zeyu/Pooling/cat_dog_data/test_set/test_set/cats/cat.4083.jpg,1,1,1.5908072e-14,1.0
/data/Zeyu/Pooling/cat_dog_data/test_set/test_set/cats/cat.4084.jpg,1,1,7.289281e-14,1.0
/data/Zeyu/Pooling/cat_dog_data/test_set/test_set/cats/cat.4085.jpg,1,1,1.1422625e-11,1.0
/data/Zeyu/Pooling/cat_dog_data/test_set/test_set/cats/cat.4086.jpg,1,1,0.0013548983,0.9986451
/data/Zeyu/Pooling/cat_dog_data/test_set/test_set/cats/cat.4087.jpg,1,1,1.0969493e-23,1.0
/data/Zeyu/Pooling/cat_dog_data/test_set/test_set/cats/cat.4088.jpg,1,1,2.0610776e-14,1.0
/data/Zeyu/Pooling/cat_dog_data/test_set/test_set/cats/cat.4089.jpg,1,1,2.628542e-14,1.0
/data/Zeyu/Pooling/cat_dog_data/test_set/test_set/cats/cat.4090.jpg,1,1,7.349772e-18,1.0
/data/Zeyu/Pooling/cat_dog_data/test_set/test_set/cats/cat.4091.jpg,1,1,4.3151003e-14,1.0
/data/Zeyu/Pooling/cat_dog_data/test_set/test_set/cats/cat.4092.jpg,1,1,5.6467607e-13,1.0
/data/Zeyu/Pooling/cat_dog_data/test_set/test_set/cats/cat.4093.jpg,1,1,1.0964045e-17,1.0
/data/Zeyu/Pooling/cat_dog_data/test_set/test_set/cats/cat.4094.jpg,1,1,3.3722622e-15,1.0
/data/Zeyu/Pooling/cat_dog_data/test_set/test_set/cats/cat.4095.jpg,1,1,4.1161354e-12,1.0
/data/Zeyu/Pooling/cat_dog_data/test_set/test_set/cats/cat.4096.jpg,1,1,1.4586143e-08,1.0
/data/Zeyu/Pooling/cat_dog_data/test_set/test_set/cats/cat.4097.jpg,1,1,1.536609e-05,0.9999846
/data/Zeyu/Pooling/cat_dog_data/test_set/test_set/cats/cat.4098.jpg,1,1,4.3352668e-27,1.0
/data/Zeyu/Pooling/cat_dog_data/test_set/test_set/cats/cat.4099.jpg,1,1,1.6997445e-18,1.0
/data/Zeyu/Pooling/cat_dog_data/test_set/test_set/cats/cat.4100.jpg,1,1,0.00021546587,0.9997845
/data/Zeyu/Pooling/cat_dog_data/test_set/test_set/cats/cat.4101.jpg,1,1,2.2471075e-13,1.0
/data/Zeyu/Pooling/cat_dog_data/test_set/test_set/cats/cat.4102.jpg,1,1,1.4400011e-21,1.0
/data/Zeyu/Pooling/cat_dog_data/test_set/test_set/cats/cat.4103.jpg,1,1,6.562403e-12,1.0
/data/Zeyu/Pooling/cat_dog_data/test_set/test_set/cats/cat.4104.jpg,1,1,1.836202e-17,1.0
/data/Zeyu/Pooling/cat_dog_data/test_set/test_set/cats/cat.4105.jpg,1,1,4.6729953e-10,1.0
/data/Zeyu/Pooling/cat_dog_data/test_set/test_set/cats/cat.4106.jpg,1,1,5.6329004e-11,1.0
/data/Zeyu/Pooling/cat_dog_data/test_set/test_set/cats/cat.4107.jpg,1,1,1.1032815e-16,1.0
/data/Zeyu/Pooling/cat_dog_data/test_set/test_set/cats/cat.4108.jpg,1,1,9.148349e-15,1.0
/data/Zeyu/Pooling/cat_dog_data/test_set/test_set/cats/cat.4109.jpg,1,1,1.2602277e-08,1.0
/data/Zeyu/Pooling/cat_dog_data/test_set/test_set/cats/cat.4110.jpg,1,1,7.971236e-16,1.0
/data/Zeyu/Pooling/cat_dog_data/test_set/test_set/cats/cat.4111.jpg,1,1,1.0510931e-09,1.0
/data/Zeyu/Pooling/cat_dog_data/test_set/test_set/cats/cat.4112.jpg,1,1,9.447065e-16,1.0
/data/Zeyu/Pooling/cat_dog_data/test_set/test_set/cats/cat.4113.jpg,1,1,4.5440765e-06,0.99999547
/data/Zeyu/Pooling/cat_dog_data/test_set/test_set/cats/cat.4114.jpg,1,1,1.8468603e-08,1.0
/data/Zeyu/Pooling/cat_dog_data/test_set/test_set/cats/cat.4115.jpg,1,1,1.0837969e-16,1.0
/data/Zeyu/Pooling/cat_dog_data/test_set/test_set/cats/cat.4116.jpg,1,1,1.2177248e-21,1.0
/data/Zeyu/Pooling/cat_dog_data/test_set/test_set/cats/cat.4117.jpg,1,1,1.2594713e-05,0.99998736
/data/Zeyu/Pooling/cat_dog_data/test_set/test_set/cats/cat.4118.jpg,1,1,9.424967e-23,1.0
/data/Zeyu/Pooling/cat_dog_data/test_set/test_set/cats/cat.4119.jpg,1,1,1.4568849e-12,1.0
/data/Zeyu/Pooling/cat_dog_data/test_set/test_set/cats/cat.4120.jpg,1,1,1.5181364e-09,1.0
/data/Zeyu/Pooling/cat_dog_data/test_set/test_set/cats/cat.4121.jpg,1,1,1.7926594e-07,0.99999976
/data/Zeyu/Pooling/cat_dog_data/test_set/test_set/cats/cat.4122.jpg,1,1,5.0158224e-17,1.0
/data/Zeyu/Pooling/cat_dog_data/test_set/test_set/cats/cat.4123.jpg,1,1,2.114959e-14,1.0
/data/Zeyu/Pooling/cat_dog_data/test_set/test_set/cats/cat.4124.jpg,1,1,7.9948595e-06,0.999992
/data/Zeyu/Pooling/cat_dog_data/test_set/test_set/cats/cat.4125.jpg,1,1,6.7096345e-13,1.0
/data/Zeyu/Pooling/cat_dog_data/test_set/test_set/cats/cat.4126.jpg,1,1,3.8291904e-11,1.0
/data/Zeyu/Pooling/cat_dog_data/test_set/test_set/cats/cat.4127.jpg,1,1,0.0048096,0.9951904
/data/Zeyu/Pooling/cat_dog_data/test_set/test_set/cats/cat.4128.jpg,1,1,7.041768e-21,1.0
/data/Zeyu/Pooling/cat_dog_data/test_set/test_set/cats/cat.4001.jpg,1,1,6.1071465e-15,1.0
/data/Zeyu/Pooling/cat_dog_data/test_set/test_set/cats/cat.4002.jpg,1,1,4.0935124e-14,1.0
/data/Zeyu/Pooling/cat_dog_data/test_set/test_set/cats/cat.4003.jpg,1,1,1.41233715e-14,1.0
/data/Zeyu/Pooling/cat_dog_data/test_set/test_set/cats/cat.4004.jpg,1,1,2.055578e-05,0.9999795
/data/Zeyu/Pooling/cat_dog_data/test_set/test_set/cats/cat.4005.jpg,1,1,2.9505196e-12,1.0
/data/Zeyu/Pooling/cat_dog_data/test_set/test_set/cats/cat.4006.jpg,1,1,8.0624967e-22,1.0
/data/Zeyu/Pooling/cat_dog_data/test_set/test_set/cats/cat.4007.jpg,1,1,2.410113e-10,1.0
/data/Zeyu/Pooling/cat_dog_data/test_set/test_set/cats/cat.4008.jpg,1,1,3.921304e-23,1.0
/data/Zeyu/Pooling/cat_dog_data/test_set/test_set/cats/cat.4009.jpg,1,1,2.4188073e-14,1.0
/data/Zeyu/Pooling/cat_dog_data/test_set/test_set/cats/cat.4010.jpg,1,1,0.15868503,0.841315
/data/Zeyu/Pooling/cat_dog_data/test_set/test_set/cats/cat.4011.jpg,1,1,9.691029e-14,1.0
/data/Zeyu/Pooling/cat_dog_data/test_set/test_set/cats/cat.4012.jpg,1,1,2.1174404e-11,1.0
/data/Zeyu/Pooling/cat_dog_data/test_set/test_set/cats/cat.4013.jpg,1,1,2.7568037e-16,1.0
/data/Zeyu/Pooling/cat_dog_data/test_set/test_set/cats/cat.4014.jpg,1,1,0.0019000075,0.9981
/data/Zeyu/Pooling/cat_dog_data/test_set/test_set/cats/cat.4015.jpg,1,1,5.2663672e-05,0.9999473
/data/Zeyu/Pooling/cat_dog_data/test_set/test_set/cats/cat.4016.jpg,1,1,1.4521044e-20,1.0
/data/Zeyu/Pooling/cat_dog_data/test_set/test_set/cats/cat.4017.jpg,1,1,0.002014626,0.99798536
/data/Zeyu/Pooling/cat_dog_data/test_set/test_set/cats/cat.4018.jpg,1,1,3.0884506e-09,1.0
/data/Zeyu/Pooling/cat_dog_data/test_set/test_set/cats/cat.4019.jpg,1,1,5.4754468e-18,1.0
/data/Zeyu/Pooling/cat_dog_data/test_set/test_set/cats/cat.4020.jpg,1,1,2.6928978e-11,1.0
/data/Zeyu/Pooling/cat_dog_data/test_set/test_set/cats/cat.4021.jpg,1,1,6.536232e-16,1.0
/data/Zeyu/Pooling/cat_dog_data/test_set/test_set/cats/cat.4022.jpg,1,1,3.098763e-14,1.0
/data/Zeyu/Pooling/cat_dog_data/test_set/test_set/cats/cat.4023.jpg,1,1,3.3346288e-14,1.0
/data/Zeyu/Pooling/cat_dog_data/test_set/test_set/cats/cat.4024.jpg,1,1,2.5295163e-15,1.0
/data/Zeyu/Pooling/cat_dog_data/test_set/test_set/cats/cat.4025.jpg,1,1,2.087771e-12,1.0
/data/Zeyu/Pooling/cat_dog_data/test_set/test_set/cats/cat.4026.jpg,1,1,1.957194e-24,1.0
/data/Zeyu/Pooling/cat_dog_data/test_set/test_set/cats/cat.4027.jpg,1,1,1.3752983e-18,1.0
/data/Zeyu/Pooling/cat_dog_data/test_set/test_set/cats/cat.4028.jpg,1,1,9.830033e-15,1.0
/data/Zeyu/Pooling/cat_dog_data/test_set/test_set/cats/cat.4029.jpg,1,1,1.492736e-10,1.0
/data/Zeyu/Pooling/cat_dog_data/test_set/test_set/cats/cat.4030.jpg,1,1,9.316041e-10,1.0
/data/Zeyu/Pooling/cat_dog_data/test_set/test_set/cats/cat.4031.jpg,1,1,4.34304e-15,1.0
/data/Zeyu/Pooling/cat_dog_data/test_set/test_set/cats/cat.4032.jpg,1,1,0.06127682,0.9387232
/data/Zeyu/Pooling/cat_dog_data/test_set/test_set/cats/cat.4033.jpg,1,1,1.6124536e-14,1.0
/data/Zeyu/Pooling/cat_dog_data/test_set/test_set/cats/cat.4034.jpg,1,1,3.7856003e-13,1.0
/data/Zeyu/Pooling/cat_dog_data/test_set/test_set/cats/cat.4035.jpg,1,1,1.2028123e-14,1.0
/data/Zeyu/Pooling/cat_dog_data/test_set/test_set/cats/cat.4036.jpg,1,0,0.72622764,0.27377242
/data/Zeyu/Pooling/cat_dog_data/test_set/test_set/cats/cat.4037.jpg,1,1,1.2226204e-15,1.0
/data/Zeyu/Pooling/cat_dog_data/test_set/test_set/cats/cat.4038.jpg,1,1,4.2266968e-09,1.0
/data/Zeyu/Pooling/cat_dog_data/test_set/test_set/cats/cat.4039.jpg,1,1,9.075541e-06,0.99999094
/data/Zeyu/Pooling/cat_dog_data/test_set/test_set/cats/cat.4040.jpg,1,1,3.117288e-14,1.0
/data/Zeyu/Pooling/cat_dog_data/test_set/test_set/cats/cat.4041.jpg,1,0,0.9936912,0.0063087572
/data/Zeyu/Pooling/cat_dog_data/test_set/test_set/cats/cat.4042.jpg,1,1,3.510827e-08,1.0
/data/Zeyu/Pooling/cat_dog_data/test_set/test_set/cats/cat.4043.jpg,1,1,7.56188e-17,1.0
/data/Zeyu/Pooling/cat_dog_data/test_set/test_set/cats/cat.4044.jpg,1,1,0.00018041617,0.9998196
/data/Zeyu/Pooling/cat_dog_data/test_set/test_set/cats/cat.4045.jpg,1,1,9.6945805e-06,0.99999034
/data/Zeyu/Pooling/cat_dog_data/test_set/test_set/cats/cat.4046.jpg,1,1,9.159241e-08,0.9999999
/data/Zeyu/Pooling/cat_dog_data/test_set/test_set/cats/cat.4047.jpg,1,1,2.086953e-10,1.0
/data/Zeyu/Pooling/cat_dog_data/test_set/test_set/cats/cat.4048.jpg,1,1,3.936905e-09,1.0
/data/Zeyu/Pooling/cat_dog_data/test_set/test_set/cats/cat.4049.jpg,1,1,1.1658262e-05,0.9999883
/data/Zeyu/Pooling/cat_dog_data/test_set/test_set/cats/cat.4050.jpg,1,1,8.565128e-08,0.9999999
/data/Zeyu/Pooling/cat_dog_data/test_set/test_set/cats/cat.4051.jpg,1,1,7.2621936e-10,1.0
/data/Zeyu/Pooling/cat_dog_data/test_set/test_set/cats/cat.4052.jpg,1,1,8.535582e-07,0.99999917
/data/Zeyu/Pooling/cat_dog_data/test_set/test_set/cats/cat.4053.jpg,1,1,1.1789208e-13,1.0
/data/Zeyu/Pooling/cat_dog_data/test_set/test_set/cats/cat.4054.jpg,1,1,9.149676e-15,1.0
/data/Zeyu/Pooling/cat_dog_data/test_set/test_set/cats/cat.4055.jpg,1,1,7.608704e-06,0.9999924
/data/Zeyu/Pooling/cat_dog_data/test_set/test_set/cats/cat.4056.jpg,1,1,2.5321364e-12,1.0
/data/Zeyu/Pooling/cat_dog_data/test_set/test_set/cats/cat.4057.jpg,1,1,5.1319443e-19,1.0
/data/Zeyu/Pooling/cat_dog_data/test_set/test_set/cats/cat.4058.jpg,1,1,2.9797405e-09,1.0
/data/Zeyu/Pooling/cat_dog_data/test_set/test_set/cats/cat.4059.jpg,1,0,0.64348805,0.35651195
/data/Zeyu/Pooling/cat_dog_data/test_set/test_set/cats/cat.4060.jpg,1,1,5.26813e-13,1.0
/data/Zeyu/Pooling/cat_dog_data/test_set/test_set/cats/cat.4061.jpg,1,1,2.0350717e-19,1.0
/data/Zeyu/Pooling/cat_dog_data/test_set/test_set/cats/cat.4062.jpg,1,1,6.2724636e-17,1.0
/data/Zeyu/Pooling/cat_dog_data/test_set/test_set/cats/cat.4063.jpg,1,1,5.4035525e-13,1.0
/data/Zeyu/Pooling/cat_dog_data/test_set/test_set/cats/cat.4064.jpg,1,1,0.009235433,0.9907645
/data/Zeyu/Pooling/cat_dog_data/test_set/test_set/cats/cat.4065.jpg,1,1,1.1273892e-13,1.0
/data/Zeyu/Pooling/cat_dog_data/test_set/test_set/cats/cat.4066.jpg,1,1,2.5586785e-12,1.0
/data/Zeyu/Pooling/cat_dog_data/test_set/test_set/cats/cat.4067.jpg,1,1,4.2123426e-11,1.0
/data/Zeyu/Pooling/cat_dog_data/test_set/test_set/cats/cat.4068.jpg,1,1,3.8196042e-08,1.0
/data/Zeyu/Pooling/cat_dog_data/test_set/test_set/cats/cat.4069.jpg,1,0,1.0,2.1650555e-37
/data/Zeyu/Pooling/cat_dog_data/test_set/test_set/cats/cat.4070.jpg,1,1,9.404248e-11,1.0
/data/Zeyu/Pooling/cat_dog_data/test_set/test_set/cats/cat.4071.jpg,1,1,4.8187804e-12,1.0
/data/Zeyu/Pooling/cat_dog_data/test_set/test_set/cats/cat.4072.jpg,1,1,8.160621e-21,1.0
/data/Zeyu/Pooling/cat_dog_data/test_set/test_set/cats/cat.4073.jpg,1,1,1.05301123e-13,1.0
/data/Zeyu/Pooling/cat_dog_data/test_set/test_set/cats/cat.4074.jpg,1,1,1.8014777e-16,1.0
/data/Zeyu/Pooling/cat_dog_data/test_set/test_set/cats/cat.4075.jpg,1,1,9.329994e-15,1.0
/data/Zeyu/Pooling/cat_dog_data/test_set/test_set/cats/cat.4076.jpg,1,1,2.614775e-22,1.0
/data/Zeyu/Pooling/cat_dog_data/test_set/test_set/cats/cat.4077.jpg,1,1,1.2227684e-17,1.0
/data/Zeyu/Pooling/cat_dog_data/test_set/test_set/cats/cat.4078.jpg,1,1,6.21766e-13,1.0
/data/Zeyu/Pooling/cat_dog_data/test_set/test_set/cats/cat.4079.jpg,1,1,6.5958574e-08,0.9999999
/data/Zeyu/Pooling/cat_dog_data/test_set/test_set/cats/cat.4080.jpg,1,1,1.4693025e-09,1.0
/data/Zeyu/Pooling/cat_dog_data/test_set/test_set/cats/cat.4081.jpg,1,1,4.699527e-16,1.0
/data/Zeyu/Pooling/cat_dog_data/test_set/test_set/cats/cat.4082.jpg,1,1,3.0385567e-09,1.0
/data/Zeyu/Pooling/cat_dog_data/test_set/test_set/cats/cat.4083.jpg,1,1,7.1866303e-13,1.0
/data/Zeyu/Pooling/cat_dog_data/test_set/test_set/cats/cat.4084.jpg,1,1,5.800461e-17,1.0
/data/Zeyu/Pooling/cat_dog_data/test_set/test_set/cats/cat.4085.jpg,1,1,4.647068e-07,0.9999995
/data/Zeyu/Pooling/cat_dog_data/test_set/test_set/cats/cat.4086.jpg,1,1,8.4055155e-06,0.99999154
/data/Zeyu/Pooling/cat_dog_data/test_set/test_set/cats/cat.4087.jpg,1,1,1.6203454e-15,1.0
/data/Zeyu/Pooling/cat_dog_data/test_set/test_set/cats/cat.4088.jpg,1,1,3.2673187e-11,1.0
/data/Zeyu/Pooling/cat_dog_data/test_set/test_set/cats/cat.4089.jpg,1,1,1.4351303e-15,1.0
/data/Zeyu/Pooling/cat_dog_data/test_set/test_set/cats/cat.4090.jpg,1,1,3.5702121e-06,0.9999964
/data/Zeyu/Pooling/cat_dog_data/test_set/test_set/cats/cat.4091.jpg,1,1,7.915803e-11,1.0
/data/Zeyu/Pooling/cat_dog_data/test_set/test_set/cats/cat.4092.jpg,1,1,1.2624704e-07,0.9999999
/data/Zeyu/Pooling/cat_dog_data/test_set/test_set/cats/cat.4093.jpg,1,1,1.5369277e-10,1.0
/data/Zeyu/Pooling/cat_dog_data/test_set/test_set/cats/cat.4094.jpg,1,1,0.010261505,0.9897385
/data/Zeyu/Pooling/cat_dog_data/test_set/test_set/cats/cat.4095.jpg,1,1,2.9591585e-09,1.0
/data/Zeyu/Pooling/cat_dog_data/test_set/test_set/cats/cat.4096.jpg,1,1,8.4468847e-13,1.0
/data/Zeyu/Pooling/cat_dog_data/test_set/test_set/cats/cat.4097.jpg,1,1,7.565657e-14,1.0
/data/Zeyu/Pooling/cat_dog_data/test_set/test_set/cats/cat.4098.jpg,1,1,0.00062636455,0.9993736
/data/Zeyu/Pooling/cat_dog_data/test_set/test_set/cats/cat.4099.jpg,1,1,3.2550552e-13,1.0
/data/Zeyu/Pooling/cat_dog_data/test_set/test_set/cats/cat.4100.jpg,1,1,7.893465e-17,1.0
/data/Zeyu/Pooling/cat_dog_data/test_set/test_set/cats/cat.4101.jpg,1,0,0.93055797,0.069442
/data/Zeyu/Pooling/cat_dog_data/test_set/test_set/cats/cat.4102.jpg,1,0,0.5981878,0.4018117
/data/Zeyu/Pooling/cat_dog_data/test_set/test_set/cats/cat.4103.jpg,1,1,1.21193535e-08,1.0
/data/Zeyu/Pooling/cat_dog_data/test_set/test_set/cats/cat.4104.jpg,1,1,2.635539e-11,1.0
/data/Zeyu/Pooling/cat_dog_data/test_set/test_set/cats/cat.4105.jpg,1,1,0.28871167,0.71128833
/data/Zeyu/Pooling/cat_dog_data/test_set/test_set/cats/cat.4106.jpg,1,1,6.176693e-20,1.0
/data/Zeyu/Pooling/cat_dog_data/test_set/test_set/cats/cat.4107.jpg,1,1,8.799023e-15,1.0
/data/Zeyu/Pooling/cat_dog_data/test_set/test_set/cats/cat.4108.jpg,1,1,1.2794491e-11,1.0
/data/Zeyu/Pooling/cat_dog_data/test_set/test_set/cats/cat.4109.jpg,1,1,1.2794491e-11,1.0
/data/Zeyu/Pooling/cat_dog_data/test_set/test_set/cats/cat.4110.jpg,1,1,4.5979314e-18,1.0
/data/Zeyu/Pooling/cat_dog_data/test_set/test_set/cats/cat.4111.jpg,1,1,4.811843e-05,0.99995184
/data/Zeyu/Pooling/cat_dog_data/test_set/test_set/cats/cat.4112.jpg,1,1,0.00050186313,0.9994981
/data/Zeyu/Pooling/cat_dog_data/test_set/test_set/cats/cat.4113.jpg,1,1,9.835064e-14,1.0
/data/Zeyu/Pooling/cat_dog_data/test_set/test_set/cats/cat.4114.jpg,1,1,1.8878273e-13,1.0
/data/Zeyu/Pooling/cat_dog_data/test_set/test_set/cats/cat.4115.jpg,1,1,6.9866735e-07,0.9999993
/data/Zeyu/Pooling/cat_dog_data/test_set/test_set/cats/cat.4116.jpg,1,1,0.110003494,0.8899965
/data/Zeyu/Pooling/cat_dog_data/test_set/test_set/cats/cat.4117.jpg,1,1,8.402349e-19,1.0
/data/Zeyu/Pooling/cat_dog_data/test_set/test_set/cats/cat.4118.jpg,1,1,1.0221307e-14,1.0
/data/Zeyu/Pooling/cat_dog_data/test_set/test_set/cats/cat.4119.jpg,1,1,2.10442e-18,1.0
/data/Zeyu/Pooling/cat_dog_data/test_set/test_set/cats/cat.4120.jpg,1,1,1.376481e-08,1.0
/data/Zeyu/Pooling/cat_dog_data/test_set/test_set/cats/cat.4121.jpg,1,1,1.6570552e-17,1.0
/data/Zeyu/Pooling/cat_dog_data/test_set/test_set/cats/cat.4122.jpg,1,1,0.0061080204,0.99389195
/data/Zeyu/Pooling/cat_dog_data/test_set/test_set/cats/cat.4123.jpg,1,1,0.095320426,0.9046796
/data/Zeyu/Pooling/cat_dog_data/test_set/test_set/cats/cat.4124.jpg,1,1,0.44514045,0.5548596
/data/Zeyu/Pooling/cat_dog_data/test_set/test_set/cats/cat.4125.jpg,1,1,9.807575e-08,0.9999999
/data/Zeyu/Pooling/cat_dog_data/test_set/test_set/cats/cat.4126.jpg,1,1,1.4099258e-21,1.0
/data/Zeyu/Pooling/cat_dog_data/test_set/test_set/cats/cat.4127.jpg,1,1,3.0804839e-07,0.99999964
/data/Zeyu/Pooling/cat_dog_data/test_set/test_set/cats/cat.4128.jpg,1,1,2.6402585e-11,1.0
/data/Zeyu/Pooling/cat_dog_data/test_set/test_set/cats/cat.4001.jpg,1,1,1.9205224e-08,1.0
/data/Zeyu/Pooling/cat_dog_data/test_set/test_set/cats/cat.4002.jpg,1,1,0.30027425,0.6997258
/data/Zeyu/Pooling/cat_dog_data/test_set/test_set/cats/cat.4003.jpg,1,1,6.330366e-11,1.0
/data/Zeyu/Pooling/cat_dog_data/test_set/test_set/cats/cat.4004.jpg,1,1,1.3759217e-12,1.0
/data/Zeyu/Pooling/cat_dog_data/test_set/test_set/cats/cat.4005.jpg,1,1,5.3928034e-06,0.99999464
/data/Zeyu/Pooling/cat_dog_data/test_set/test_set/cats/cat.4006.jpg,1,1,1.9946789e-07,0.99999976
/data/Zeyu/Pooling/cat_dog_data/test_set/test_set/cats/cat.4007.jpg,1,1,2.2335545e-12,1.0
/data/Zeyu/Pooling/cat_dog_data/test_set/test_set/cats/cat.4008.jpg,1,1,0.0131097175,0.9868903
/data/Zeyu/Pooling/cat_dog_data/test_set/test_set/cats/cat.4009.jpg,1,1,1.2316531e-18,1.0
/data/Zeyu/Pooling/cat_dog_data/test_set/test_set/cats/cat.4010.jpg,1,1,3.9582806e-13,1.0
/data/Zeyu/Pooling/cat_dog_data/test_set/test_set/cats/cat.4011.jpg,1,1,7.4476135e-13,1.0
/data/Zeyu/Pooling/cat_dog_data/test_set/test_set/cats/cat.4012.jpg,1,1,4.553221e-15,1.0
/data/Zeyu/Pooling/cat_dog_data/test_set/test_set/cats/cat.4013.jpg,1,1,7.61476e-11,1.0
/data/Zeyu/Pooling/cat_dog_data/test_set/test_set/cats/cat.4014.jpg,1,1,8.1582495e-15,1.0
/data/Zeyu/Pooling/cat_dog_data/test_set/test_set/cats/cat.4015.jpg,1,1,3.291588e-11,1.0
/data/Zeyu/Pooling/cat_dog_data/test_set/test_set/cats/cat.4016.jpg,1,1,0.020686613,0.9793133
/data/Zeyu/Pooling/cat_dog_data/test_set/test_set/cats/cat.4017.jpg,1,1,3.9673106e-14,1.0
/data/Zeyu/Pooling/cat_dog_data/test_set/test_set/cats/cat.4018.jpg,1,1,3.6044386e-14,1.0
/data/Zeyu/Pooling/cat_dog_data/test_set/test_set/cats/cat.4019.jpg,1,1,1.2918886e-08,1.0
/data/Zeyu/Pooling/cat_dog_data/test_set/test_set/cats/cat.4020.jpg,1,1,9.376442e-09,1.0
/data/Zeyu/Pooling/cat_dog_data/test_set/test_set/cats/cat.4021.jpg,1,1,0.015088848,0.9849111
/data/Zeyu/Pooling/cat_dog_data/test_set/test_set/cats/cat.4022.jpg,1,1,1.4660925e-19,1.0
/data/Zeyu/Pooling/cat_dog_data/test_set/test_set/cats/cat.4023.jpg,1,1,2.0908055e-14,1.0
/data/Zeyu/Pooling/cat_dog_data/test_set/test_set/cats/cat.4024.jpg,1,1,9.108474e-12,1.0
/data/Zeyu/Pooling/cat_dog_data/test_set/test_set/cats/cat.4025.jpg,1,1,1.6697196e-14,1.0
/data/Zeyu/Pooling/cat_dog_data/test_set/test_set/cats/cat.4026.jpg,1,1,1.2917575e-16,1.0
/data/Zeyu/Pooling/cat_dog_data/test_set/test_set/cats/cat.4027.jpg,1,1,1.1747188e-17,1.0
/data/Zeyu/Pooling/cat_dog_data/test_set/test_set/cats/cat.4028.jpg,1,1,1.2368491e-10,1.0
/data/Zeyu/Pooling/cat_dog_data/test_set/test_set/cats/cat.4029.jpg,1,1,1.8494586e-05,0.9999815
/data/Zeyu/Pooling/cat_dog_data/test_set/test_set/cats/cat.4030.jpg,1,1,2.8193888e-11,1.0
/data/Zeyu/Pooling/cat_dog_data/test_set/test_set/cats/cat.4031.jpg,1,1,0.0001617943,0.99983823
/data/Zeyu/Pooling/cat_dog_data/test_set/test_set/cats/cat.4032.jpg,1,1,6.163582e-09,1.0
/data/Zeyu/Pooling/cat_dog_data/test_set/test_set/cats/cat.4033.jpg,1,1,1.9315915e-15,1.0
/data/Zeyu/Pooling/cat_dog_data/test_set/test_set/cats/cat.4034.jpg,1,1,6.1389565e-06,0.9999939
/data/Zeyu/Pooling/cat_dog_data/test_set/test_set/cats/cat.4035.jpg,1,0,0.6892137,0.31078628
/data/Zeyu/Pooling/cat_dog_data/test_set/test_set/cats/cat.4036.jpg,1,1,1.1139515e-12,1.0
/data/Zeyu/Pooling/cat_dog_data/test_set/test_set/cats/cat.4037.jpg,1,1,1.6367563e-10,1.0
/data/Zeyu/Pooling/cat_dog_data/test_set/test_set/cats/cat.4038.jpg,1,1,1.6367563e-10,1.0
/data/Zeyu/Pooling/cat_dog_data/test_set/test_set/cats/cat.4039.jpg,1,1,2.0432567e-10,1.0
/data/Zeyu/Pooling/cat_dog_data/test_set/test_set/cats/cat.4040.jpg,1,1,9.105029e-17,1.0
/data/Zeyu/Pooling/cat_dog_data/test_set/test_set/cats/cat.4041.jpg,1,1,0.0064903595,0.9935096
/data/Zeyu/Pooling/cat_dog_data/test_set/test_set/cats/cat.4042.jpg,1,1,3.3477396e-13,1.0
/data/Zeyu/Pooling/cat_dog_data/test_set/test_set/cats/cat.4043.jpg,1,1,1.6672138e-12,1.0
/data/Zeyu/Pooling/cat_dog_data/test_set/test_set/cats/cat.4044.jpg,1,1,3.3192434e-06,0.99999666
/data/Zeyu/Pooling/cat_dog_data/test_set/test_set/cats/cat.4045.jpg,1,1,2.7022847e-17,1.0
/data/Zeyu/Pooling/cat_dog_data/test_set/test_set/cats/cat.4046.jpg,1,1,1.2625786e-19,1.0
/data/Zeyu/Pooling/cat_dog_data/test_set/test_set/cats/cat.4047.jpg,1,1,1.763928e-11,1.0
/data/Zeyu/Pooling/cat_dog_data/test_set/test_set/cats/cat.4048.jpg,1,1,3.1517738e-13,1.0
/data/Zeyu/Pooling/cat_dog_data/test_set/test_set/cats/cat.4049.jpg,1,1,2.4007196e-19,1.0
/data/Zeyu/Pooling/cat_dog_data/test_set/test_set/cats/cat.4050.jpg,1,1,1.9162298e-16,1.0
/data/Zeyu/Pooling/cat_dog_data/test_set/test_set/cats/cat.4051.jpg,1,1,3.7954e-15,1.0
/data/Zeyu/Pooling/cat_dog_data/test_set/test_set/cats/cat.4052.jpg,1,1,5.6886273e-21,1.0
/data/Zeyu/Pooling/cat_dog_data/test_set/test_set/cats/cat.4053.jpg,1,1,8.217178e-17,1.0
/data/Zeyu/Pooling/cat_dog_data/test_set/test_set/cats/cat.4054.jpg,1,1,4.2093885e-14,1.0
/data/Zeyu/Pooling/cat_dog_data/test_set/test_set/cats/cat.4055.jpg,1,1,6.22692e-12,1.0
/data/Zeyu/Pooling/cat_dog_data/test_set/test_set/cats/cat.4056.jpg,1,1,4.752889e-10,1.0
/data/Zeyu/Pooling/cat_dog_data/test_set/test_set/cats/cat.4057.jpg,1,1,4.514917e-12,1.0
/data/Zeyu/Pooling/cat_dog_data/test_set/test_set/cats/cat.4058.jpg,1,1,6.9141526e-16,1.0
/data/Zeyu/Pooling/cat_dog_data/test_set/test_set/cats/cat.4059.jpg,1,1,2.988364e-16,1.0
/data/Zeyu/Pooling/cat_dog_data/test_set/test_set/cats/cat.4060.jpg,1,1,3.559279e-15,1.0
/data/Zeyu/Pooling/cat_dog_data/test_set/test_set/cats/cat.4061.jpg,1,1,9.299933e-15,1.0
/data/Zeyu/Pooling/cat_dog_data/test_set/test_set/cats/cat.4062.jpg,1,1,5.2068353e-06,0.99999475
/data/Zeyu/Pooling/cat_dog_data/test_set/test_set/cats/cat.4063.jpg,1,1,2.592894e-10,1.0
/data/Zeyu/Pooling/cat_dog_data/test_set/test_set/cats/cat.4064.jpg,1,1,2.540704e-16,1.0
/data/Zeyu/Pooling/cat_dog_data/test_set/test_set/cats/cat.4065.jpg,1,1,1.41377856e-11,1.0
/data/Zeyu/Pooling/cat_dog_data/test_set/test_set/cats/cat.4066.jpg,1,1,1.3461393e-12,1.0
/data/Zeyu/Pooling/cat_dog_data/test_set/test_set/cats/cat.4067.jpg,1,1,2.4263978e-19,1.0
/data/Zeyu/Pooling/cat_dog_data/test_set/test_set/cats/cat.4068.jpg,1,1,2.455961e-14,1.0
/data/Zeyu/Pooling/cat_dog_data/test_set/test_set/cats/cat.4069.jpg,1,1,3.42901e-18,1.0
/data/Zeyu/Pooling/cat_dog_data/test_set/test_set/cats/cat.4070.jpg,1,1,2.5802102e-10,1.0
/data/Zeyu/Pooling/cat_dog_data/test_set/test_set/cats/cat.4071.jpg,1,1,3.7002237e-19,1.0
/data/Zeyu/Pooling/cat_dog_data/test_set/test_set/cats/cat.4072.jpg,1,1,0.32109275,0.6789073
/data/Zeyu/Pooling/cat_dog_data/test_set/test_set/cats/cat.4073.jpg,1,1,1.1283725e-09,1.0
/data/Zeyu/Pooling/cat_dog_data/test_set/test_set/cats/cat.4074.jpg,1,1,2.8455865e-14,1.0
/data/Zeyu/Pooling/cat_dog_data/test_set/test_set/cats/cat.4075.jpg,1,1,4.4417167e-08,1.0
/data/Zeyu/Pooling/cat_dog_data/test_set/test_set/cats/cat.4076.jpg,1,1,8.2059243e-19,1.0
/data/Zeyu/Pooling/cat_dog_data/test_set/test_set/cats/cat.4077.jpg,1,1,0.0052175657,0.9947824
/data/Zeyu/Pooling/cat_dog_data/test_set/test_set/cats/cat.4078.jpg,1,1,2.6442567e-21,1.0
/data/Zeyu/Pooling/cat_dog_data/test_set/test_set/cats/cat.4079.jpg,1,1,4.9903892e-06,0.999995
/data/Zeyu/Pooling/cat_dog_data/test_set/test_set/cats/cat.4080.jpg,1,1,9.8366404e-14,1.0
/data/Zeyu/Pooling/cat_dog_data/test_set/test_set/cats/cat.4081.jpg,1,1,3.189676e-12,1.0
/data/Zeyu/Pooling/cat_dog_data/test_set/test_set/cats/cat.4082.jpg,1,1,2.6687164e-08,1.0
/data/Zeyu/Pooling/cat_dog_data/test_set/test_set/cats/cat.4083.jpg,1,1,3.5327634e-09,1.0
/data/Zeyu/Pooling/cat_dog_data/test_set/test_set/cats/cat.4084.jpg,1,1,0.00014458224,0.9998554
/data/Zeyu/Pooling/cat_dog_data/test_set/test_set/cats/cat.4085.jpg,1,1,0.070510514,0.92948943
/data/Zeyu/Pooling/cat_dog_data/test_set/test_set/cats/cat.4086.jpg,1,1,1.3234688e-19,1.0
/data/Zeyu/Pooling/cat_dog_data/test_set/test_set/cats/cat.4087.jpg,1,1,2.3487492e-13,1.0
/data/Zeyu/Pooling/cat_dog_data/test_set/test_set/cats/cat.4088.jpg,1,1,2.737507e-06,0.99999726
/data/Zeyu/Pooling/cat_dog_data/test_set/test_set/cats/cat.4089.jpg,1,1,1.9708e-16,1.0
/data/Zeyu/Pooling/cat_dog_data/test_set/test_set/cats/cat.4090.jpg,1,1,1.3360403e-24,1.0
/data/Zeyu/Pooling/cat_dog_data/test_set/test_set/cats/cat.4091.jpg,1,1,5.686489e-10,1.0
/data/Zeyu/Pooling/cat_dog_data/test_set/test_set/cats/cat.4092.jpg,1,1,1.0076252e-09,1.0
/data/Zeyu/Pooling/cat_dog_data/test_set/test_set/cats/cat.4093.jpg,1,1,2.1567198e-16,1.0
/data/Zeyu/Pooling/cat_dog_data/test_set/test_set/cats/cat.4094.jpg,1,1,4.894469e-12,1.0
/data/Zeyu/Pooling/cat_dog_data/test_set/test_set/cats/cat.4095.jpg,1,1,2.821207e-11,1.0
/data/Zeyu/Pooling/cat_dog_data/test_set/test_set/cats/cat.4096.jpg,1,1,2.0465257e-17,1.0
/data/Zeyu/Pooling/cat_dog_data/test_set/test_set/cats/cat.4097.jpg,1,1,2.4306012e-21,1.0
/data/Zeyu/Pooling/cat_dog_data/test_set/test_set/cats/cat.4098.jpg,1,1,3.2290732e-08,1.0
/data/Zeyu/Pooling/cat_dog_data/test_set/test_set/cats/cat.4099.jpg,1,1,2.9651086e-12,1.0
/data/Zeyu/Pooling/cat_dog_data/test_set/test_set/cats/cat.4100.jpg,1,1,4.4465781e-07,0.9999995
/data/Zeyu/Pooling/cat_dog_data/test_set/test_set/cats/cat.4101.jpg,1,1,3.6692562e-20,1.0
/data/Zeyu/Pooling/cat_dog_data/test_set/test_set/cats/cat.4102.jpg,1,1,3.2052746e-17,1.0
/data/Zeyu/Pooling/cat_dog_data/test_set/test_set/cats/cat.4103.jpg,1,0,0.7566511,0.24334884
/data/Zeyu/Pooling/cat_dog_data/test_set/test_set/cats/cat.4104.jpg,1,1,2.5397765e-14,1.0
/data/Zeyu/Pooling/cat_dog_data/test_set/test_set/cats/cat.4105.jpg,1,1,0.00037106252,0.9996289
/data/Zeyu/Pooling/cat_dog_data/test_set/test_set/cats/cat.4106.jpg,1,1,1.9082853e-13,1.0
/data/Zeyu/Pooling/cat_dog_data/test_set/test_set/cats/cat.4107.jpg,1,1,3.442358e-22,1.0
/data/Zeyu/Pooling/cat_dog_data/test_set/test_set/cats/cat.4108.jpg,1,1,2.9152025e-10,1.0
/data/Zeyu/Pooling/cat_dog_data/test_set/test_set/cats/cat.4109.jpg,1,1,2.534444e-05,0.9999746
/data/Zeyu/Pooling/cat_dog_data/test_set/test_set/cats/cat.4110.jpg,1,1,0.12315543,0.8768446
/data/Zeyu/Pooling/cat_dog_data/test_set/test_set/cats/cat.4111.jpg,1,1,9.13902e-11,1.0
/data/Zeyu/Pooling/cat_dog_data/test_set/test_set/cats/cat.4112.jpg,1,1,8.5449567e-20,1.0
/data/Zeyu/Pooling/cat_dog_data/test_set/test_set/cats/cat.4113.jpg,1,1,1.5962523e-16,1.0
/data/Zeyu/Pooling/cat_dog_data/test_set/test_set/cats/cat.4114.jpg,1,1,1.153384e-15,1.0
/data/Zeyu/Pooling/cat_dog_data/test_set/test_set/cats/cat.4115.jpg,1,1,2.871642e-07,0.99999976
/data/Zeyu/Pooling/cat_dog_data/test_set/test_set/cats/cat.4116.jpg,1,1,0.009308464,0.9906915
/data/Zeyu/Pooling/cat_dog_data/test_set/test_set/cats/cat.4117.jpg,1,1,1.241063e-09,1.0
/data/Zeyu/Pooling/cat_dog_data/test_set/test_set/cats/cat.4118.jpg,1,1,4.0568098e-14,1.0
/data/Zeyu/Pooling/cat_dog_data/test_set/test_set/cats/cat.4119.jpg,1,1,2.0928786e-08,1.0
/data/Zeyu/Pooling/cat_dog_data/test_set/test_set/cats/cat.4120.jpg,1,1,4.995979e-18,1.0
/data/Zeyu/Pooling/cat_dog_data/test_set/test_set/cats/cat.4121.jpg,1,1,4.444572e-12,1.0
/data/Zeyu/Pooling/cat_dog_data/test_set/test_set/cats/cat.4122.jpg,1,1,3.3865785e-11,1.0
/data/Zeyu/Pooling/cat_dog_data/test_set/test_set/cats/cat.4123.jpg,1,1,1.7093318e-22,1.0
/data/Zeyu/Pooling/cat_dog_data/test_set/test_set/cats/cat.4124.jpg,1,1,8.273509e-10,1.0
/data/Zeyu/Pooling/cat_dog_data/test_set/test_set/cats/cat.4125.jpg,1,1,1.1693934e-06,0.9999988
/data/Zeyu/Pooling/cat_dog_data/test_set/test_set/cats/cat.4126.jpg,1,1,4.8693094e-12,1.0
/data/Zeyu/Pooling/cat_dog_data/test_set/test_set/cats/cat.4127.jpg,1,1,1.3413268e-15,1.0
/data/Zeyu/Pooling/cat_dog_data/test_set/test_set/cats/cat.4128.jpg,1,1,3.3240023e-12,1.0
/data/Zeyu/Pooling/cat_dog_data/test_set/test_set/cats/cat.4001.jpg,1,1,8.774274e-14,1.0
/data/Zeyu/Pooling/cat_dog_data/test_set/test_set/cats/cat.4002.jpg,1,0,0.9734908,0.026509209
/data/Zeyu/Pooling/cat_dog_data/test_set/test_set/cats/cat.4003.jpg,1,1,1.183047e-06,0.9999988
/data/Zeyu/Pooling/cat_dog_data/test_set/test_set/cats/cat.4004.jpg,1,1,5.2851433e-19,1.0
/data/Zeyu/Pooling/cat_dog_data/test_set/test_set/cats/cat.4005.jpg,1,1,8.7015917e-07,0.99999917
/data/Zeyu/Pooling/cat_dog_data/test_set/test_set/cats/cat.4006.jpg,1,1,7.38254e-05,0.9999262
/data/Zeyu/Pooling/cat_dog_data/test_set/test_set/cats/cat.4007.jpg,1,1,0.032915514,0.9670845
/data/Zeyu/Pooling/cat_dog_data/test_set/test_set/cats/cat.4008.jpg,1,1,1.04393735e-07,0.9999999
/data/Zeyu/Pooling/cat_dog_data/test_set/test_set/cats/cat.4009.jpg,1,1,5.8646963e-09,1.0
/data/Zeyu/Pooling/cat_dog_data/test_set/test_set/cats/cat.4010.jpg,1,1,1.0519903e-19,1.0
/data/Zeyu/Pooling/cat_dog_data/test_set/test_set/cats/cat.4011.jpg,1,1,4.2623744e-13,1.0
/data/Zeyu/Pooling/cat_dog_data/test_set/test_set/cats/cat.4012.jpg,1,1,1.3334912e-10,1.0
/data/Zeyu/Pooling/cat_dog_data/test_set/test_set/cats/cat.4013.jpg,1,1,3.9653758e-17,1.0
/data/Zeyu/Pooling/cat_dog_data/test_set/test_set/cats/cat.4014.jpg,1,1,0.00048121167,0.99951875
/data/Zeyu/Pooling/cat_dog_data/test_set/test_set/cats/cat.4015.jpg,1,1,1.6288016e-06,0.99999833
/data/Zeyu/Pooling/cat_dog_data/test_set/test_set/cats/cat.4016.jpg,1,1,1.6734301e-11,1.0
/data/Zeyu/Pooling/cat_dog_data/test_set/test_set/cats/cat.4017.jpg,1,1,2.6735021e-18,1.0
/data/Zeyu/Pooling/cat_dog_data/test_set/test_set/cats/cat.4018.jpg,1,1,1.0766444e-14,1.0
/data/Zeyu/Pooling/cat_dog_data/test_set/test_set/cats/cat.4019.jpg,1,1,2.314333e-10,1.0
/data/Zeyu/Pooling/cat_dog_data/test_set/test_set/cats/cat.4020.jpg,1,1,2.7161363e-15,1.0
/data/Zeyu/Pooling/cat_dog_data/test_set/test_set/cats/cat.4021.jpg,1,1,3.9631133e-14,1.0
/data/Zeyu/Pooling/cat_dog_data/test_set/test_set/cats/cat.4022.jpg,1,1,3.302789e-22,1.0
/data/Zeyu/Pooling/cat_dog_data/test_set/test_set/cats/cat.4023.jpg,1,1,6.3850464e-10,1.0
/data/Zeyu/Pooling/cat_dog_data/test_set/test_set/cats/cat.4024.jpg,1,1,1.8796464e-09,1.0
/data/Zeyu/Pooling/cat_dog_data/test_set/test_set/cats/cat.4025.jpg,1,1,6.3953756e-16,1.0
/data/Zeyu/Pooling/cat_dog_data/test_set/test_set/cats/cat.4026.jpg,1,0,0.7212883,0.27871165
/data/Zeyu/Pooling/cat_dog_data/test_set/test_set/cats/cat.4027.jpg,1,1,2.1919632e-07,0.99999976
/data/Zeyu/Pooling/cat_dog_data/test_set/test_set/cats/cat.4028.jpg,1,1,2.9153214e-16,1.0
/data/Zeyu/Pooling/cat_dog_data/test_set/test_set/cats/cat.4029.jpg,1,1,1.0291468e-08,1.0
/data/Zeyu/Pooling/cat_dog_data/test_set/test_set/cats/cat.4030.jpg,1,1,1.04186654e-07,0.9999999
/data/Zeyu/Pooling/cat_dog_data/test_set/test_set/cats/cat.4031.jpg,1,1,1.2092476e-08,1.0
/data/Zeyu/Pooling/cat_dog_data/test_set/test_set/cats/cat.4032.jpg,1,1,6.009338e-10,1.0
/data/Zeyu/Pooling/cat_dog_data/test_set/test_set/cats/cat.4033.jpg,1,1,0.48700875,0.51299125
/data/Zeyu/Pooling/cat_dog_data/test_set/test_set/cats/cat.4034.jpg,1,1,3.3912678e-13,1.0
/data/Zeyu/Pooling/cat_dog_data/test_set/test_set/cats/cat.4035.jpg,1,1,7.280322e-17,1.0
/data/Zeyu/Pooling/cat_dog_data/test_set/test_set/cats/cat.4036.jpg,1,1,1.1376561e-17,1.0
/data/Zeyu/Pooling/cat_dog_data/test_set/test_set/cats/cat.4037.jpg,1,1,2.1488718e-21,1.0
/data/Zeyu/Pooling/cat_dog_data/test_set/test_set/cats/cat.4038.jpg,1,1,0.045692466,0.9543075
/data/Zeyu/Pooling/cat_dog_data/test_set/test_set/cats/cat.4039.jpg,1,1,2.685751e-12,1.0
/data/Zeyu/Pooling/cat_dog_data/test_set/test_set/cats/cat.4040.jpg,1,1,8.092443e-23,1.0
/data/Zeyu/Pooling/cat_dog_data/test_set/test_set/cats/cat.4041.jpg,1,1,2.388899e-11,1.0
/data/Zeyu/Pooling/cat_dog_data/test_set/test_set/cats/cat.4042.jpg,1,1,3.3804744e-18,1.0
/data/Zeyu/Pooling/cat_dog_data/test_set/test_set/cats/cat.4043.jpg,1,1,1.6880553e-18,1.0
/data/Zeyu/Pooling/cat_dog_data/test_set/test_set/cats/cat.4044.jpg,1,1,3.552083e-07,0.99999964
/data/Zeyu/Pooling/cat_dog_data/test_set/test_set/cats/cat.4045.jpg,1,1,3.552083e-07,0.99999964
/data/Zeyu/Pooling/cat_dog_data/test_set/test_set/cats/cat.4046.jpg,1,1,0.00014662663,0.9998534
/data/Zeyu/Pooling/cat_dog_data/test_set/test_set/cats/cat.4047.jpg,1,1,0.05393789,0.94606215
/data/Zeyu/Pooling/cat_dog_data/test_set/test_set/cats/cat.4048.jpg,1,1,5.9870764e-17,1.0
/data/Zeyu/Pooling/cat_dog_data/test_set/test_set/cats/cat.4049.jpg,1,1,3.7424473e-16,1.0
/data/Zeyu/Pooling/cat_dog_data/test_set/test_set/cats/cat.4050.jpg,1,1,1.3557172e-19,1.0
/data/Zeyu/Pooling/cat_dog_data/test_set/test_set/cats/cat.4051.jpg,1,1,1.8405387e-14,1.0
/data/Zeyu/Pooling/cat_dog_data/test_set/test_set/cats/cat.4052.jpg,1,1,7.1798795e-12,1.0
/data/Zeyu/Pooling/cat_dog_data/test_set/test_set/cats/cat.4053.jpg,1,1,5.0935306e-12,1.0
/data/Zeyu/Pooling/cat_dog_data/test_set/test_set/cats/cat.4054.jpg,1,1,1.4254323e-07,0.9999999
/data/Zeyu/Pooling/cat_dog_data/test_set/test_set/cats/cat.4055.jpg,1,1,1.2665529e-06,0.9999987
/data/Zeyu/Pooling/cat_dog_data/test_set/test_set/cats/cat.4056.jpg,1,1,5.687363e-06,0.9999943
/data/Zeyu/Pooling/cat_dog_data/test_set/test_set/cats/cat.4057.jpg,1,1,6.6034167e-10,1.0
/data/Zeyu/Pooling/cat_dog_data/test_set/test_set/cats/cat.4058.jpg,1,1,1.8398311e-20,1.0
/data/Zeyu/Pooling/cat_dog_data/test_set/test_set/cats/cat.4059.jpg,1,1,3.701779e-05,0.9999629
/data/Zeyu/Pooling/cat_dog_data/test_set/test_set/cats/cat.4060.jpg,1,1,1.508374e-14,1.0
/data/Zeyu/Pooling/cat_dog_data/test_set/test_set/cats/cat.4061.jpg,1,1,2.2309696e-16,1.0
/data/Zeyu/Pooling/cat_dog_data/test_set/test_set/cats/cat.4062.jpg,1,1,4.830157e-22,1.0
/data/Zeyu/Pooling/cat_dog_data/test_set/test_set/cats/cat.4063.jpg,1,1,5.9077657e-08,1.0
/data/Zeyu/Pooling/cat_dog_data/test_set/test_set/cats/cat.4064.jpg,1,1,0.00036862498,0.9996314
/data/Zeyu/Pooling/cat_dog_data/test_set/test_set/cats/cat.4065.jpg,1,1,2.3129039e-17,1.0
/data/Zeyu/Pooling/cat_dog_data/test_set/test_set/cats/cat.4066.jpg,1,1,5.8040864e-11,1.0
/data/Zeyu/Pooling/cat_dog_data/test_set/test_set/cats/cat.4067.jpg,1,1,2.528583e-13,1.0
/data/Zeyu/Pooling/cat_dog_data/test_set/test_set/cats/cat.4068.jpg,1,1,3.944733e-11,1.0
/data/Zeyu/Pooling/cat_dog_data/test_set/test_set/cats/cat.4069.jpg,1,1,3.0171623e-15,1.0
/data/Zeyu/Pooling/cat_dog_data/test_set/test_set/cats/cat.4070.jpg,1,1,2.5089224e-11,1.0
/data/Zeyu/Pooling/cat_dog_data/test_set/test_set/cats/cat.4071.jpg,1,1,8.7749266e-14,1.0
/data/Zeyu/Pooling/cat_dog_data/test_set/test_set/cats/cat.4072.jpg,1,1,1.875509e-14,1.0
/data/Zeyu/Pooling/cat_dog_data/test_set/test_set/cats/cat.4073.jpg,1,1,2.7484508e-12,1.0
/data/Zeyu/Pooling/cat_dog_data/test_set/test_set/cats/cat.4074.jpg,1,1,1.3867418e-09,1.0
/data/Zeyu/Pooling/cat_dog_data/test_set/test_set/cats/cat.4075.jpg,1,1,6.3856955e-09,1.0
/data/Zeyu/Pooling/cat_dog_data/test_set/test_set/cats/cat.4076.jpg,1,1,2.3003176e-20,1.0
/data/Zeyu/Pooling/cat_dog_data/test_set/test_set/cats/cat.4077.jpg,1,1,1.4721084e-08,1.0
/data/Zeyu/Pooling/cat_dog_data/test_set/test_set/cats/cat.4078.jpg,1,1,9.755223e-20,1.0
/data/Zeyu/Pooling/cat_dog_data/test_set/test_set/cats/cat.4079.jpg,1,1,5.3018456e-18,1.0
/data/Zeyu/Pooling/cat_dog_data/test_set/test_set/cats/cat.4080.jpg,1,1,1.512843e-10,1.0
/data/Zeyu/Pooling/cat_dog_data/test_set/test_set/cats/cat.4081.jpg,1,1,1.993847e-14,1.0
/data/Zeyu/Pooling/cat_dog_data/test_set/test_set/cats/cat.4082.jpg,1,1,0.065279335,0.9347207
/data/Zeyu/Pooling/cat_dog_data/test_set/test_set/cats/cat.4083.jpg,1,1,1.42240895e-08,1.0
/data/Zeyu/Pooling/cat_dog_data/test_set/test_set/cats/cat.4084.jpg,1,1,3.7805878e-23,1.0
/data/Zeyu/Pooling/cat_dog_data/test_set/test_set/cats/cat.4085.jpg,1,1,2.9643346e-19,1.0
/data/Zeyu/Pooling/cat_dog_data/test_set/test_set/cats/cat.4086.jpg,1,1,2.9643346e-19,1.0
/data/Zeyu/Pooling/cat_dog_data/test_set/test_set/cats/cat.4087.jpg,1,1,7.574733e-08,0.9999999
/data/Zeyu/Pooling/cat_dog_data/test_set/test_set/cats/cat.4088.jpg,1,1,1.1960093e-13,1.0
/data/Zeyu/Pooling/cat_dog_data/test_set/test_set/cats/cat.4089.jpg,1,1,1.4586915e-07,0.9999999
/data/Zeyu/Pooling/cat_dog_data/test_set/test_set/cats/cat.4090.jpg,1,1,7.933153e-19,1.0
/data/Zeyu/Pooling/cat_dog_data/test_set/test_set/cats/cat.4091.jpg,1,1,5.063312e-15,1.0
/data/Zeyu/Pooling/cat_dog_data/test_set/test_set/cats/cat.4092.jpg,1,1,0.0004329972,0.999567
/data/Zeyu/Pooling/cat_dog_data/test_set/test_set/cats/cat.4093.jpg,1,1,1.9931247e-06,0.999998
/data/Zeyu/Pooling/cat_dog_data/test_set/test_set/cats/cat.4094.jpg,1,1,1.5739918e-08,1.0
/data/Zeyu/Pooling/cat_dog_data/test_set/test_set/cats/cat.4095.jpg,1,1,2.327818e-10,1.0
/data/Zeyu/Pooling/cat_dog_data/test_set/test_set/cats/cat.4096.jpg,1,1,3.3123865e-17,1.0
/data/Zeyu/Pooling/cat_dog_data/test_set/test_set/cats/cat.4097.jpg,1,1,1.8207475e-05,0.99998176
/data/Zeyu/Pooling/cat_dog_data/test_set/test_set/cats/cat.4098.jpg,1,1,2.9847672e-10,1.0
/data/Zeyu/Pooling/cat_dog_data/test_set/test_set/cats/cat.4099.jpg,1,0,0.9941784,0.0058215964
/data/Zeyu/Pooling/cat_dog_data/test_set/test_set/cats/cat.4100.jpg,1,1,3.978139e-14,1.0
/data/Zeyu/Pooling/cat_dog_data/test_set/test_set/cats/cat.4101.jpg,1,1,3.978139e-14,1.0
/data/Zeyu/Pooling/cat_dog_data/test_set/test_set/cats/cat.4102.jpg,1,1,2.3459989e-14,1.0
/data/Zeyu/Pooling/cat_dog_data/test_set/test_set/cats/cat.4103.jpg,1,1,3.4932573e-06,0.99999654
/data/Zeyu/Pooling/cat_dog_data/test_set/test_set/cats/cat.4104.jpg,1,1,0.032670137,0.96732986
/data/Zeyu/Pooling/cat_dog_data/test_set/test_set/cats/cat.4105.jpg,1,1,2.3900585e-17,1.0
/data/Zeyu/Pooling/cat_dog_data/test_set/test_set/cats/cat.4106.jpg,1,1,4.0475102e-11,1.0
/data/Zeyu/Pooling/cat_dog_data/test_set/test_set/cats/cat.4107.jpg,1,1,2.5550222e-11,1.0
/data/Zeyu/Pooling/cat_dog_data/test_set/test_set/cats/cat.4108.jpg,1,1,1.8664114e-19,1.0
/data/Zeyu/Pooling/cat_dog_data/test_set/test_set/cats/cat.4109.jpg,1,1,4.827898e-08,1.0
/data/Zeyu/Pooling/cat_dog_data/test_set/test_set/cats/cat.4110.jpg,1,1,4.655001e-09,1.0
/data/Zeyu/Pooling/cat_dog_data/test_set/test_set/cats/cat.4111.jpg,1,1,1.7253149e-16,1.0
/data/Zeyu/Pooling/cat_dog_data/test_set/test_set/cats/cat.4112.jpg,1,1,8.25594e-12,1.0
/data/Zeyu/Pooling/cat_dog_data/test_set/test_set/cats/cat.4113.jpg,1,1,1.5800657e-22,1.0
/data/Zeyu/Pooling/cat_dog_data/test_set/test_set/cats/cat.4114.jpg,1,1,2.2580949e-08,1.0
/data/Zeyu/Pooling/cat_dog_data/test_set/test_set/cats/cat.4115.jpg,1,1,1.815956e-13,1.0
/data/Zeyu/Pooling/cat_dog_data/test_set/test_set/cats/cat.4116.jpg,1,1,7.655766e-08,0.9999999
/data/Zeyu/Pooling/cat_dog_data/test_set/test_set/cats/cat.4117.jpg,1,1,0.02642483,0.9735752
/data/Zeyu/Pooling/cat_dog_data/test_set/test_set/cats/cat.4118.jpg,1,1,2.0139961e-19,1.0
/data/Zeyu/Pooling/cat_dog_data/test_set/test_set/cats/cat.4119.jpg,1,1,7.772352e-07,0.99999917
/data/Zeyu/Pooling/cat_dog_data/test_set/test_set/cats/cat.4120.jpg,1,1,1.3816173e-09,1.0
/data/Zeyu/Pooling/cat_dog_data/test_set/test_set/cats/cat.4121.jpg,1,1,1.3613786e-16,1.0
/data/Zeyu/Pooling/cat_dog_data/test_set/test_set/cats/cat.4122.jpg,1,1,6.4713193e-19,1.0
/data/Zeyu/Pooling/cat_dog_data/test_set/test_set/cats/cat.4123.jpg,1,1,3.703293e-09,1.0
/data/Zeyu/Pooling/cat_dog_data/test_set/test_set/cats/cat.4124.jpg,1,1,1.5636822e-17,1.0
/data/Zeyu/Pooling/cat_dog_data/test_set/test_set/cats/cat.4125.jpg,1,1,1.5854285e-07,0.9999999
/data/Zeyu/Pooling/cat_dog_data/test_set/test_set/cats/cat.4126.jpg,1,1,6.790631e-20,1.0
/data/Zeyu/Pooling/cat_dog_data/test_set/test_set/cats/cat.4127.jpg,1,1,0.0038118225,0.9961882
/data/Zeyu/Pooling/cat_dog_data/test_set/test_set/cats/cat.4128.jpg,1,1,1.9655264e-19,1.0
/data/Zeyu/Pooling/cat_dog_data/test_set/test_set/cats/cat.4001.jpg,1,1,2.4005665e-17,1.0
/data/Zeyu/Pooling/cat_dog_data/test_set/test_set/cats/cat.4002.jpg,1,1,2.934611e-14,1.0
/data/Zeyu/Pooling/cat_dog_data/test_set/test_set/cats/cat.4003.jpg,1,1,9.9632664e-14,1.0
/data/Zeyu/Pooling/cat_dog_data/test_set/test_set/cats/cat.4004.jpg,1,1,6.3748786e-08,0.9999999
/data/Zeyu/Pooling/cat_dog_data/test_set/test_set/cats/cat.4005.jpg,1,1,9.4291595e-11,1.0
/data/Zeyu/Pooling/cat_dog_data/test_set/test_set/cats/cat.4006.jpg,1,1,5.8112764e-05,0.9999418
/data/Zeyu/Pooling/cat_dog_data/test_set/test_set/cats/cat.4007.jpg,1,1,7.869747e-16,1.0
/data/Zeyu/Pooling/cat_dog_data/test_set/test_set/cats/cat.4008.jpg,1,1,6.488212e-16,1.0
/data/Zeyu/Pooling/cat_dog_data/test_set/test_set/cats/cat.4009.jpg,1,1,4.8711903e-14,1.0
/data/Zeyu/Pooling/cat_dog_data/test_set/test_set/cats/cat.4010.jpg,1,1,7.7783746e-08,0.9999999
/data/Zeyu/Pooling/cat_dog_data/test_set/test_set/cats/cat.4011.jpg,1,1,3.5617902e-12,1.0
/data/Zeyu/Pooling/cat_dog_data/test_set/test_set/cats/cat.4012.jpg,1,1,8.4458216e-13,1.0
/data/Zeyu/Pooling/cat_dog_data/test_set/test_set/cats/cat.4013.jpg,1,1,0.0017357755,0.99826425
/data/Zeyu/Pooling/cat_dog_data/test_set/test_set/cats/cat.4014.jpg,1,1,2.2697088e-17,1.0
/data/Zeyu/Pooling/cat_dog_data/test_set/test_set/cats/cat.4015.jpg,1,1,2.7648463e-11,1.0
/data/Zeyu/Pooling/cat_dog_data/test_set/test_set/cats/cat.4016.jpg,1,1,4.8037556e-13,1.0
/data/Zeyu/Pooling/cat_dog_data/test_set/test_set/cats/cat.4017.jpg,1,1,9.404238e-13,1.0
/data/Zeyu/Pooling/cat_dog_data/test_set/test_set/cats/cat.4018.jpg,1,1,4.0104587e-13,1.0
/data/Zeyu/Pooling/cat_dog_data/test_set/test_set/cats/cat.4019.jpg,1,1,3.4342633e-12,1.0
/data/Zeyu/Pooling/cat_dog_data/test_set/test_set/cats/cat.4020.jpg,1,1,0.00047240776,0.9995276
/data/Zeyu/Pooling/cat_dog_data/test_set/test_set/cats/cat.4021.jpg,1,0,1.0,4.6074977e-08
/data/Zeyu/Pooling/cat_dog_data/test_set/test_set/cats/cat.4022.jpg,1,1,3.2685963e-05,0.99996734
/data/Zeyu/Pooling/cat_dog_data/test_set/test_set/cats/cat.4023.jpg,1,1,1.7520698e-09,1.0
/data/Zeyu/Pooling/cat_dog_data/test_set/test_set/cats/cat.4024.jpg,1,1,7.178518e-21,1.0
/data/Zeyu/Pooling/cat_dog_data/test_set/test_set/cats/cat.4025.jpg,1,1,2.2123274e-10,1.0
/data/Zeyu/Pooling/cat_dog_data/test_set/test_set/cats/cat.4026.jpg,1,1,2.6952253e-07,0.99999976
/data/Zeyu/Pooling/cat_dog_data/test_set/test_set/cats/cat.4027.jpg,1,1,7.4492046e-13,1.0
/data/Zeyu/Pooling/cat_dog_data/test_set/test_set/cats/cat.4028.jpg,1,1,8.16735e-09,1.0
/data/Zeyu/Pooling/cat_dog_data/test_set/test_set/cats/cat.4029.jpg,1,1,1.8934057e-17,1.0
/data/Zeyu/Pooling/cat_dog_data/test_set/test_set/cats/cat.4030.jpg,1,1,1.3038426e-08,1.0
/data/Zeyu/Pooling/cat_dog_data/test_set/test_set/cats/cat.4031.jpg,1,1,4.2497458e-08,1.0
/data/Zeyu/Pooling/cat_dog_data/test_set/test_set/cats/cat.4032.jpg,1,1,5.8499683e-10,1.0
/data/Zeyu/Pooling/cat_dog_data/test_set/test_set/cats/cat.4033.jpg,1,1,1.597703e-15,1.0
/data/Zeyu/Pooling/cat_dog_data/test_set/test_set/cats/cat.4034.jpg,1,1,5.2175057e-15,1.0
/data/Zeyu/Pooling/cat_dog_data/test_set/test_set/cats/cat.4035.jpg,1,1,3.2204556e-12,1.0
/data/Zeyu/Pooling/cat_dog_data/test_set/test_set/cats/cat.4036.jpg,1,1,1.2980157e-13,1.0
/data/Zeyu/Pooling/cat_dog_data/test_set/test_set/cats/cat.4037.jpg,1,1,5.6062197e-07,0.9999994
/data/Zeyu/Pooling/cat_dog_data/test_set/test_set/cats/cat.4038.jpg,1,1,1.4658083e-10,1.0
/data/Zeyu/Pooling/cat_dog_data/test_set/test_set/cats/cat.4039.jpg,1,1,4.146912e-10,1.0
/data/Zeyu/Pooling/cat_dog_data/test_set/test_set/cats/cat.4040.jpg,1,1,1.0215733e-10,1.0
/data/Zeyu/Pooling/cat_dog_data/test_set/test_set/cats/cat.4041.jpg,1,1,3.341658e-14,1.0
/data/Zeyu/Pooling/cat_dog_data/test_set/test_set/cats/cat.4042.jpg,1,1,2.5658582e-19,1.0
/data/Zeyu/Pooling/cat_dog_data/test_set/test_set/cats/cat.4043.jpg,1,1,4.4748623e-12,1.0
/data/Zeyu/Pooling/cat_dog_data/test_set/test_set/cats/cat.4044.jpg,1,1,8.028371e-14,1.0
/data/Zeyu/Pooling/cat_dog_data/test_set/test_set/cats/cat.4045.jpg,1,1,0.0012576688,0.9987424
/data/Zeyu/Pooling/cat_dog_data/test_set/test_set/cats/cat.4046.jpg,1,0,0.99982613,0.00017391039
/data/Zeyu/Pooling/cat_dog_data/test_set/test_set/cats/cat.4047.jpg,1,1,6.1455675e-15,1.0
/data/Zeyu/Pooling/cat_dog_data/test_set/test_set/cats/cat.4048.jpg,1,1,4.6672325e-21,1.0
/data/Zeyu/Pooling/cat_dog_data/test_set/test_set/cats/cat.4049.jpg,1,1,4.5929028e-17,1.0
/data/Zeyu/Pooling/cat_dog_data/test_set/test_set/cats/cat.4050.jpg,1,1,0.0075271125,0.9924729
/data/Zeyu/Pooling/cat_dog_data/test_set/test_set/cats/cat.4051.jpg,1,1,3.1244247e-18,1.0
/data/Zeyu/Pooling/cat_dog_data/test_set/test_set/cats/cat.4052.jpg,1,1,4.1115933e-07,0.99999964
/data/Zeyu/Pooling/cat_dog_data/test_set/test_set/cats/cat.4053.jpg,1,1,0.00028397187,0.999716
/data/Zeyu/Pooling/cat_dog_data/test_set/test_set/cats/cat.4054.jpg,1,1,4.0685262e-25,1.0
/data/Zeyu/Pooling/cat_dog_data/test_set/test_set/cats/cat.4055.jpg,1,1,7.157436e-10,1.0
/data/Zeyu/Pooling/cat_dog_data/test_set/test_set/cats/cat.4056.jpg,1,1,1.7423214e-14,1.0
/data/Zeyu/Pooling/cat_dog_data/test_set/test_set/cats/cat.4057.jpg,1,1,0.005718609,0.9942814
/data/Zeyu/Pooling/cat_dog_data/test_set/test_set/cats/cat.4058.jpg,1,1,3.422885e-08,1.0
/data/Zeyu/Pooling/cat_dog_data/test_set/test_set/cats/cat.4059.jpg,1,1,9.927534e-09,1.0
/data/Zeyu/Pooling/cat_dog_data/test_set/test_set/cats/cat.4060.jpg,1,1,9.890055e-13,1.0
/data/Zeyu/Pooling/cat_dog_data/test_set/test_set/cats/cat.4061.jpg,1,1,6.1227897e-18,1.0
/data/Zeyu/Pooling/cat_dog_data/test_set/test_set/cats/cat.4062.jpg,1,0,0.93315023,0.06684978
/data/Zeyu/Pooling/cat_dog_data/test_set/test_set/cats/cat.4063.jpg,1,0,0.9971847,0.0028152324
/data/Zeyu/Pooling/cat_dog_data/test_set/test_set/cats/cat.4064.jpg,1,1,7.156948e-05,0.9999285
/data/Zeyu/Pooling/cat_dog_data/test_set/test_set/cats/cat.4065.jpg,1,1,1.8996665e-14,1.0
/data/Zeyu/Pooling/cat_dog_data/test_set/test_set/cats/cat.4066.jpg,1,1,1.4096851e-08,1.0
/data/Zeyu/Pooling/cat_dog_data/test_set/test_set/cats/cat.4067.jpg,1,1,1.7460862e-15,1.0
/data/Zeyu/Pooling/cat_dog_data/test_set/test_set/cats/cat.4068.jpg,1,1,2.3864818e-10,1.0
/data/Zeyu/Pooling/cat_dog_data/test_set/test_set/cats/cat.4069.jpg,1,1,9.133337e-19,1.0
/data/Zeyu/Pooling/cat_dog_data/test_set/test_set/cats/cat.4070.jpg,1,1,9.8287636e-14,1.0
/data/Zeyu/Pooling/cat_dog_data/test_set/test_set/cats/cat.4071.jpg,1,1,3.8651635e-17,1.0
/data/Zeyu/Pooling/cat_dog_data/test_set/test_set/cats/cat.4072.jpg,1,0,0.998099,0.0019009545
/data/Zeyu/Pooling/cat_dog_data/test_set/test_set/cats/cat.4073.jpg,1,1,2.338939e-22,1.0
/data/Zeyu/Pooling/cat_dog_data/test_set/test_set/cats/cat.4074.jpg,1,1,6.709363e-14,1.0
/data/Zeyu/Pooling/cat_dog_data/test_set/test_set/cats/cat.4075.jpg,1,1,4.2920197e-21,1.0
/data/Zeyu/Pooling/cat_dog_data/test_set/test_set/cats/cat.4076.jpg,1,1,3.842028e-23,1.0
/data/Zeyu/Pooling/cat_dog_data/test_set/test_set/cats/cat.4077.jpg,1,1,1.2036194e-15,1.0
/data/Zeyu/Pooling/cat_dog_data/test_set/test_set/cats/cat.4078.jpg,1,1,2.229615e-14,1.0
/data/Zeyu/Pooling/cat_dog_data/test_set/test_set/cats/cat.4079.jpg,1,1,6.3327214e-22,1.0
/data/Zeyu/Pooling/cat_dog_data/test_set/test_set/cats/cat.4080.jpg,1,1,6.01606e-17,1.0
/data/Zeyu/Pooling/cat_dog_data/test_set/test_set/cats/cat.4081.jpg,1,1,1.8177303e-13,1.0
/data/Zeyu/Pooling/cat_dog_data/test_set/test_set/cats/cat.4082.jpg,1,1,1.3635097e-12,1.0
/data/Zeyu/Pooling/cat_dog_data/test_set/test_set/cats/cat.4083.jpg,1,1,1.2620919e-12,1.0
/data/Zeyu/Pooling/cat_dog_data/test_set/test_set/cats/cat.4084.jpg,1,1,1.7764177e-14,1.0
/data/Zeyu/Pooling/cat_dog_data/test_set/test_set/cats/cat.4085.jpg,1,1,1.0590873e-05,0.9999894
/data/Zeyu/Pooling/cat_dog_data/test_set/test_set/cats/cat.4086.jpg,1,0,0.998187,0.0018130352
/data/Zeyu/Pooling/cat_dog_data/test_set/test_set/cats/cat.4087.jpg,1,1,1.0677004e-09,1.0
/data/Zeyu/Pooling/cat_dog_data/test_set/test_set/cats/cat.4088.jpg,1,1,0.2993174,0.7006826
/data/Zeyu/Pooling/cat_dog_data/test_set/test_set/cats/cat.4089.jpg,1,1,2.406374e-10,1.0
/data/Zeyu/Pooling/cat_dog_data/test_set/test_set/cats/cat.4090.jpg,1,1,1.9055929e-10,1.0
/data/Zeyu/Pooling/cat_dog_data/test_set/test_set/cats/cat.4091.jpg,1,1,2.9281393e-12,1.0
/data/Zeyu/Pooling/cat_dog_data/test_set/test_set/cats/cat.4092.jpg,1,1,8.7794044e-16,1.0
/data/Zeyu/Pooling/cat_dog_data/test_set/test_set/cats/cat.4093.jpg,1,1,6.87786e-13,1.0
/data/Zeyu/Pooling/cat_dog_data/test_set/test_set/cats/cat.4094.jpg,1,1,2.237179e-05,0.9999776
/data/Zeyu/Pooling/cat_dog_data/test_set/test_set/cats/cat.4095.jpg,1,1,9.676506e-05,0.9999032
/data/Zeyu/Pooling/cat_dog_data/test_set/test_set/cats/cat.4096.jpg,1,1,0.0128027545,0.9871973
/data/Zeyu/Pooling/cat_dog_data/test_set/test_set/cats/cat.4097.jpg,1,1,1.6052531e-12,1.0
/data/Zeyu/Pooling/cat_dog_data/test_set/test_set/cats/cat.4098.jpg,1,1,7.291279e-15,1.0
/data/Zeyu/Pooling/cat_dog_data/test_set/test_set/cats/cat.4099.jpg,1,1,2.7254905e-13,1.0
/data/Zeyu/Pooling/cat_dog_data/test_set/test_set/cats/cat.4100.jpg,1,1,1.4064808e-12,1.0
/data/Zeyu/Pooling/cat_dog_data/test_set/test_set/cats/cat.4101.jpg,1,1,2.6950276e-05,0.99997306
/data/Zeyu/Pooling/cat_dog_data/test_set/test_set/cats/cat.4102.jpg,1,1,8.3981057e-22,1.0
/data/Zeyu/Pooling/cat_dog_data/test_set/test_set/cats/cat.4103.jpg,1,1,8.8358623e-13,1.0
/data/Zeyu/Pooling/cat_dog_data/test_set/test_set/cats/cat.4104.jpg,1,1,3.9477362e-11,1.0
/data/Zeyu/Pooling/cat_dog_data/test_set/test_set/cats/cat.4105.jpg,1,1,0.00010178142,0.9998982
/data/Zeyu/Pooling/cat_dog_data/test_set/test_set/cats/cat.4106.jpg,1,1,1.7510968e-10,1.0
/data/Zeyu/Pooling/cat_dog_data/test_set/test_set/cats/cat.4107.jpg,1,1,2.179249e-15,1.0
/data/Zeyu/Pooling/cat_dog_data/test_set/test_set/cats/cat.4108.jpg,1,1,2.975333e-13,1.0
/data/Zeyu/Pooling/cat_dog_data/test_set/test_set/cats/cat.4109.jpg,1,1,3.1962668e-15,1.0
/data/Zeyu/Pooling/cat_dog_data/test_set/test_set/cats/cat.4110.jpg,1,1,9.70952e-07,0.99999905
/data/Zeyu/Pooling/cat_dog_data/test_set/test_set/cats/cat.4111.jpg,1,1,6.6660002e-12,1.0
/data/Zeyu/Pooling/cat_dog_data/test_set/test_set/cats/cat.4112.jpg,1,1,1.6271719e-05,0.9999838
/data/Zeyu/Pooling/cat_dog_data/test_set/test_set/cats/cat.4113.jpg,1,1,2.2629475e-10,1.0
/data/Zeyu/Pooling/cat_dog_data/test_set/test_set/cats/cat.4114.jpg,1,1,1.734099e-14,1.0
/data/Zeyu/Pooling/cat_dog_data/test_set/test_set/cats/cat.4115.jpg,1,1,1.9821318e-09,1.0
/data/Zeyu/Pooling/cat_dog_data/test_set/test_set/cats/cat.4116.jpg,1,1,1.2847962e-20,1.0
/data/Zeyu/Pooling/cat_dog_data/test_set/test_set/cats/cat.4117.jpg,1,1,6.4677356e-06,0.99999356
/data/Zeyu/Pooling/cat_dog_data/test_set/test_set/cats/cat.4118.jpg,1,1,6.134876e-11,1.0
/data/Zeyu/Pooling/cat_dog_data/test_set/test_set/cats/cat.4119.jpg,1,1,1.4199674e-06,0.99999857
/data/Zeyu/Pooling/cat_dog_data/test_set/test_set/cats/cat.4120.jpg,1,1,0.00015252962,0.9998474
/data/Zeyu/Pooling/cat_dog_data/test_set/test_set/cats/cat.4121.jpg,1,1,7.424951e-12,1.0
/data/Zeyu/Pooling/cat_dog_data/test_set/test_set/cats/cat.4122.jpg,1,1,1.2486138e-06,0.9999988
/data/Zeyu/Pooling/cat_dog_data/test_set/test_set/cats/cat.4123.jpg,1,1,6.8937445e-15,1.0
/data/Zeyu/Pooling/cat_dog_data/test_set/test_set/cats/cat.4124.jpg,1,1,7.867748e-13,1.0
/data/Zeyu/Pooling/cat_dog_data/test_set/test_set/cats/cat.4125.jpg,1,1,9.3037883e-10,1.0
/data/Zeyu/Pooling/cat_dog_data/test_set/test_set/cats/cat.4126.jpg,1,1,1.9407938e-08,1.0
/data/Zeyu/Pooling/cat_dog_data/test_set/test_set/cats/cat.4127.jpg,1,1,3.149384e-06,0.9999969
/data/Zeyu/Pooling/cat_dog_data/test_set/test_set/cats/cat.4128.jpg,1,1,1.1445006e-14,1.0
/data/Zeyu/Pooling/cat_dog_data/test_set/test_set/cats/cat.4001.jpg,1,1,2.139607e-11,1.0
/data/Zeyu/Pooling/cat_dog_data/test_set/test_set/cats/cat.4002.jpg,1,1,7.151775e-13,1.0
/data/Zeyu/Pooling/cat_dog_data/test_set/test_set/cats/cat.4003.jpg,1,1,7.31198e-05,0.9999269
/data/Zeyu/Pooling/cat_dog_data/test_set/test_set/cats/cat.4004.jpg,1,1,3.4913345e-19,1.0
/data/Zeyu/Pooling/cat_dog_data/test_set/test_set/cats/cat.4005.jpg,1,1,3.9884222e-16,1.0
/data/Zeyu/Pooling/cat_dog_data/test_set/test_set/cats/cat.4006.jpg,1,1,3.3347523e-09,1.0
/data/Zeyu/Pooling/cat_dog_data/test_set/test_set/cats/cat.4007.jpg,1,1,1.1742907e-10,1.0
/data/Zeyu/Pooling/cat_dog_data/test_set/test_set/cats/cat.4008.jpg,1,1,1.671679e-07,0.9999999
/data/Zeyu/Pooling/cat_dog_data/test_set/test_set/cats/cat.4009.jpg,1,1,2.772936e-08,1.0
/data/Zeyu/Pooling/cat_dog_data/test_set/test_set/cats/cat.4010.jpg,1,1,2.0985775e-09,1.0
/data/Zeyu/Pooling/cat_dog_data/test_set/test_set/cats/cat.4011.jpg,1,1,9.478986e-14,1.0
/data/Zeyu/Pooling/cat_dog_data/test_set/test_set/cats/cat.4012.jpg,1,1,3.0344053e-16,1.0
/data/Zeyu/Pooling/cat_dog_data/test_set/test_set/cats/cat.4013.jpg,1,1,0.00097059074,0.9990294
/data/Zeyu/Pooling/cat_dog_data/test_set/test_set/cats/cat.4014.jpg,1,0,0.79470974,0.20529021
/data/Zeyu/Pooling/cat_dog_data/test_set/test_set/cats/cat.4015.jpg,1,1,6.6964307e-12,1.0
/data/Zeyu/Pooling/cat_dog_data/test_set/test_set/cats/cat.4016.jpg,1,1,1.4423338e-11,1.0
/data/Zeyu/Pooling/cat_dog_data/test_set/test_set/cats/cat.4017.jpg,1,1,8.513992e-10,1.0
/data/Zeyu/Pooling/cat_dog_data/test_set/test_set/cats/cat.4018.jpg,1,1,3.300747e-08,1.0
/data/Zeyu/Pooling/cat_dog_data/test_set/test_set/cats/cat.4019.jpg,1,1,9.608499e-18,1.0
/data/Zeyu/Pooling/cat_dog_data/test_set/test_set/cats/cat.4020.jpg,1,1,5.152467e-07,0.9999995
/data/Zeyu/Pooling/cat_dog_data/test_set/test_set/cats/cat.4021.jpg,1,1,1.1676563e-08,1.0
/data/Zeyu/Pooling/cat_dog_data/test_set/test_set/cats/cat.4022.jpg,1,1,3.7840563e-20,1.0
/data/Zeyu/Pooling/cat_dog_data/test_set/test_set/cats/cat.4023.jpg,1,1,1.5253738e-07,0.9999999
/data/Zeyu/Pooling/cat_dog_data/test_set/test_set/cats/cat.4024.jpg,1,1,9.2563535e-17,1.0
/data/Zeyu/Pooling/cat_dog_data/test_set/test_set/cats/cat.4025.jpg,1,1,7.476723e-16,1.0
/data/Zeyu/Pooling/cat_dog_data/test_set/test_set/cats/cat.4026.jpg,1,1,2.8424816e-08,1.0
/data/Zeyu/Pooling/cat_dog_data/test_set/test_set/cats/cat.4027.jpg,1,1,8.1404006e-16,1.0
/data/Zeyu/Pooling/cat_dog_data/test_set/test_set/cats/cat.4028.jpg,1,1,0.004906458,0.9950936
/data/Zeyu/Pooling/cat_dog_data/test_set/test_set/cats/cat.4029.jpg,1,1,8.0059535e-14,1.0
/data/Zeyu/Pooling/cat_dog_data/test_set/test_set/cats/cat.4030.jpg,1,1,2.9175945e-10,1.0
/data/Zeyu/Pooling/cat_dog_data/test_set/test_set/cats/cat.4031.jpg,1,1,3.201352e-17,1.0
/data/Zeyu/Pooling/cat_dog_data/test_set/test_set/cats/cat.4032.jpg,1,1,1.0978794e-14,1.0
/data/Zeyu/Pooling/cat_dog_data/test_set/test_set/cats/cat.4033.jpg,1,1,0.22750255,0.7724974
/data/Zeyu/Pooling/cat_dog_data/test_set/test_set/cats/cat.4034.jpg,1,1,1.0237993e-13,1.0
/data/Zeyu/Pooling/cat_dog_data/test_set/test_set/cats/cat.4035.jpg,1,1,2.1630031e-19,1.0
/data/Zeyu/Pooling/cat_dog_data/test_set/test_set/cats/cat.4036.jpg,1,1,2.0018393e-05,0.99998
/data/Zeyu/Pooling/cat_dog_data/test_set/test_set/cats/cat.4037.jpg,1,1,2.1961812e-08,1.0
/data/Zeyu/Pooling/cat_dog_data/test_set/test_set/cats/cat.4038.jpg,1,1,2.3762787e-15,1.0
/data/Zeyu/Pooling/cat_dog_data/test_set/test_set/cats/cat.4039.jpg,1,1,2.2349904e-16,1.0
/data/Zeyu/Pooling/cat_dog_data/test_set/test_set/cats/cat.4040.jpg,1,1,2.2219086e-07,0.99999976
/data/Zeyu/Pooling/cat_dog_data/test_set/test_set/cats/cat.4041.jpg,1,1,1.5427405e-13,1.0
/data/Zeyu/Pooling/cat_dog_data/test_set/test_set/cats/cat.4042.jpg,1,1,2.4135027e-06,0.9999976
/data/Zeyu/Pooling/cat_dog_data/test_set/test_set/cats/cat.4043.jpg,1,1,1.7304858e-20,1.0
/data/Zeyu/Pooling/cat_dog_data/test_set/test_set/cats/cat.4044.jpg,1,1,3.1410485e-10,1.0
/data/Zeyu/Pooling/cat_dog_data/test_set/test_set/cats/cat.4045.jpg,1,1,4.089094e-11,1.0
/data/Zeyu/Pooling/cat_dog_data/test_set/test_set/cats/cat.4046.jpg,1,1,2.53757e-09,1.0
/data/Zeyu/Pooling/cat_dog_data/test_set/test_set/cats/cat.4047.jpg,1,1,2.53757e-09,1.0
/data/Zeyu/Pooling/cat_dog_data/test_set/test_set/cats/cat.4048.jpg,1,1,5.333637e-09,1.0
/data/Zeyu/Pooling/cat_dog_data/test_set/test_set/cats/cat.4049.jpg,1,1,2.9238476e-12,1.0
/data/Zeyu/Pooling/cat_dog_data/test_set/test_set/cats/cat.4050.jpg,1,1,2.275288e-09,1.0
/data/Zeyu/Pooling/cat_dog_data/test_set/test_set/cats/cat.4051.jpg,1,1,6.0607934e-17,1.0
/data/Zeyu/Pooling/cat_dog_data/test_set/test_set/cats/cat.4052.jpg,1,1,4.240055e-15,1.0
/data/Zeyu/Pooling/cat_dog_data/test_set/test_set/cats/cat.4053.jpg,1,1,2.0588235e-13,1.0
/data/Zeyu/Pooling/cat_dog_data/test_set/test_set/cats/cat.4054.jpg,1,1,2.0588235e-13,1.0
/data/Zeyu/Pooling/cat_dog_data/test_set/test_set/cats/cat.4055.jpg,1,1,1.3451641e-12,1.0
/data/Zeyu/Pooling/cat_dog_data/test_set/test_set/cats/cat.4056.jpg,1,1,3.0457043e-21,1.0
/data/Zeyu/Pooling/cat_dog_data/test_set/test_set/cats/cat.4057.jpg,1,1,2.9165882e-17,1.0
/data/Zeyu/Pooling/cat_dog_data/test_set/test_set/cats/cat.4058.jpg,1,1,2.2875796e-10,1.0
/data/Zeyu/Pooling/cat_dog_data/test_set/test_set/cats/cat.4059.jpg,1,1,2.5646187e-09,1.0
/data/Zeyu/Pooling/cat_dog_data/test_set/test_set/cats/cat.4060.jpg,1,1,5.1900713e-07,0.9999995
/data/Zeyu/Pooling/cat_dog_data/test_set/test_set/cats/cat.4061.jpg,1,1,5.1900713e-07,0.9999995
/data/Zeyu/Pooling/cat_dog_data/test_set/test_set/cats/cat.4062.jpg,1,1,4.365415e-22,1.0
/data/Zeyu/Pooling/cat_dog_data/test_set/test_set/cats/cat.4063.jpg,1,1,1.0797695e-08,1.0
/data/Zeyu/Pooling/cat_dog_data/test_set/test_set/cats/cat.4064.jpg,1,1,0.00010550108,0.9998945
/data/Zeyu/Pooling/cat_dog_data/test_set/test_set/cats/cat.4065.jpg,1,1,2.5538807e-12,1.0
/data/Zeyu/Pooling/cat_dog_data/test_set/test_set/cats/cat.4066.jpg,1,1,3.948081e-06,0.99999607
/data/Zeyu/Pooling/cat_dog_data/test_set/test_set/cats/cat.4067.jpg,1,1,3.7170673e-11,1.0
/data/Zeyu/Pooling/cat_dog_data/test_set/test_set/cats/cat.4068.jpg,1,1,6.7183437e-09,1.0
/data/Zeyu/Pooling/cat_dog_data/test_set/test_set/cats/cat.4069.jpg,1,1,8.964151e-15,1.0
/data/Zeyu/Pooling/cat_dog_data/test_set/test_set/cats/cat.4070.jpg,1,1,0.0013501755,0.9986499
/data/Zeyu/Pooling/cat_dog_data/test_set/test_set/cats/cat.4071.jpg,1,1,2.4834697e-11,1.0
/data/Zeyu/Pooling/cat_dog_data/test_set/test_set/cats/cat.4072.jpg,1,1,7.387326e-18,1.0
/data/Zeyu/Pooling/cat_dog_data/test_set/test_set/cats/cat.4073.jpg,1,1,6.639245e-14,1.0
/data/Zeyu/Pooling/cat_dog_data/test_set/test_set/cats/cat.4074.jpg,1,1,7.592138e-18,1.0
/data/Zeyu/Pooling/cat_dog_data/test_set/test_set/cats/cat.4075.jpg,1,1,3.405555e-20,1.0
/data/Zeyu/Pooling/cat_dog_data/test_set/test_set/cats/cat.4076.jpg,1,1,0.001535524,0.99846447
/data/Zeyu/Pooling/cat_dog_data/test_set/test_set/cats/cat.4077.jpg,1,1,3.494768e-14,1.0
/data/Zeyu/Pooling/cat_dog_data/test_set/test_set/cats/cat.4078.jpg,1,1,3.7532503e-19,1.0
/data/Zeyu/Pooling/cat_dog_data/test_set/test_set/cats/cat.4079.jpg,1,1,1.4928463e-07,0.9999999
/data/Zeyu/Pooling/cat_dog_data/test_set/test_set/cats/cat.4080.jpg,1,1,5.4934517e-05,0.99994504
/data/Zeyu/Pooling/cat_dog_data/test_set/test_set/cats/cat.4081.jpg,1,1,5.7361486e-15,1.0
/data/Zeyu/Pooling/cat_dog_data/test_set/test_set/cats/cat.4082.jpg,1,1,1.1549134e-12,1.0
/data/Zeyu/Pooling/cat_dog_data/test_set/test_set/cats/cat.4083.jpg,1,1,1.2370993e-21,1.0
/data/Zeyu/Pooling/cat_dog_data/test_set/test_set/cats/cat.4084.jpg,1,1,3.9312183e-16,1.0
/data/Zeyu/Pooling/cat_dog_data/test_set/test_set/cats/cat.4085.jpg,1,1,1.5182086e-13,1.0
/data/Zeyu/Pooling/cat_dog_data/test_set/test_set/cats/cat.4086.jpg,1,1,8.134392e-09,1.0
/data/Zeyu/Pooling/cat_dog_data/test_set/test_set/cats/cat.4087.jpg,1,1,2.6394683e-22,1.0
/data/Zeyu/Pooling/cat_dog_data/test_set/test_set/cats/cat.4088.jpg,1,1,1.0029513e-07,0.9999999
/data/Zeyu/Pooling/cat_dog_data/test_set/test_set/cats/cat.4089.jpg,1,1,0.0003518243,0.9996482
/data/Zeyu/Pooling/cat_dog_data/test_set/test_set/cats/cat.4090.jpg,1,1,1.8135068e-19,1.0
/data/Zeyu/Pooling/cat_dog_data/test_set/test_set/cats/cat.4091.jpg,1,1,1.5996842e-16,1.0
/data/Zeyu/Pooling/cat_dog_data/test_set/test_set/cats/cat.4092.jpg,1,1,2.3811092e-06,0.9999976
/data/Zeyu/Pooling/cat_dog_data/test_set/test_set/cats/cat.4093.jpg,1,1,4.3728947e-16,1.0
/data/Zeyu/Pooling/cat_dog_data/test_set/test_set/cats/cat.4094.jpg,1,1,5.402359e-16,1.0
/data/Zeyu/Pooling/cat_dog_data/test_set/test_set/cats/cat.4095.jpg,1,1,1.3763337e-12,1.0
/data/Zeyu/Pooling/cat_dog_data/test_set/test_set/cats/cat.4096.jpg,1,1,1.368783e-13,1.0
/data/Zeyu/Pooling/cat_dog_data/test_set/test_set/cats/cat.4097.jpg,1,1,0.0065932125,0.9934068
/data/Zeyu/Pooling/cat_dog_data/test_set/test_set/cats/cat.4098.jpg,1,1,5.4382035e-08,1.0
/data/Zeyu/Pooling/cat_dog_data/test_set/test_set/cats/cat.4099.jpg,1,1,0.0023263863,0.9976736
/data/Zeyu/Pooling/cat_dog_data/test_set/test_set/cats/cat.4100.jpg,1,1,0.0009976821,0.9990023
/data/Zeyu/Pooling/cat_dog_data/test_set/test_set/cats/cat.4101.jpg,1,1,2.9904343e-06,0.999997
/data/Zeyu/Pooling/cat_dog_data/test_set/test_set/cats/cat.4102.jpg,1,0,0.7474687,0.25253126
/data/Zeyu/Pooling/cat_dog_data/test_set/test_set/cats/cat.4103.jpg,1,1,0.00087278616,0.9991272
/data/Zeyu/Pooling/cat_dog_data/test_set/test_set/cats/cat.4104.jpg,1,1,4.7537207e-11,1.0
/data/Zeyu/Pooling/cat_dog_data/test_set/test_set/cats/cat.4105.jpg,1,1,6.071076e-06,0.9999939
/data/Zeyu/Pooling/cat_dog_data/test_set/test_set/cats/cat.4106.jpg,1,1,2.6176963e-06,0.9999974
/data/Zeyu/Pooling/cat_dog_data/test_set/test_set/cats/cat.4107.jpg,1,1,6.5093595e-08,0.9999999
/data/Zeyu/Pooling/cat_dog_data/test_set/test_set/cats/cat.4108.jpg,1,1,8.227381e-11,1.0
/data/Zeyu/Pooling/cat_dog_data/test_set/test_set/cats/cat.4109.jpg,1,1,6.4176076e-18,1.0
/data/Zeyu/Pooling/cat_dog_data/test_set/test_set/cats/cat.4110.jpg,1,1,3.1997962e-09,1.0
/data/Zeyu/Pooling/cat_dog_data/test_set/test_set/cats/cat.4111.jpg,1,1,7.225402e-17,1.0
/data/Zeyu/Pooling/cat_dog_data/test_set/test_set/cats/cat.4112.jpg,1,1,5.157106e-06,0.9999949
/data/Zeyu/Pooling/cat_dog_data/test_set/test_set/cats/cat.4113.jpg,1,1,2.356e-09,1.0
/data/Zeyu/Pooling/cat_dog_data/test_set/test_set/cats/cat.4114.jpg,1,1,0.00037261314,0.99962735
/data/Zeyu/Pooling/cat_dog_data/test_set/test_set/cats/cat.4115.jpg,1,0,0.9993937,0.0006062591
/data/Zeyu/Pooling/cat_dog_data/test_set/test_set/cats/cat.4116.jpg,1,1,3.8958202e-17,1.0
/data/Zeyu/Pooling/cat_dog_data/test_set/test_set/cats/cat.4117.jpg,1,1,1.5770171e-09,1.0
/data/Zeyu/Pooling/cat_dog_data/test_set/test_set/cats/cat.4118.jpg,1,1,6.2330624e-16,1.0
/data/Zeyu/Pooling/cat_dog_data/test_set/test_set/cats/cat.4119.jpg,1,1,8.711842e-17,1.0
/data/Zeyu/Pooling/cat_dog_data/test_set/test_set/cats/cat.4120.jpg,1,1,1.830087e-05,0.99998164
/data/Zeyu/Pooling/cat_dog_data/test_set/test_set/cats/cat.4121.jpg,1,1,5.834524e-06,0.99999416
/data/Zeyu/Pooling/cat_dog_data/test_set/test_set/cats/cat.4122.jpg,1,1,1.4037328e-21,1.0
/data/Zeyu/Pooling/cat_dog_data/test_set/test_set/cats/cat.4123.jpg,1,1,3.0632506e-05,0.99996936
/data/Zeyu/Pooling/cat_dog_data/test_set/test_set/cats/cat.4124.jpg,1,0,0.9467329,0.053267147
/data/Zeyu/Pooling/cat_dog_data/test_set/test_set/cats/cat.4125.jpg,1,1,1.289572e-05,0.9999871
/data/Zeyu/Pooling/cat_dog_data/test_set/test_set/cats/cat.4126.jpg,1,1,7.012429e-05,0.9999299
/data/Zeyu/Pooling/cat_dog_data/test_set/test_set/cats/cat.4127.jpg,1,1,1.1072699e-09,1.0
/data/Zeyu/Pooling/cat_dog_data/test_set/test_set/cats/cat.4128.jpg,1,1,7.02576e-18,1.0
/data/Zeyu/Pooling/cat_dog_data/test_set/test_set/cats/cat.4001.jpg,1,1,1.0498026e-13,1.0
/data/Zeyu/Pooling/cat_dog_data/test_set/test_set/cats/cat.4002.jpg,1,1,4.9757815e-10,1.0
/data/Zeyu/Pooling/cat_dog_data/test_set/test_set/cats/cat.4003.jpg,1,1,3.4757275e-15,1.0
/data/Zeyu/Pooling/cat_dog_data/test_set/test_set/cats/cat.4004.jpg,1,1,4.649505e-18,1.0
/data/Zeyu/Pooling/cat_dog_data/test_set/test_set/cats/cat.4005.jpg,1,1,4.5541054e-23,1.0
/data/Zeyu/Pooling/cat_dog_data/test_set/test_set/cats/cat.4006.jpg,1,1,1.3140395e-06,0.9999987
/data/Zeyu/Pooling/cat_dog_data/test_set/test_set/cats/cat.4007.jpg,1,1,2.6978013e-08,1.0
/data/Zeyu/Pooling/cat_dog_data/test_set/test_set/cats/cat.4008.jpg,1,1,4.3860982e-10,1.0
/data/Zeyu/Pooling/cat_dog_data/test_set/test_set/cats/cat.4009.jpg,1,1,5.2298494e-19,1.0
/data/Zeyu/Pooling/cat_dog_data/test_set/test_set/cats/cat.4010.jpg,1,1,4.9277808e-11,1.0
/data/Zeyu/Pooling/cat_dog_data/test_set/test_set/cats/cat.4011.jpg,1,1,7.1841373e-06,0.99999285
/data/Zeyu/Pooling/cat_dog_data/test_set/test_set/cats/cat.4012.jpg,1,1,0.015622523,0.9843775
/data/Zeyu/Pooling/cat_dog_data/test_set/test_set/cats/cat.4013.jpg,1,1,4.6570407e-14,1.0
/data/Zeyu/Pooling/cat_dog_data/test_set/test_set/cats/cat.4014.jpg,1,1,2.2174813e-14,1.0
/data/Zeyu/Pooling/cat_dog_data/test_set/test_set/cats/cat.4015.jpg,1,1,5.0603677e-11,1.0
/data/Zeyu/Pooling/cat_dog_data/test_set/test_set/cats/cat.4016.jpg,1,1,2.7783796e-11,1.0
/data/Zeyu/Pooling/cat_dog_data/test_set/test_set/cats/cat.4017.jpg,1,1,3.625816e-13,1.0
/data/Zeyu/Pooling/cat_dog_data/test_set/test_set/cats/cat.4018.jpg,1,1,3.8416595e-13,1.0
/data/Zeyu/Pooling/cat_dog_data/test_set/test_set/cats/cat.4019.jpg,1,1,1.5800895e-11,1.0
/data/Zeyu/Pooling/cat_dog_data/test_set/test_set/cats/cat.4020.jpg,1,1,1.926512e-06,0.9999981
/data/Zeyu/Pooling/cat_dog_data/test_set/test_set/cats/cat.4021.jpg,1,1,5.0128002e-17,1.0
/data/Zeyu/Pooling/cat_dog_data/test_set/test_set/cats/cat.4022.jpg,1,1,4.5268084e-08,1.0
/data/Zeyu/Pooling/cat_dog_data/test_set/test_set/cats/cat.4023.jpg,1,1,1.2223971e-14,1.0
/data/Zeyu/Pooling/cat_dog_data/test_set/test_set/cats/cat.4024.jpg,1,1,1.9123273e-19,1.0
/data/Zeyu/Pooling/cat_dog_data/test_set/test_set/cats/cat.4025.jpg,1,1,2.172976e-20,1.0
/data/Zeyu/Pooling/cat_dog_data/test_set/test_set/cats/cat.4026.jpg,1,1,4.4925596e-22,1.0
/data/Zeyu/Pooling/cat_dog_data/test_set/test_set/cats/cat.4027.jpg,1,1,1.8344256e-06,0.9999982
/data/Zeyu/Pooling/cat_dog_data/test_set/test_set/cats/cat.4028.jpg,1,1,6.062509e-07,0.9999994
/data/Zeyu/Pooling/cat_dog_data/test_set/test_set/cats/cat.4029.jpg,1,1,2.386962e-16,1.0
/data/Zeyu/Pooling/cat_dog_data/test_set/test_set/cats/cat.4030.jpg,1,1,0.14110307,0.858897
/data/Zeyu/Pooling/cat_dog_data/test_set/test_set/cats/cat.4031.jpg,1,1,2.6342847e-17,1.0
/data/Zeyu/Pooling/cat_dog_data/test_set/test_set/cats/cat.4032.jpg,1,1,3.022585e-17,1.0
/data/Zeyu/Pooling/cat_dog_data/test_set/test_set/cats/cat.4033.jpg,1,1,3.1092928e-05,0.9999689
/data/Zeyu/Pooling/cat_dog_data/test_set/test_set/cats/cat.4034.jpg,1,1,5.9582666e-13,1.0
/data/Zeyu/Pooling/cat_dog_data/test_set/test_set/cats/cat.4035.jpg,1,1,7.3689405e-12,1.0
/data/Zeyu/Pooling/cat_dog_data/test_set/test_set/cats/cat.4036.jpg,1,1,1.0375029e-09,1.0
/data/Zeyu/Pooling/cat_dog_data/test_set/test_set/cats/cat.4037.jpg,1,1,6.8127164e-11,1.0
/data/Zeyu/Pooling/cat_dog_data/test_set/test_set/cats/cat.4038.jpg,1,1,2.5001662e-11,1.0
/data/Zeyu/Pooling/cat_dog_data/test_set/test_set/cats/cat.4039.jpg,1,1,4.2403282e-16,1.0
/data/Zeyu/Pooling/cat_dog_data/test_set/test_set/cats/cat.4040.jpg,1,1,1.5736397e-09,1.0
/data/Zeyu/Pooling/cat_dog_data/test_set/test_set/cats/cat.4041.jpg,1,1,5.048562e-13,1.0
/data/Zeyu/Pooling/cat_dog_data/test_set/test_set/cats/cat.4042.jpg,1,1,9.103502e-17,1.0
/data/Zeyu/Pooling/cat_dog_data/test_set/test_set/cats/cat.4043.jpg,1,1,3.2592457e-11,1.0
/data/Zeyu/Pooling/cat_dog_data/test_set/test_set/cats/cat.4044.jpg,1,1,4.2598524e-14,1.0
/data/Zeyu/Pooling/cat_dog_data/test_set/test_set/cats/cat.4045.jpg,1,1,3.993496e-10,1.0
/data/Zeyu/Pooling/cat_dog_data/test_set/test_set/cats/cat.4046.jpg,1,1,1.5224872e-15,1.0
/data/Zeyu/Pooling/cat_dog_data/test_set/test_set/cats/cat.4047.jpg,1,1,5.2939053e-05,0.9999471
/data/Zeyu/Pooling/cat_dog_data/test_set/test_set/cats/cat.4048.jpg,1,1,4.8943094e-16,1.0
/data/Zeyu/Pooling/cat_dog_data/test_set/test_set/cats/cat.4049.jpg,1,1,1.843759e-12,1.0
/data/Zeyu/Pooling/cat_dog_data/test_set/test_set/cats/cat.4050.jpg,1,1,1.8441884e-08,1.0
/data/Zeyu/Pooling/cat_dog_data/test_set/test_set/cats/cat.4051.jpg,1,1,1.490573e-11,1.0
/data/Zeyu/Pooling/cat_dog_data/test_set/test_set/cats/cat.4052.jpg,1,1,1.7274211e-10,1.0
/data/Zeyu/Pooling/cat_dog_data/test_set/test_set/cats/cat.4053.jpg,1,1,3.062714e-14,1.0
/data/Zeyu/Pooling/cat_dog_data/test_set/test_set/cats/cat.4054.jpg,1,1,9.322906e-13,1.0
/data/Zeyu/Pooling/cat_dog_data/test_set/test_set/cats/cat.4055.jpg,1,1,9.065911e-11,1.0
/data/Zeyu/Pooling/cat_dog_data/test_set/test_set/cats/cat.4056.jpg,1,1,3.1116384e-18,1.0
/data/Zeyu/Pooling/cat_dog_data/test_set/test_set/cats/cat.4057.jpg,1,1,2.9936355e-12,1.0
/data/Zeyu/Pooling/cat_dog_data/test_set/test_set/cats/cat.4058.jpg,1,1,1.7745305e-15,1.0
/data/Zeyu/Pooling/cat_dog_data/test_set/test_set/cats/cat.4059.jpg,1,1,6.288488e-05,0.99993706
/data/Zeyu/Pooling/cat_dog_data/test_set/test_set/cats/cat.4060.jpg,1,1,0.00015005973,0.9998499
/data/Zeyu/Pooling/cat_dog_data/test_set/test_set/cats/cat.4061.jpg,1,1,7.752088e-15,1.0
/data/Zeyu/Pooling/cat_dog_data/test_set/test_set/cats/cat.4062.jpg,1,1,6.399217e-05,0.999936
/data/Zeyu/Pooling/cat_dog_data/test_set/test_set/cats/cat.4063.jpg,1,1,1.5036113e-18,1.0
/data/Zeyu/Pooling/cat_dog_data/test_set/test_set/cats/cat.4064.jpg,1,1,1.7031107e-13,1.0
/data/Zeyu/Pooling/cat_dog_data/test_set/test_set/cats/cat.4065.jpg,1,1,1.0281118e-10,1.0
/data/Zeyu/Pooling/cat_dog_data/test_set/test_set/cats/cat.4066.jpg,1,1,8.16805e-17,1.0
/data/Zeyu/Pooling/cat_dog_data/test_set/test_set/cats/cat.4067.jpg,1,1,6.2004146e-10,1.0
/data/Zeyu/Pooling/cat_dog_data/test_set/test_set/cats/cat.4068.jpg,1,1,2.766585e-20,1.0
/data/Zeyu/Pooling/cat_dog_data/test_set/test_set/cats/cat.4069.jpg,1,1,2.488331e-10,1.0
/data/Zeyu/Pooling/cat_dog_data/test_set/test_set/cats/cat.4070.jpg,1,1,1.040582e-14,1.0
/data/Zeyu/Pooling/cat_dog_data/test_set/test_set/cats/cat.4071.jpg,1,1,4.804685e-15,1.0
/data/Zeyu/Pooling/cat_dog_data/test_set/test_set/cats/cat.4072.jpg,1,1,1.1165232e-06,0.9999989
/data/Zeyu/Pooling/cat_dog_data/test_set/test_set/cats/cat.4073.jpg,1,1,5.5389193e-23,1.0
/data/Zeyu/Pooling/cat_dog_data/test_set/test_set/cats/cat.4074.jpg,1,1,3.3505773e-16,1.0
/data/Zeyu/Pooling/cat_dog_data/test_set/test_set/cats/cat.4075.jpg,1,1,5.928812e-14,1.0
/data/Zeyu/Pooling/cat_dog_data/test_set/test_set/cats/cat.4076.jpg,1,1,2.1457972e-16,1.0
/data/Zeyu/Pooling/cat_dog_data/test_set/test_set/cats/cat.4077.jpg,1,1,5.2126546e-14,1.0
/data/Zeyu/Pooling/cat_dog_data/test_set/test_set/cats/cat.4078.jpg,1,1,1.5687135e-16,1.0
/data/Zeyu/Pooling/cat_dog_data/test_set/test_set/cats/cat.4079.jpg,1,1,1.1232811e-09,1.0
/data/Zeyu/Pooling/cat_dog_data/test_set/test_set/cats/cat.4080.jpg,1,1,1.168466e-10,1.0
/data/Zeyu/Pooling/cat_dog_data/test_set/test_set/cats/cat.4081.jpg,1,1,1.8483265e-15,1.0
/data/Zeyu/Pooling/cat_dog_data/test_set/test_set/cats/cat.4082.jpg,1,1,2.8636058e-16,1.0
/data/Zeyu/Pooling/cat_dog_data/test_set/test_set/cats/cat.4083.jpg,1,1,5.779556e-13,1.0
/data/Zeyu/Pooling/cat_dog_data/test_set/test_set/cats/cat.4084.jpg,1,1,1.5894552e-13,1.0
/data/Zeyu/Pooling/cat_dog_data/test_set/test_set/cats/cat.4085.jpg,1,1,1.7602255e-05,0.99998236
/data/Zeyu/Pooling/cat_dog_data/test_set/test_set/cats/cat.4086.jpg,1,1,4.219167e-12,1.0
/data/Zeyu/Pooling/cat_dog_data/test_set/test_set/cats/cat.4087.jpg,1,1,0.022970146,0.9770298
/data/Zeyu/Pooling/cat_dog_data/test_set/test_set/cats/cat.4088.jpg,1,1,1.8661418e-18,1.0
/data/Zeyu/Pooling/cat_dog_data/test_set/test_set/cats/cat.4089.jpg,1,1,2.5772913e-08,1.0
/data/Zeyu/Pooling/cat_dog_data/test_set/test_set/cats/cat.4090.jpg,1,1,8.276633e-05,0.99991727
/data/Zeyu/Pooling/cat_dog_data/test_set/test_set/cats/cat.4091.jpg,1,0,0.75338215,0.24661787
/data/Zeyu/Pooling/cat_dog_data/test_set/test_set/cats/cat.4092.jpg,1,1,1.8758421e-06,0.9999981
/data/Zeyu/Pooling/cat_dog_data/test_set/test_set/cats/cat.4093.jpg,1,1,1.0013438e-11,1.0
/data/Zeyu/Pooling/cat_dog_data/test_set/test_set/cats/cat.4094.jpg,1,1,6.290195e-17,1.0
/data/Zeyu/Pooling/cat_dog_data/test_set/test_set/cats/cat.4095.jpg,1,1,8.459885e-12,1.0
/data/Zeyu/Pooling/cat_dog_data/test_set/test_set/cats/cat.4096.jpg,1,1,0.0024813407,0.99751866
/data/Zeyu/Pooling/cat_dog_data/test_set/test_set/cats/cat.4097.jpg,1,1,9.585789e-09,1.0
/data/Zeyu/Pooling/cat_dog_data/test_set/test_set/cats/cat.4098.jpg,1,1,0.00012432644,0.99987566
/data/Zeyu/Pooling/cat_dog_data/test_set/test_set/cats/cat.4099.jpg,1,1,1.5838728e-08,1.0
/data/Zeyu/Pooling/cat_dog_data/test_set/test_set/cats/cat.4100.jpg,1,1,3.1822143e-08,1.0
/data/Zeyu/Pooling/cat_dog_data/test_set/test_set/cats/cat.4101.jpg,1,0,0.99942195,0.00057804846
/data/Zeyu/Pooling/cat_dog_data/test_set/test_set/cats/cat.4102.jpg,1,1,4.5182552e-10,1.0
/data/Zeyu/Pooling/cat_dog_data/test_set/test_set/cats/cat.4103.jpg,1,1,8.711871e-18,1.0
